Fine_ID,Member_Name,Email,Book_Title,Category_Name,Fine_Amount,Fine_Status,Fine_Type,Payment_Date,Due_Date,Return_Date
1300,Michael Turner,joshuamccann@example.net,Light: A Chronicle,History,788.5,Paid,Overdue,2026-02-25,2022-01-15,
1283,John Wise,cwright@example.org,Star Explained,Science,788.0,Paid,Overdue,2026-02-25,2022-01-16,
1195,Dana Cox,stephaniethomas@example.net,Shadow and Meaning,Philosophy,787.0,Paid,Overdue,2026-05-01,2022-01-18,
637,Lori Davis,marybrown@example.org,Finding Karla Willis,Biography,786.5,Paid,Overdue,2026-02-15,2022-01-19,
693,Kevin Hardy,angela03@example.net,The Rise of Light,History,781.0,Waived,Overdue,,2022-01-30,
1313,Laura Martin,williamsleslie@example.org,Little Star,Children,781.0,Waived,Overdue,,2022-01-30,
392,John Dawson,kathleenlowe@example.com,Path and Meaning,Philosophy,780.5,Waived,Overdue,,2022-01-31,
627,Deborah Dawson,jennifermartinez@example.org,Lost Dream,History,779.0,Unpaid,Overdue,,2022-02-03,
1147,Gary Richardson,brooksdanielle@example.net,Thinking About Shadow,Philosophy,776.5,Paid,Overdue,2026-03-29,2022-02-08,
79,Dylan Becker,armstrongjackie@example.org,Principles of River,Science,775.5,Paid,Overdue,2026-02-26,2022-02-10,
794,Kimberly Bryant,wolfesteve@example.net,Little Star,Children,773.5,Paid,Overdue,2026-03-15,2022-02-14,
296,Paula Dominguez,kenneth17@example.com,Mountain Every Day,Self-Help,766.0,Paid,Overdue,2026-05-07,2022-03-01,
1138,Rachel Greene,davisdonna@example.net,Master Your Storm,Self-Help,765.0,Paid,Overdue,2026-03-29,2022-03-03,
1106,Jose Williams,fryraymond@example.com,The History of Dream,History,763.0,Unpaid,Overdue,,2022-03-07,
756,Brandi Bender,icraig@example.com,Thinking About Storm,Philosophy,761.5,Unpaid,Overdue,,2022-03-10,
1080,Kiara Mullins,darlenebyrd@example.org,When Ocean Falls,Fiction,760.5,Paid,Overdue,2026-03-02,2022-03-12,
397,Melissa Estrada,mark10@example.org,Missing Shadow,Mystery,760.0,Unpaid,Overdue,,2022-03-13,
777,Joyce Malone,lori82@example.org,The River Handbook,Technology,758.5,Paid,Overdue,2026-03-03,2022-03-16,
1310,Linda Jarvis,djones@example.com,Dream Explained,Science,756.5,Paid,Overdue,2026-03-01,2022-03-20,
718,Joshua Evans,wardsheryl@example.net,The Science of Fire,Science,751.0,Waived,Overdue,,2022-03-31,
905,Johnathan Gilbert,michaela01@example.net,Modern Storm,Technology,751.0,Paid,Overdue,2026-02-21,2022-03-31,
1056,Thomas Carlson,kelli32@example.com,The Last Ocean,Fiction,750.5,Waived,Overdue,,2022-04-01,
1299,Karen Evans,colemichael@example.org,Murder at Stonehaven,Mystery,749.0,Unpaid,Overdue,,2022-04-04,
1172,Rebecca Martin,ugarrett@example.net,Becoming Ancient,Self-Help,748.5,Unpaid,Overdue,,2022-04-05,
227,Janet Williams,kendragalloway@example.org,The Dream Strategy,Business,747.5,Unpaid,Overdue,,2022-04-07,
1229,Tracy Griffin,wmatthews@example.com,Master Your River,Self-Help,745.0,Paid,Overdue,2026-05-08,2022-04-12,
343,Deborah Parker,william77@example.org,Mastering Star,Technology,743.5,Paid,Overdue,2026-05-06,2022-04-15,
411,Luis Acosta,millerangela@example.net,Mountain Explained,Science,742.0,Paid,Overdue,2026-04-24,2022-04-18,
528,Rebecca Martin,ugarrett@example.net,Little Shadow,Children,742.0,Paid,Overdue,2026-03-05,2022-04-18,
723,Sandra Romero,michellehill@example.com,Thinking About Storm,Philosophy,740.0,Unpaid,Overdue,,2022-04-22,
1290,Susan Hall,lsoto@example.net,A Story of River,Fiction,736.0,Paid,Overdue,2026-02-28,2022-04-30,
765,Dylan Jackson,zacharysullivan@example.net,When Dream Falls,Fiction,732.0,Unpaid,Overdue,,2022-05-08,
989,Janet Williams,kendragalloway@example.org,My First Mountain,Children,732.0,Paid,Overdue,2026-02-23,2022-05-08,
18,Diana Mitchell,bautistalori@example.net,The Secret Secret,Mystery,730.0,Unpaid,Overdue,,2022-05-12,
540,Andrea Stephens,jvaldez@example.com,Mastering Mountain,Technology,728.5,Paid,Overdue,2026-02-12,2022-05-15,
1003,Tracey Wilson,jonathanfletcher@example.org,Modern Storm,Technology,727.0,Unpaid,Overdue,,2022-05-18,
1078,Jeffrey Morgan,briannasmith@example.net,The Life of John Wang,Biography,726.5,Unpaid,Overdue,,2022-05-19,
676,Robert Silva,sarah35@example.org,Lost Dream,History,725.0,Unpaid,Overdue,,2022-05-22,
480,Janet Williams,kendragalloway@example.org,Missing Mountain,Mystery,723.0,Unpaid,Overdue,,2022-05-26,
1081,John Wise,cwright@example.org,Yolanda Mccoy: A Memoir,Biography,717.5,Unpaid,Overdue,,2022-06-06,
1044,Jeremiah Peterson,fsandoval@example.net,Becoming Ancient,Self-Help,716.5,Unpaid,Overdue,,2022-06-08,
438,Yolanda Smith,evan79@example.net,The Last Dream,Fiction,712.5,Unpaid,Overdue,,2022-06-16,
157,Daisy Smith,donnachavez@example.com,The Philosophy of River,Philosophy,708.5,Unpaid,Overdue,,2022-06-24,
661,Omar Padilla,charles06@example.org,Shadow Explained,Science,708.0,Unpaid,Overdue,,2022-06-25,
505,Danielle White,ryanbartlett@example.org,Becoming Secret,Self-Help,707.0,Unpaid,Overdue,,2022-06-27,
567,Riley Morgan,mccormickdeborah@example.org,The Case of the Silent Fire,Mystery,703.5,Unpaid,Overdue,,2022-07-04,
294,Kevin Hardy,angela03@example.net,Murder at Millbrook,Mystery,702.0,Unpaid,Overdue,,2022-07-07,
810,Christopher Jordan,fgarcia@example.com,Finding Autumn Gallagher,Biography,701.0,Unpaid,Overdue,,2022-07-09,
843,Gary Richardson,brooksdanielle@example.net,The Science of Dream,Science,700.0,Paid,Overdue,2026-02-22,2022-07-11,
328,Kevin Hardy,angela03@example.net,The History of Storm,History,697.5,Paid,Overdue,2026-05-06,2022-07-16,
1005,Yolanda Smith,evan79@example.net,Mastering Fire,Technology,694.5,Paid,Overdue,2026-03-26,2022-07-22,
1014,Brandon Kim,acosta@example.com,Little Shadow,Children,693.5,Unpaid,Overdue,,2022-07-24,
665,John Wise,cwright@example.org,My First Mountain,Children,689.0,Unpaid,Overdue,,2022-08-02,
1087,Brian Simmons,janetvance@example.net,The Last Dream,Fiction,687.5,Paid,Overdue,2026-04-15,2022-08-05,
323,Jose Williams,fryraymond@example.com,Leading with Ocean,Business,686.0,Paid,Overdue,2026-04-05,2022-08-08,
779,Wendy Sanders,vlopez@example.com,The Rise of Star,History,681.0,Waived,Overdue,,2022-08-18,
1291,Susan Hall,lsoto@example.net,A Story of Mountain,Fiction,679.5,Unpaid,Overdue,,2022-08-21,
590,Kimberly Bryant,wolfesteve@example.net,Thinking About Light,Philosophy,677.5,Paid,Overdue,2026-04-14,2022-08-25,
168,Amy Lopez,kfoster@example.net,Principles of Dream,Science,676.5,Paid,Overdue,2026-04-16,2022-08-27,
626,Peter Gamble,whitelucas@example.net,When Ocean Falls,Fiction,676.0,Paid,Overdue,2026-05-06,2022-08-28,
981,Adam Macias,emartin@example.net,Nicolas Brown: A Memoir,Biography,674.5,Waived,Overdue,,2022-08-31,
854,Edward Cuevas,agarcia@example.org,The Science of Mountain,Science,673.5,Paid,Overdue,2026-03-21,2022-09-02,
1025,Jesus Baker,ronaldstephens@example.net,The Case of the Hidden Shadow,Mystery,673.5,Waived,Overdue,,2022-09-02,
647,Erica Dillon,chelsea33@example.com,My First Shadow,Children,668.5,Unpaid,Overdue,,2022-09-12,
704,Kayla Griffin,davidanderson@example.org,Principles of River,Science,668.5,Unpaid,Overdue,,2022-09-12,
1083,Lisa Evans,mcmillandennis@example.org,Understanding Ocean,Science,665.5,Unpaid,Overdue,,2022-09-18,
1190,Sabrina Weaver,warrenmary@example.org,Mastering Dream,Technology,665.5,Paid,Overdue,2026-03-26,2022-09-18,
245,Riley Morgan,mccormickdeborah@example.org,On Light,Philosophy,664.5,Unpaid,Overdue,,2022-09-20,
927,Brandi Bender,icraig@example.com,Murder at Stonehaven,Mystery,664.5,Unpaid,Overdue,,2022-09-20,
525,Cody Simmons,nicholas27@example.org,In the Words of Christine Crawford,Biography,663.0,Paid,Overdue,2026-05-06,2022-09-23,
270,James Cruz,fortiz@example.com,When Fire Falls,Fiction,655.5,Unpaid,Overdue,,2022-10-08,
1134,Jose Williams,fryraymond@example.com,The Star Handbook,Technology,655.0,Paid,Overdue,2026-04-28,2022-10-09,
867,Peter Gamble,whitelucas@example.net,The Power of Shadow,Self-Help,654.5,Paid,Overdue,2026-04-13,2022-10-10,
340,Luis Acosta,millerangela@example.net,The Last River,Fiction,653.5,Paid,Overdue,2026-05-05,2022-10-12,
809,Brandon Kim,acosta@example.com,Dream Goes to School,Children,653.5,Paid,Overdue,2026-02-20,2022-10-12,
1126,Brenda Smith,barbara27@example.net,Dream Explained,Science,650.0,Paid,Overdue,2026-04-21,2022-10-19,
388,Jonathan Reyes,ericahall@example.com,In the Words of Ariana Wallace,Biography,647.5,Paid,Overdue,2026-05-06,2022-10-24,
256,Brian Hayes,kathleenjackson@example.org,The Life of Steven Hicks,Biography,646.0,Waived,Overdue,,2022-10-27,
1238,Dana Cox,stephaniethomas@example.net,The Star Strategy,Business,646.0,Unpaid,Overdue,,2022-10-27,
152,Steven Frye,daniellemcfarland@example.com,The Power of River,Self-Help,644.0,Unpaid,Overdue,,2022-10-31,
767,Melissa Estrada,mark10@example.org,The Philosophy of Dream,Philosophy,643.5,Unpaid,Overdue,,2022-11-01,
1226,Stacy Holloway,batesdarlene@example.net,The Last Dream,Fiction,640.0,Unpaid,Overdue,,2022-11-08,
273,Travis Brown,jenniferdavis@example.org,Thinking About Storm,Philosophy,639.5,Paid,Overdue,2026-04-12,2022-11-09,
572,Jose Williams,fryraymond@example.com,In the Words of Daniel Howell,Biography,639.0,Unpaid,Overdue,,2022-11-10,
97,Catherine Morris,nramos@example.net,My First Path,Children,637.5,Unpaid,Overdue,,2022-11-13,
742,Johnathan Gilbert,michaela01@example.net,Modern Mountain,Technology,637.5,Unpaid,Overdue,,2022-11-13,
409,James Stewart,kerrmichael@example.org,Understanding River,Science,636.0,Unpaid,Overdue,,2022-11-16,
635,Ann Shea,johnadams@example.com,The Storm Handbook,Technology,635.0,Paid,Overdue,2026-03-23,2022-11-18,
996,Laura Hansen,butlersabrina@example.org,My First Ocean,Children,633.5,Paid,Overdue,2026-03-10,2022-11-21,
1177,Ann Rodriguez,amydavenport@example.net,The Philosophy of Fire,Philosophy,632.5,Unpaid,Overdue,,2022-11-23,
472,Robert Silva,sarah35@example.org,Shadow and Meaning,Philosophy,631.5,Paid,Overdue,2026-04-26,2022-11-25,
749,Adam Macias,emartin@example.net,Fire in Business,Business,630.0,Unpaid,Overdue,,2022-11-28,
1206,Morgan Alexander,jsmith@example.com,The Last Dream,Fiction,629.5,Paid,Overdue,2026-05-04,2022-11-29,
1263,Matthew Miranda,jeremytaylor@example.org,The Dream Strategy,Business,629.0,Paid,Overdue,2026-03-01,2022-11-30,
1123,Cindy Jimenez,nwolf@example.com,A Story of Mountain,Fiction,625.0,Paid,Overdue,2026-05-05,2022-12-08,
1182,Andrew Willis,kimmathis@example.com,Lost Storm,History,625.0,Unpaid,Overdue,,2022-12-08,
1326,Daisy Smith,donnachavez@example.com,On Path,Philosophy,623.0,Paid,Overdue,2026-05-10,2022-12-12,
122,Jose Williams,fryraymond@example.com,Becoming Ancient,Self-Help,622.5,Unpaid,Overdue,,2022-12-13,
370,Brian Hayes,kathleenjackson@example.org,The Philosophy of Dream,Philosophy,618.5,Unpaid,Overdue,,2022-12-21,
96,James West,dwhite@example.org,Finding John Lucero,Biography,615.5,Unpaid,Overdue,,2022-12-27,
330,Omar Padilla,charles06@example.org,The Case of the Lost Storm,Mystery,614.5,Paid,Overdue,2026-04-08,2022-12-29,
697,Ann Shea,johnadams@example.com,Missing Mountain,Mystery,614.0,Paid,Overdue,2026-04-26,2022-12-30,
275,Angela Gonzales,andersonkylie@example.net,Murder at Millbrook,Mystery,613.0,Paid,Overdue,2026-05-05,2023-01-01,
379,Deborah Parker,william77@example.org,The Shadow Strategy,Business,610.0,Unpaid,Overdue,,2023-01-07,
1142,Dylan Jackson,zacharysullivan@example.net,In the Words of Jason Mercer,Biography,608.5,Waived,Overdue,,2023-01-10,
902,Dana Cox,stephaniethomas@example.net,Becoming Secret,Self-Help,607.5,Paid,Overdue,2026-03-05,2023-01-12,
542,Erica Dillon,chelsea33@example.com,Ocean and Meaning,Philosophy,605.5,Unpaid,Overdue,,2023-01-16,
135,Kayla Griffin,davidanderson@example.org,Missing Shadow,Mystery,604.5,Paid,Overdue,2026-03-11,2023-01-18,
829,Mario Mcdonald,caseymoore@example.com,Shadow: A Chronicle,History,604.5,Unpaid,Overdue,,2023-01-18,
348,Jesus Baker,ronaldstephens@example.net,The Power of Fire,Self-Help,604.0,Unpaid,Overdue,,2023-01-19,
560,John Davis,sonia96@example.org,The Light Strategy,Business,603.5,Unpaid,Overdue,,2023-01-20,
1241,Christopher Fry,debra96@example.net,The Power of Dream,Self-Help,601.5,Paid,Overdue,2026-04-23,2023-01-24,
112,Alexander Benson,torresthomas@example.com,Mountain Every Day,Self-Help,600.5,Paid,Overdue,2026-02-19,2023-01-26,
678,Jessica Hansen,michael43@example.net,The Philosophy of River,Philosophy,600.5,Paid,Overdue,2026-03-14,2023-01-26,
766,Susan Hall,lsoto@example.net,Principles of Path,Science,600.5,Unpaid,Overdue,,2023-01-26,
909,Kevin Hardy,angela03@example.net,On Storm,Philosophy,597.0,Paid,Overdue,2026-04-30,2023-02-02,
237,Linda Wolfe,warnermichael@example.net,Finding Autumn Gallagher,Biography,596.0,Paid,Overdue,2026-04-21,2023-02-04,
599,Adam Macias,emartin@example.net,The Hidden Secret,Mystery,595.5,Unpaid,Overdue,,2023-02-05,
457,Valerie Jones,adavis@example.net,Lost Dream,History,595.0,Unpaid,Overdue,,2023-02-06,
433,Sarah Gibson,dbrooks@example.net,The Power of Storm,Self-Help,592.5,Paid,Overdue,2026-03-21,2023-02-11,
1030,Catherine Hamilton,garciajamie@example.org,The Storm Handbook,Technology,586.0,Paid,Overdue,2026-03-20,2023-02-24,
914,Paula Dominguez,kenneth17@example.com,The Last Dream,Fiction,585.5,Unpaid,Overdue,,2023-02-25,
1167,John Dawson,kathleenlowe@example.com,Thinking About Fire,Philosophy,584.0,Paid,Overdue,2026-03-28,2023-02-28,
147,Andrew Willis,kimmathis@example.com,The Case of the Ancient Light,Mystery,582.0,Paid,Overdue,2026-03-21,2023-03-04,
32,Sabrina Weaver,warrenmary@example.org,Missing River,Mystery,581.0,Unpaid,Overdue,,2023-03-06,
801,James White,yorksarah@example.net,The Storm Handbook,Technology,580.5,Paid,Overdue,2026-03-03,2023-03-07,
1098,Wendy Allen,ibrown@example.net,The Last Ocean,Fiction,579.0,Unpaid,Overdue,,2023-03-10,
1116,Stacy Holloway,batesdarlene@example.net,The Philosophy of River,Philosophy,575.5,Unpaid,Overdue,,2023-03-17,
881,Barbara Ray,joel28@example.org,Little Storm,Children,573.0,Paid,Overdue,2026-04-17,2023-03-22,
276,Kimberly Bryant,wolfesteve@example.net,The Rise of Mountain,History,569.5,Unpaid,Overdue,,2023-03-29,
662,Jesus Baker,ronaldstephens@example.net,Understanding Fire,Science,568.0,Unpaid,Overdue,,2023-04-01,
585,Kayla Griffin,davidanderson@example.org,Mastering River,Technology,566.0,Paid,Overdue,2026-03-22,2023-04-05,
731,Morgan Alexander,jsmith@example.com,Murder at Westgate,Mystery,564.5,Paid,Overdue,2026-03-18,2023-04-08,
491,April Mcintyre,greenjorge@example.com,Fire Goes to School,Children,563.0,Unpaid,Overdue,,2023-04-11,
1228,Charlene Hahn,rodney65@example.com,Murder at Stonehaven,Mystery,558.0,Unpaid,Overdue,,2023-04-21,
1288,Patrick Torres,floresannette@example.com,In the Words of Daniel Howell,Biography,557.0,Unpaid,Overdue,,2023-04-23,
1019,Jennifer Wilson,glovertyler@example.net,A Story of Ocean,Fiction,554.0,Waived,Overdue,,2023-04-29,
852,Tina King,kellycarlos@example.org,A Story of Ocean,Fiction,551.5,Waived,Overdue,,2023-05-04,
888,John Davis,sonia96@example.org,Shadow in Practice,Technology,551.5,Paid,Overdue,2026-04-16,2023-05-04,
206,Kimberly Bryant,wolfesteve@example.net,Dream Goes to School,Children,550.0,Unpaid,Overdue,,2023-05-07,
443,Frank Perez,aduran@example.com,A Story of Storm,Fiction,550.0,Unpaid,Overdue,,2023-05-07,
319,Johnathan Gilbert,michaela01@example.net,Shadow and Meaning,Philosophy,546.5,Paid,Overdue,2026-04-23,2023-05-14,
499,Peter Gamble,whitelucas@example.net,The Power of Fire,Self-Help,545.0,Waived,Overdue,,2023-05-17,
440,Jennifer Coleman,pmorrow@example.com,Leading with River,Business,544.5,Waived,Overdue,,2023-05-18,
398,Joshua White,tiffanyparks@example.org,The Science of Storm,Science,541.5,Paid,Overdue,2026-05-09,2023-05-24,
386,Travis Watts,anthonyhubbard@example.com,The Star Strategy,Business,537.5,Paid,Overdue,2026-04-28,2023-06-01,
413,Samuel Roberson,cassie99@example.com,Understanding Fire,Science,537.5,Paid,Overdue,2026-02-12,2023-06-01,
1067,Erica Dillon,chelsea33@example.com,The Last Path,Fiction,537.5,Paid,Overdue,2026-03-05,2023-06-01,
750,Robert Silva,sarah35@example.org,Ocean Explained,Science,534.0,Unpaid,Overdue,,2023-06-08,
62,Andrea Jones,alicia28@example.org,The Storm Handbook,Technology,532.5,Paid,Overdue,2026-03-30,2023-06-11,
14,Amy Lopez,kfoster@example.net,Path Every Day,Self-Help,529.0,Paid,Overdue,2026-04-28,2023-06-18,
314,Samuel Roberson,cassie99@example.com,Storm: A Chronicle,History,528.5,Waived,Overdue,,2023-06-19,
1113,Randy Brooks,xvang@example.org,The Science of Shadow,Science,525.5,Paid,Overdue,2026-04-16,2023-06-25,
726,Brian Baker,williamssteven@example.com,Mountain: A Chronicle,History,523.0,Paid,Overdue,2026-03-19,2023-06-30,
958,Catherine Hamilton,garciajamie@example.org,My First Dream,Children,522.5,Unpaid,Overdue,,2023-07-01,
805,Michael Rodriguez,michelle63@example.com,Dream Explained,Science,520.0,Waived,Overdue,,2023-07-06,
598,Christopher Jordan,fgarcia@example.com,A Story of Dream,Fiction,519.0,Unpaid,Overdue,,2023-07-08,
1063,Tara Webster,laurenchandler@example.com,Darren Huynh: A Memoir,Biography,517.5,Paid,Overdue,2026-02-27,2023-07-11,
636,Joseph Young,aprilmoody@example.com,Broken River,Fiction,517.0,Unpaid,Overdue,,2023-07-12,
304,Shannon Richardson,lopeznicole@example.org,The Science of Shadow,Science,514.5,Unpaid,Overdue,,2023-07-17,
694,Erica Dillon,chelsea33@example.com,River Goes to School,Children,514.5,Paid,Overdue,2026-03-13,2023-07-17,
1260,Melissa Rivas,ramirezshannon@example.com,The River Handbook,Technology,513.0,Paid,Overdue,2026-02-10,2023-07-20,
760,Catherine Morris,nramos@example.net,Finding Jennifer Marshall,Biography,512.0,Paid,Overdue,2026-03-30,2023-07-22,
1045,Tara Webster,laurenchandler@example.com,Mountain in Practice,Technology,510.0,Paid,Overdue,2026-04-02,2023-07-26,
744,Peter Gamble,whitelucas@example.net,Little River,Children,508.5,Paid,Overdue,2026-02-13,2023-07-29,
1188,Frank Perez,aduran@example.com,My First Ocean,Children,508.0,Paid,Overdue,2026-03-11,2023-07-30,
315,Brian Hayes,kathleenjackson@example.org,The Adventures of Storm,Children,504.5,Paid,Overdue,2026-02-14,2023-08-06,
487,Stephen Madden,steven12@example.org,Master Your Ocean,Self-Help,503.0,Paid,Overdue,2026-03-29,2023-08-09,
994,Cynthia Benjamin,diazmelissa@example.com,Little Storm,Children,502.0,Unpaid,Overdue,,2023-08-11,
1131,Barbara Ray,joel28@example.org,Murder at Millbrook,Mystery,502.0,Unpaid,Overdue,,2023-08-11,
547,Timothy Carroll,ywhite@example.com,The Rise of Light,History,490.5,Waived,Overdue,,2023-09-03,
1298,Danielle Dean,rodriguezrebecca@example.net,The Art of Dream,Business,490.5,Paid,Overdue,2026-02-22,2023-09-03,
990,Danielle White,ryanbartlett@example.org,Lost Star,History,487.0,Paid,Overdue,2026-02-18,2023-09-10,
538,Dale Sandoval,william66@example.net,When River Falls,Fiction,485.0,Paid,Overdue,2026-04-28,2023-09-14,
311,Michael Turner,joshuamccann@example.net,My First Shadow,Children,483.5,Unpaid,Overdue,,2023-09-17,
1321,Erica Dillon,chelsea33@example.com,Understanding River,Science,481.5,Waived,Overdue,,2023-09-21,
1233,Brandi Bender,icraig@example.com,Lost Shadow,History,478.0,Paid,Overdue,2026-03-21,2023-09-28,
470,Mario Mcdonald,caseymoore@example.com,The Science of Dream,Science,476.0,Paid,Overdue,2026-05-04,2023-10-02,
966,Tara Johnson,campbelldavid@example.com,Little Star,Children,474.5,Unpaid,Overdue,,2023-10-05,
1092,Dana Cox,stephaniethomas@example.net,A Story of Ocean,Fiction,474.5,Paid,Overdue,2026-04-11,2023-10-05,
107,Thomas Carlson,kelli32@example.com,Shadow Explained,Science,469.0,Unpaid,Overdue,,2023-10-16,
469,Brandi Bender,icraig@example.com,Storm in Practice,Technology,468.0,Unpaid,Overdue,,2023-10-18,
535,Thomas Carlson,kelli32@example.com,Leading with Star,Business,468.0,Paid,Overdue,2026-04-14,2023-10-18,
1122,Catherine Morris,nramos@example.net,Murder at Stonehaven,Mystery,468.0,Paid,Overdue,2026-04-27,2023-10-18,
287,Kristin Walter,alyssa42@example.com,When Ocean Falls,Fiction,466.5,Paid,Overdue,2026-04-13,2023-10-21,
264,Matthew Miranda,jeremytaylor@example.org,The Power of Storm,Self-Help,465.0,Paid,Overdue,2026-05-05,2023-10-24,
570,Nathan Richards,eyork@example.org,Principles of Dream,Science,465.0,Paid,Overdue,2026-05-09,2023-10-24,
423,John Davis,sonia96@example.org,The Hidden Secret,Mystery,463.0,Unpaid,Overdue,,2023-10-28,
982,Tina King,kellycarlos@example.org,Little Storm,Children,462.0,Paid,Overdue,2026-05-03,2023-10-30,
1224,Jeremy Johnson,richard13@example.net,Ocean Explained,Science,461.5,Paid,Overdue,2026-05-06,2023-10-31,
713,Alan Rodriguez,nicoleluna@example.com,Fire: A Chronicle,History,459.5,Paid,Overdue,2026-04-23,2023-11-04,
354,Manuel Lee,amanda71@example.com,Mountain Explained,Science,456.0,Waived,Overdue,,2023-11-11,
985,Jeremiah Peterson,fsandoval@example.net,The Science of Storm,Science,455.5,Paid,Overdue,2026-03-03,2023-11-12,
1289,Jennifer Wilson,glovertyler@example.net,Principles of Storm,Science,452.5,Waived,Overdue,,2023-11-18,
313,Regina Turner,cwilson@example.org,The Rise of Star,History,451.5,Paid,Overdue,2026-04-22,2023-11-20,
353,Patrick Torres,floresannette@example.com,The History of Dream,History,451.5,Unpaid,Overdue,,2023-11-20,
193,Edward Reyes,jasminebrown@example.com,Darren Huynh: A Memoir,Biography,448.0,Unpaid,Overdue,,2023-11-27,
384,Cindy Jimenez,nwolf@example.com,Shadow Explained,Science,446.0,Unpaid,Overdue,,2023-12-01,
820,Kiara Mullins,darlenebyrd@example.org,Principles of River,Science,445.5,Paid,Overdue,2026-05-07,2023-12-02,
144,Omar Padilla,charles06@example.org,The Storm Handbook,Technology,441.5,Unpaid,Overdue,,2023-12-10,
364,Robert Hawkins,petersenlatoya@example.net,The History of Mountain,History,439.0,Unpaid,Overdue,,2023-12-15,
1105,Courtney Conner,ycarlson@example.com,Stacy Mcbride: A Memoir,Biography,439.0,Unpaid,Overdue,,2023-12-15,
679,Jesus Baker,ronaldstephens@example.net,Master Your Storm,Self-Help,438.5,Paid,Overdue,2026-04-25,2023-12-16,
1129,Lawrence Floyd,xhill@example.org,A Story of Ocean,Fiction,436.5,Paid,Overdue,2026-02-16,2023-12-20,
608,James Stewart,kerrmichael@example.org,The Adventures of Shadow,Children,433.0,Paid,Overdue,2026-03-27,2023-12-27,
680,Susan Hall,lsoto@example.net,Finding Leslie Sims,Biography,431.0,Waived,Overdue,,2023-12-31,
421,Barbara Ray,joel28@example.org,Murder at Stonehaven,Mystery,429.0,Unpaid,Overdue,,2024-01-04,
3,Erica Dillon,chelsea33@example.com,Principles of Shadow,Science,427.5,Unpaid,Overdue,,2024-01-07,
1155,Benjamin Wood,chase19@example.net,Little Storm,Children,427.0,Paid,Overdue,2026-03-01,2024-01-08,
844,Christopher Jordan,fgarcia@example.com,The Science of Shadow,Science,426.5,Paid,Overdue,2026-02-19,2024-01-09,
347,Andrea Stephens,jvaldez@example.com,Light: A Chronicle,History,423.5,Paid,Overdue,2026-02-23,2024-01-15,
170,Dana Cox,stephaniethomas@example.net,Path Every Day,Self-Help,420.0,Unpaid,Overdue,,2024-01-22,
633,Kathy Beard,tali@example.com,Mastering Fire,Technology,419.5,Waived,Overdue,,2024-01-23,
645,Brandon Flynn,michael62@example.org,Master Your River,Self-Help,419.0,Paid,Overdue,2026-03-31,2024-01-24,
215,Jonathan Reyes,ericahall@example.com,The Golden Secret,Mystery,418.0,Waived,Overdue,,2024-01-26,
1118,Sarah Gibson,dbrooks@example.net,The Life of Eric Carlson,Biography,416.5,Unpaid,Overdue,,2024-01-29,
1164,Samuel Roberson,cassie99@example.com,The Rise of Ocean,History,416.0,Unpaid,Overdue,,2024-01-30,
722,Jennifer Rodriguez,jacobconrad@example.com,The Science of Dream,Science,406.0,Unpaid,Overdue,,2024-02-19,
2,Melissa Rivas,ramirezshannon@example.com,Principles of Shadow,Science,403.5,Paid,Overdue,2026-04-29,2024-02-24,
549,Mario Mcdonald,caseymoore@example.com,The Storm Strategy,Business,403.0,Paid,Overdue,2026-04-09,2024-02-25,
1017,Jennifer Rodriguez,jacobconrad@example.com,Little Shadow,Children,399.5,Unpaid,Overdue,,2024-03-03,
510,Lisa Evans,mcmillandennis@example.org,Master Your Storm,Self-Help,394.5,Paid,Overdue,2026-02-13,2024-03-13,
831,David Howard,briannasmith@example.com,The History of Path,History,391.5,Unpaid,Overdue,,2024-03-19,
477,Nathan Richards,eyork@example.org,The Shadow Handbook,Technology,390.5,Paid,Overdue,2026-03-22,2024-03-21,
238,Dale Sandoval,william66@example.net,Ocean Explained,Science,388.5,Paid,Overdue,2026-04-22,2024-03-25,
1301,April Mcintyre,greenjorge@example.com,Little Storm,Children,388.5,Paid,Overdue,2026-02-24,2024-03-25,
1103,Deborah Parker,william77@example.org,Leading with River,Business,384.5,Paid,Overdue,2026-04-21,2024-04-02,
1002,Matthew Castro,alexharris@example.com,The Last Shadow,Fiction,383.0,Paid,Overdue,2026-04-18,2024-04-05,
935,Daisy Smith,donnachavez@example.com,My First Shadow,Children,380.5,Paid,Overdue,2026-03-29,2024-04-10,
751,Ashley Krause,webbhaley@example.net,Master Your Dream,Self-Help,380.0,Unpaid,Overdue,,2024-04-11,
706,Andrea Stephens,jvaldez@example.com,Star Every Day,Self-Help,379.0,Waived,Overdue,,2024-04-13,
467,Linda Jarvis,djones@example.com,The Power of Storm,Self-Help,373.5,Unpaid,Overdue,,2024-04-24,
27,Heather Taylor,johnsantiago@example.net,Finding Autumn Gallagher,Biography,366.5,Waived,Overdue,,2024-05-08,
378,Michael Rodriguez,michelle63@example.com,In the Words of Angela Robinson,Biography,363.0,Unpaid,Overdue,,2024-05-15,
89,Jose Williams,fryraymond@example.com,The History of Ocean,History,362.0,Unpaid,Overdue,,2024-05-17,
129,Kathy Obrien,kimberlyjames@example.com,My First Ocean,Children,362.0,Paid,Overdue,2026-03-14,2024-05-17,
377,Shawn Garcia,buckleygregory@example.org,The Rise of Ocean,History,362.0,Paid,Overdue,2026-04-20,2024-05-17,
945,Amanda Oconnell,shannonford@example.org,Path and Meaning,Philosophy,360.5,Waived,Overdue,,2024-05-20,
855,Tara Webster,laurenchandler@example.com,Principles of Path,Science,359.0,Paid,Overdue,2026-05-01,2024-05-23,
1054,Ryan Clark,thomaslopez@example.com,Shadow in Business,Business,357.0,Paid,Overdue,2026-04-09,2024-05-27,
589,Andrew Willis,kimmathis@example.com,Principles of Ocean,Science,350.0,Paid,Overdue,2026-03-16,2024-06-10,
930,Nicole Moore,craigjoseph@example.net,The Secret Secret,Mystery,347.5,Unpaid,Overdue,,2024-06-15,
333,Andrea Stephens,jvaldez@example.com,Darren Huynh: A Memoir,Biography,347.0,Paid,Overdue,2026-03-26,2024-06-16,
1114,Linda Wolfe,warnermichael@example.net,The Science of Star,Science,346.5,Paid,Overdue,2026-02-17,2024-06-17,
709,Christopher Fry,debra96@example.net,Mastering Path,Technology,345.0,Paid,Overdue,2026-04-15,2024-06-20,
455,Jessica Hansen,michael43@example.net,Finding Autumn Gallagher,Biography,344.5,Unpaid,Overdue,,2024-06-21,
1154,Shawn Garcia,buckleygregory@example.org,A Story of River,Fiction,343.0,Paid,Overdue,2026-04-30,2024-06-24,
1064,James White,yorksarah@example.net,Valerie Nguyen: A Memoir,Biography,340.5,Paid,Overdue,2026-05-03,2024-06-29,
385,Regina Turner,cwilson@example.org,The History of Light,History,339.0,Paid,Overdue,2026-03-05,2024-07-02,
357,Kristine Lane,meyernicholas@example.org,A Story of River,Fiction,332.5,Paid,Overdue,2026-05-04,2024-07-15,
1128,Craig Hall,hlopez@example.net,The Ocean Handbook,Technology,330.5,Waived,Overdue,,2024-07-19,
904,Travis Brown,jenniferdavis@example.org,The Rise of Star,History,328.5,Paid,Overdue,2026-04-01,2024-07-23,
1243,Paul Scott,deborah75@example.org,The Last Ocean,Fiction,323.0,Paid,Overdue,2026-03-29,2024-08-03,
205,Alan Rodriguez,nicoleluna@example.com,Mountain Every Day,Self-Help,319.5,Paid,Overdue,2026-03-10,2024-08-10,
962,Kristen Leon,troyrodriguez@example.com,Path in Practice,Technology,319.5,Unpaid,Overdue,,2024-08-10,
389,Charlene Hahn,rodney65@example.com,James Lee: A Memoir,Biography,319.0,Unpaid,Overdue,,2024-08-11,
425,Rebecca Martin,ugarrett@example.net,Storm in Practice,Technology,318.0,Paid,Overdue,2026-02-24,2024-08-13,
351,Charles Schultz,rebeccabailey@example.net,Thinking About Storm,Philosophy,317.5,Unpaid,Overdue,,2024-08-14,
586,Matthew Castro,alexharris@example.com,The History of Path,History,314.5,Unpaid,Overdue,,2024-08-20,
554,Daisy Smith,donnachavez@example.com,The Life of Eric Carlson,Biography,314.0,Paid,Overdue,2026-02-21,2024-08-21,
1152,Brandi Bender,icraig@example.com,On Dream,Philosophy,314.0,Unpaid,Overdue,,2024-08-21,
1285,Tyler Dixon,porterashley@example.com,Lost Dream,History,308.5,Paid,Overdue,2026-04-09,2024-09-01,
992,Shawn Garcia,buckleygregory@example.org,Murder at Riverdale,Mystery,307.5,Unpaid,Overdue,,2024-09-03,
154,Tracey Wilson,jonathanfletcher@example.org,The Shadow Handbook,Technology,306.5,Unpaid,Overdue,,2024-09-05,
37,Sabrina Weaver,warrenmary@example.org,Lost River,History,306.0,Paid,Overdue,2026-04-14,2024-09-06,
644,Natasha Decker,john39@example.org,Little Star,Children,303.5,Unpaid,Overdue,,2024-09-11,
530,Christopher Walker,kevinperkins@example.com,The History of Ocean,History,301.0,Unpaid,Overdue,,2024-09-16,
1333,Brian Baker,williamssteven@example.com,On Light,Philosophy,298.5,Paid,Overdue,2026-03-20,2024-09-21,
960,Lori Davis,marybrown@example.org,On Light,Philosophy,296.5,Paid,Overdue,2026-03-11,2024-09-25,
148,Timothy Carroll,ywhite@example.com,River Goes to School,Children,294.5,Paid,Overdue,2026-02-28,2024-09-29,
33,Andrew Willis,kimmathis@example.com,In the Words of Tiffany Watson,Biography,284.5,Paid,Overdue,2026-04-29,2024-10-19,
683,Dale Sandoval,william66@example.net,Understanding Ocean,Science,277.5,Paid,Overdue,2026-03-03,2024-11-02,
918,Linda Wolfe,warnermichael@example.net,Little Star,Children,275.5,Paid,Overdue,2026-03-26,2024-11-06,
660,Daniel Diaz,diazgregory@example.net,Murder at Clearwater,Mystery,274.5,Unpaid,Overdue,,2024-11-08,
519,Sara Little,william13@example.org,Little Storm,Children,274.0,Paid,Overdue,2026-02-20,2024-11-09,
754,Jessica Hansen,michael43@example.net,The Power of Mountain,Self-Help,273.0,Paid,Overdue,2026-04-20,2024-11-11,
828,Christopher Walker,kevinperkins@example.com,Star Every Day,Self-Help,271.5,Paid,Overdue,2026-05-08,2024-11-14,
177,Jeremy Johnson,richard13@example.net,Mountain Every Day,Self-Help,264.0,Unpaid,Overdue,,2024-11-29,
24,Tyler Dixon,porterashley@example.com,A Story of Ocean,Fiction,263.0,Paid,Overdue,2026-03-09,2024-12-01,
611,Andrea Stephens,jvaldez@example.com,Modern Shadow,Technology,263.0,Paid,Overdue,2026-03-02,2024-12-01,
696,James West,dwhite@example.org,Shadow Explained,Science,257.5,Unpaid,Overdue,,2024-12-12,
395,Margaret Turner,psmith@example.org,The Science of Star,Science,256.0,Unpaid,Overdue,,2024-12-15,
46,Rebekah Hill,cstephenson@example.net,River and Meaning,Philosophy,255.5,Unpaid,Overdue,,2024-12-16,
239,Joseph Young,aprilmoody@example.com,River in Business,Business,255.5,Paid,Overdue,2026-03-17,2024-12-16,
1091,Robert Barr,brandon48@example.net,Murder at Ashford,Mystery,248.5,Unpaid,Overdue,,2024-12-30,
82,Dylan Jackson,zacharysullivan@example.net,Fire: A Chronicle,History,242.0,Unpaid,Overdue,,2025-01-12,
200,Kevin Hardy,angela03@example.net,The Philosophy of Shadow,Philosophy,241.5,Unpaid,Overdue,,2025-01-13,
725,Dana Cox,stephaniethomas@example.net,Lost Mountain,History,238.5,Paid,Overdue,2026-04-17,2025-01-19,
9,Brian Simmons,janetvance@example.net,The Shadow Handbook,Technology,236.5,Paid,Overdue,2026-05-07,2025-01-23,
584,Brandon Flynn,michael62@example.org,Mountain Explained,Science,236.5,Paid,Overdue,2026-03-01,2025-01-23,
1037,Frank Perez,aduran@example.com,The Last Dream,Fiction,235.0,Unpaid,Overdue,,2025-01-26,
125,Joseph Young,aprilmoody@example.com,The Case of the Lost Path,Mystery,232.0,Unpaid,Overdue,,2025-02-01,
666,Audrey Aguirre,lynchdiane@example.net,A Story of Dream,Fiction,228.5,Unpaid,Overdue,,2025-02-08,
1286,Deborah Parker,william77@example.org,The Rise of Dream,History,227.5,Paid,Overdue,2026-02-17,2025-02-10,
1204,Kiara Mullins,darlenebyrd@example.org,The Science of Shadow,Science,227.0,Paid,Overdue,2026-02-10,2025-02-11,
840,Audrey Aguirre,lynchdiane@example.net,The Science of Mountain,Science,223.5,Waived,Overdue,,2025-02-18,
1104,Danielle White,ryanbartlett@example.org,The Science of Fire,Science,220.5,Waived,Overdue,,2025-02-24,
345,Lawrence Floyd,xhill@example.org,Principles of Path,Science,219.5,Paid,Overdue,2026-03-12,2025-02-26,
101,Adam Macias,emartin@example.net,The Light Strategy,Business,214.5,Unpaid,Overdue,,2025-03-08,
941,Christopher Walker,kevinperkins@example.com,The Storm Handbook,Technology,214.0,Unpaid,Overdue,,2025-03-09,
349,Bryan Wiggins,marystone@example.com,The Light Strategy,Business,212.0,Unpaid,Overdue,,2025-03-13,
437,April Mcintyre,greenjorge@example.com,Star and Meaning,Philosophy,203.0,Unpaid,Overdue,,2025-03-31,
1143,Sabrina Weaver,warrenmary@example.org,Missing Mountain,Mystery,199.5,Paid,Overdue,2026-02-21,2025-04-07,
99,Daisy Smith,donnachavez@example.com,Dream Every Day,Self-Help,192.0,Paid,Overdue,2026-04-14,2025-04-22,
118,Adam Macias,emartin@example.net,Dream and Meaning,Philosophy,189.5,Waived,Overdue,,2025-04-27,
376,Wendy Sanders,vlopez@example.com,River Goes to School,Children,187.0,Paid,Overdue,2026-02-14,2025-05-02,
977,Hannah Bowers,smithtodd@example.com,Principles of Shadow,Science,185.5,Paid,Overdue,2026-05-11,2025-05-05,
282,Sara Little,william13@example.org,Mountain Explained,Science,179.5,Paid,Overdue,2026-03-30,2025-05-17,
185,Tyler Dixon,porterashley@example.com,Finding Jennifer Marshall,Biography,179.0,Unpaid,Overdue,,2025-05-18,
841,Tara Webster,laurenchandler@example.com,Shadow in Practice,Technology,176.0,Paid,Overdue,2026-02-25,2025-05-24,
6,Timothy Hinton,kim62@example.net,The Last Light,Fiction,175.0,Unpaid,Overdue,,2025-05-26,
1269,Lisa Evans,mcmillandennis@example.org,Missing River,Mystery,174.5,Paid,Overdue,2026-03-16,2025-05-27,
924,Daniel Diaz,diazgregory@example.net,The Secret Secret,Mystery,170.5,Waived,Overdue,,2025-06-04,
869,Shannon Richardson,lopeznicole@example.org,Modern Storm,Technology,169.5,Waived,Overdue,,2025-06-06,
893,Becky Knight,rkramer@example.org,Ocean Every Day,Self-Help,169.0,Paid,Overdue,2026-03-26,2025-06-07,
338,Andrea Jones,alicia28@example.org,Path and Meaning,Philosophy,168.0,Unpaid,Overdue,,2025-06-09,
1052,Wendy Allen,ibrown@example.net,Little Storm,Children,167.5,Paid,Overdue,2026-05-09,2025-06-10,
503,Johnathan Gilbert,michaela01@example.net,The Rise of Light,History,166.0,Paid,Overdue,2026-05-09,2025-06-13,
757,Nathan Richards,eyork@example.org,The Case of the Lost Storm,Mystery,159.0,Paid,Overdue,2026-03-22,2025-06-27,
136,Kristin Walter,alyssa42@example.com,The Life of Allison Simmons,Biography,158.5,Paid,Overdue,2026-04-24,2025-06-28,
689,Sandra Romero,michellehill@example.com,The Case of the Lost Storm,Mystery,157.5,Paid,Overdue,2026-04-21,2025-06-30,
672,Sabrina Weaver,warrenmary@example.org,A Story of Ocean,Fiction,153.0,Unpaid,Overdue,,2025-07-09,
619,Edward Cuevas,agarcia@example.org,On Dream,Philosophy,148.0,Paid,Overdue,2026-03-29,2025-07-19,
352,Brian Simmons,janetvance@example.net,Murder at Riverdale,Mystery,145.5,Paid,Overdue,2026-02-21,2025-07-24,
156,Patrick Torres,floresannette@example.com,Lost Dream,History,144.0,Unpaid,Overdue,,2025-07-27,
622,Lisa Adams,zmiller@example.com,The Power of Fire,Self-Help,144.0,Unpaid,Overdue,,2025-07-27,
539,Cynthia Benjamin,diazmelissa@example.com,The Path Strategy,Business,142.5,Unpaid,Overdue,,2025-07-30,
199,Michael Bruce,lisamccarthy@example.com,The Philosophy of Light,Philosophy,141.5,Unpaid,Overdue,,2025-08-01,
711,John Wise,cwright@example.org,Master Your Ocean,Self-Help,141.0,Unpaid,Overdue,,2025-08-02,
1145,Heather Taylor,johnsantiago@example.net,Murder at Millbrook,Mystery,138.0,Paid,Overdue,2026-04-04,2025-08-08,
224,Edward Cuevas,agarcia@example.org,Thinking About Fire,Philosophy,135.5,Paid,Overdue,2026-02-21,2025-08-13,
527,Anthony Alvarez,timothy24@example.com,The Last Fire,Fiction,135.5,Unpaid,Overdue,,2025-08-13,
474,Kristen Leon,troyrodriguez@example.com,Mastering River,Technology,134.5,Unpaid,Overdue,,2025-08-15,
684,Stacy Holloway,batesdarlene@example.net,The Secret Secret,Mystery,134.5,Waived,Overdue,,2025-08-15,
259,Charles Schultz,rebeccabailey@example.net,Ocean Explained,Science,133.0,Paid,Overdue,2026-04-04,2025-08-18,
616,Paige Alvarez,glassgabrielle@example.com,The Science of Dream,Science,131.0,Paid,Overdue,2026-02-13,2025-08-22,
625,Andrew Smith,jeremywiley@example.com,The Life of John Chavez,Biography,128.0,Unpaid,Overdue,,2025-08-28,
426,Kristen Leon,troyrodriguez@example.com,Little Shadow,Children,127.0,Paid,Overdue,2026-03-13,2025-08-30,
309,Amy Lopez,kfoster@example.net,Star Every Day,Self-Help,126.5,Unpaid,Overdue,,2025-08-31,
959,Kimberly Bryant,wolfesteve@example.net,Finding Dr. Virginia Cunningham,Biography,126.0,Paid,Overdue,2026-05-11,2025-09-01,
445,Frank Perez,aduran@example.com,The Case of the Forgotten Dream,Mystery,122.0,Paid,Overdue,2026-03-08,2025-09-09,
302,John Davis,sonia96@example.org,The Case of the Silent Ocean,Mystery,121.5,Unpaid,Overdue,,2025-09-10,
811,Rebekah Hill,cstephenson@example.net,Little River,Children,120.0,Paid,Overdue,2026-02-22,2025-09-13,
1,Peter Gamble,whitelucas@example.net,Missing Mountain,Mystery,119.5,Unpaid,Overdue,,2025-09-14,
109,Gary Richardson,brooksdanielle@example.net,Path and Meaning,Philosophy,117.0,Paid,Overdue,2026-02-16,2025-09-19,
921,Michael Turner,joshuamccann@example.net,The Case of the Silent Ocean,Mystery,117.0,Unpaid,Overdue,,2025-09-19,
77,Timothy Gibson,robert87@example.net,On Light,Philosophy,114.5,Paid,Overdue,2026-04-24,2025-09-24,
543,Sarah Gibson,dbrooks@example.net,The Fire Strategy,Business,113.5,Waived,Overdue,,2025-09-26,
1095,Janet Williams,kendragalloway@example.org,Murder at Ashford,Mystery,113.5,Paid,Overdue,2026-04-06,2025-09-26,
940,Paul Scott,deborah75@example.org,Fire and Meaning,Philosophy,112.0,Paid,Overdue,2026-03-26,2025-09-29,
502,Christopher Fry,debra96@example.net,Path in Practice,Technology,108.0,Paid,Overdue,2026-04-25,2025-10-07,
1137,Robert Hawkins,petersenlatoya@example.net,James Lee: A Memoir,Biography,106.5,Unpaid,Overdue,,2025-10-10,
1322,Lisa Evans,mcmillandennis@example.org,Murder at Westgate,Mystery,104.5,Unpaid,Overdue,,2025-10-14,
887,Yolanda Smith,evan79@example.net,Modern Fire,Technology,104.0,Unpaid,Overdue,,2025-10-15,
1057,Deborah Dawson,jennifermartinez@example.org,The Art of Shadow,Business,103.5,Unpaid,Overdue,,2025-10-16,
595,Johnathan Gilbert,michaela01@example.net,Lost River,History,94.0,Paid,Overdue,2026-04-10,2025-11-04,
536,Brian Hayes,kathleenjackson@example.org,The Power of River,Self-Help,93.0,Paid,Overdue,2026-03-25,2025-11-06,
653,Luis Acosta,millerangela@example.net,The Last Path,Fiction,92.5,Unpaid,Overdue,,2025-11-07,
65,John Davis,sonia96@example.org,Ocean Explained,Science,91.0,Unpaid,Overdue,,2025-11-10,
216,April Mcintyre,greenjorge@example.com,Dream and Meaning,Philosophy,87.0,Unpaid,Overdue,,2025-11-18,
1253,Andrea Jones,alicia28@example.org,In the Words of Mark Garner,Biography,86.0,Unpaid,Overdue,,2025-11-20,
631,Erica Dillon,chelsea33@example.com,Master Your Storm,Self-Help,85.5,Unpaid,Overdue,,2025-11-21,
707,Barbara Ray,joel28@example.org,Lost Ocean,History,85.0,Paid,Overdue,2026-04-06,2025-11-22,
993,Michelle Cochran,erik16@example.org,Ocean Goes to School,Children,84.5,Paid,Overdue,2026-05-10,2025-11-23,
381,Sean Montes,brittanybryant@example.net,The Life of Rebecca Bailey,Biography,82.0,Paid,Overdue,2026-04-03,2025-11-28,
317,Michael Rodriguez,michelle63@example.com,Broken Storm,Fiction,81.5,Unpaid,Overdue,,2025-11-29,
192,Samuel Roberson,cassie99@example.com,The Star Strategy,Business,80.0,Paid,Overdue,2026-04-06,2025-12-02,
98,Cynthia Faulkner,markramirez@example.com,A Story of Path,Fiction,78.5,Unpaid,Overdue,,2025-12-05,
367,Brandon Flynn,michael62@example.org,The Power of Mountain,Self-Help,76.0,Unpaid,Overdue,,2025-12-10,
673,Jeffery Brock,pwilliams@example.org,Shadow: A Chronicle,History,72.0,Waived,Overdue,,2025-12-18,
1125,Sharon Kennedy,johnsonrandy@example.org,My First Mountain,Children,72.0,Unpaid,Overdue,,2025-12-18,
28,Timothy Hinton,kim62@example.net,Shadow in Practice,Technology,71.0,Paid,Overdue,2026-04-30,2025-12-20,
800,Linda Jarvis,djones@example.com,Hidden Storm,Fiction,66.5,Waived,Overdue,,2025-12-29,
1028,Brian Simmons,janetvance@example.net,The History of Path,History,61.0,Paid,Overdue,2026-02-28,2026-01-09,
150,Lisa Evans,mcmillandennis@example.org,The Last Storm,Fiction,58.0,Paid,Overdue,2026-04-05,2026-01-15,
558,Cindy Jimenez,nwolf@example.com,On Dream,Philosophy,58.0,Unpaid,Overdue,,2026-01-15,
1010,Mario Mcdonald,caseymoore@example.com,Leading with Path,Business,56.5,Paid,Overdue,2026-02-21,2026-01-18,
300,Zachary Mccoy,leescott@example.com,Light Goes to School,Children,54.0,Unpaid,Overdue,,2026-01-23,
976,James Washington,johnsondarlene@example.com,The Life of Michael Knapp,Biography,51.5,Paid,Overdue,2026-03-20,2026-01-28,
956,Benjamin Wood,chase19@example.net,The Life of John Chavez,Biography,49.5,Paid,Overdue,2026-04-27,2026-02-01,
1108,Frank Perez,aduran@example.com,Path Goes to School,Children,47.5,Paid,Overdue,2026-04-22,2026-02-05,
255,Timothy Carroll,ywhite@example.com,Murder at Ashford,Mystery,43.5,Unpaid,Overdue,,2026-02-13,
541,Jose Williams,fryraymond@example.com,Shadow Explained,Science,38.5,Paid,Overdue,2026-05-05,2026-02-23,
232,Christopher Walker,kevinperkins@example.com,In the Words of Tiffany Watson,Biography,35.5,Paid,Overdue,2026-05-11,2026-03-01,
356,Lawrence Floyd,xhill@example.org,A Story of Mountain,Fiction,35.0,Unpaid,Overdue,,2026-03-02,
500,Ann Shea,johnadams@example.com,A Story of Ocean,Fiction,32.0,Paid,Overdue,2026-05-06,2026-03-08,
610,Tara Johnson,campbelldavid@example.com,Mountain in Practice,Technology,30.5,Paid,Overdue,2026-02-16,2026-03-11,
254,Kathy Obrien,kimberlyjames@example.com,Ocean Explained,Science,29.5,Paid,Overdue,2026-04-08,2026-03-13,
1013,Peter Gamble,whitelucas@example.net,In the Words of Christine Crawford,Biography,27.0,Paid,Overdue,2026-02-16,2026-03-18,
534,John Scott,christopher69@example.org,Dream and Meaning,Philosophy,26.5,Unpaid,Overdue,,2026-03-19,
66,Rebecca Martin,ugarrett@example.net,Missing Shadow,Mystery,26.0,Paid,Overdue,2026-05-09,2026-03-20,
685,Brenda Smith,barbara27@example.net,The Power of Mountain,Self-Help,25.0,Paid,Overdue,2026-04-15,2026-03-22,
972,Ashley Krause,webbhaley@example.net,A Story of Path,Fiction,24.5,Paid,Overdue,2026-03-15,2026-03-23,
1000,Rebekah Hill,cstephenson@example.net,Murder at Ashford,Mystery,23.5,Paid,Overdue,2026-02-10,2026-03-25,
1231,Michael Rodriguez,michelle63@example.com,Broken Fire,Fiction,22.0,Unpaid,Overdue,,2026-03-28,
944,Whitney Green,vsullivan@example.org,Principles of Path,Science,19.5,Paid,Overdue,2026-02-22,2026-04-02,
186,Charles Schultz,rebeccabailey@example.net,Broken Fire,Fiction,18.0,Paid,Overdue,2026-03-02,2026-04-05,
865,Lisa Evans,mcmillandennis@example.org,Finding Angel Harris,Biography,15.5,Unpaid,Overdue,,2026-04-10,
780,Randy Brooks,xvang@example.org,The Art of Path,Business,15.0,Paid,Overdue,2026-05-07,2026-04-11,
11,Janet Williams,kendragalloway@example.org,Shadow in Business,Business,10.0,Unpaid,Overdue,,2025-04-12,2025-05-02
19,Randy Brooks,xvang@example.org,Little River,Children,10.0,Unpaid,Overdue,,2024-07-02,2024-07-22
48,Nicole James,cruzamber@example.com,My First Dream,Children,10.0,Unpaid,Overdue,,2022-03-09,2022-03-29
57,Dylan Becker,armstrongjackie@example.org,Ocean Explained,Science,10.0,Paid,Overdue,2026-03-26,2024-05-28,2024-06-17
64,Robert Silva,sarah35@example.org,When Star Falls,Fiction,10.0,Waived,Overdue,,2026-02-28,2026-03-20
75,Samuel Roberson,cassie99@example.com,Mountain: A Chronicle,History,10.0,Paid,Overdue,2026-02-15,2025-02-23,2025-03-15
86,Luis Acosta,millerangela@example.net,Scott Norman: A Memoir,Biography,10.0,Waived,Overdue,,2023-08-20,2023-09-09
94,Luis Acosta,millerangela@example.net,The Science of Fire,Science,10.0,Paid,Overdue,2026-05-06,2023-02-20,2023-03-12
108,Johnathan Gilbert,michaela01@example.net,Finding Autumn Gallagher,Biography,10.0,Unpaid,Overdue,,2022-10-24,2022-11-13
131,Renee Jones,morriseddie@example.org,Shadow and Meaning,Philosophy,10.0,Paid,Overdue,2026-04-16,2023-11-20,2023-12-10
132,John Davis,sonia96@example.org,The History of Storm,History,10.0,Unpaid,Lost,,2022-08-26,2022-09-15
149,Charles Schultz,rebeccabailey@example.net,Finding Kevin Little,Biography,10.0,Waived,Overdue,,2024-10-01,2024-10-21
184,Randy Brooks,xvang@example.org,Fire in Business,Business,10.0,Unpaid,Overdue,,2024-10-04,2024-10-24
225,Rebecca Lee,smurray@example.com,The Rise of Dream,History,10.0,Paid,Overdue,2026-04-26,2023-04-30,2023-05-20
257,Ann Shea,johnadams@example.com,Ocean Explained,Science,10.0,Unpaid,Lost,,2023-03-16,2023-04-05
263,Melissa Estrada,mark10@example.org,Mountain in Practice,Technology,10.0,Paid,Overdue,2026-02-12,2022-04-24,2022-05-14
267,Dana Cox,stephaniethomas@example.net,Modern River,Technology,10.0,Unpaid,Overdue,,2025-06-24,2025-07-14
279,Brandon Flynn,michael62@example.org,Mountain: A Chronicle,History,10.0,Paid,Overdue,2026-03-02,2022-09-25,2022-10-15
301,Brenda Smith,barbara27@example.net,The Science of Storm,Science,10.0,Unpaid,Overdue,,2023-07-28,2023-08-17
342,Brian Miller,nwilson@example.net,A Story of Ocean,Fiction,10.0,Unpaid,Overdue,,2022-10-12,2022-11-01
396,Joshua Evans,wardsheryl@example.net,The Philosophy of River,Philosophy,10.0,Paid,Overdue,2026-03-03,2024-11-27,2024-12-17
402,Erica Cruz,smithsarah@example.net,My First Mountain,Children,10.0,Unpaid,Overdue,,2025-11-01,2025-11-21
412,Frank Perez,aduran@example.com,The Path Handbook,Technology,10.0,Paid,Overdue,2026-02-11,2026-04-15,2026-05-05
460,Timothy Hinton,kim62@example.net,The Rise of Light,History,10.0,Paid,Overdue,2026-04-05,2023-11-05,2023-11-25
489,Kathryn Weaver,charlesnathan@example.com,Ocean Explained,Science,10.0,Paid,Overdue,2026-05-07,2025-12-11,2025-12-31
559,Kimberly Bryant,wolfesteve@example.net,Murder at Stonehaven,Mystery,10.0,Unpaid,Overdue,,2025-12-20,2026-01-09
563,Brian Simmons,janetvance@example.net,Scott Norman: A Memoir,Biography,10.0,Unpaid,Damage,,2023-09-22,2023-10-12
613,Jeremy Johnson,richard13@example.net,The Life of John Wang,Biography,10.0,Paid,Overdue,2026-02-20,2024-08-04,2024-08-24
663,Manuel Lee,amanda71@example.com,Dream in Practice,Technology,10.0,Paid,Damage,2026-04-24,2024-11-07,2024-11-27
714,Amy Lopez,kfoster@example.net,Dream Explained,Science,10.0,Waived,Overdue,,2023-08-18,2023-09-07
730,Catherine Hamilton,garciajamie@example.org,The Last Fire,Fiction,10.0,Unpaid,Overdue,,2022-08-17,2022-09-06
759,Michelle Wells,thomasmiller@example.net,When Fire Falls,Fiction,10.0,Unpaid,Overdue,,2025-10-18,2025-11-07
783,Cynthia Faulkner,markramirez@example.com,The Last Dream,Fiction,10.0,Waived,Overdue,,2026-03-14,2026-04-03
808,Kathryn Weaver,charlesnathan@example.com,The Rise of Light,History,10.0,Waived,Overdue,,2025-04-01,2025-04-21
822,Regina Turner,cwilson@example.org,The Hidden Secret,Mystery,10.0,Unpaid,Overdue,,2022-04-30,2022-05-20
836,Andrea Stephens,jvaldez@example.com,Storm in Practice,Technology,10.0,Paid,Overdue,2026-03-03,2025-03-15,2025-04-04
842,Joshua Evans,wardsheryl@example.net,The Last Dream,Fiction,10.0,Paid,Overdue,2026-04-24,2024-06-06,2024-06-26
851,Kayla Griffin,davidanderson@example.org,Modern Fire,Technology,10.0,Unpaid,Overdue,,2025-08-13,2025-09-02
862,Travis Watts,anthonyhubbard@example.com,A Story of Dream,Fiction,10.0,Waived,Overdue,,2022-05-24,2022-06-13
877,Daniel James,bailey40@example.net,In the Words of Amanda Sharp,Biography,10.0,Paid,Overdue,2026-03-31,2024-10-25,2024-11-14
885,Christopher Jordan,fgarcia@example.com,Master Your Star,Self-Help,10.0,Unpaid,Overdue,,2025-03-14,2025-04-03
931,Linda Jarvis,djones@example.com,Murder at Millbrook,Mystery,10.0,Paid,Overdue,2026-03-15,2025-11-26,2025-12-16
957,Janet Williams,kendragalloway@example.org,Light and Meaning,Philosophy,10.0,Unpaid,Lost,,2025-11-11,2025-12-01
1047,Wendy Allen,ibrown@example.net,Modern River,Technology,10.0,Unpaid,Overdue,,2026-04-17,2026-05-07
1079,Edward Reyes,jasminebrown@example.com,Shadow Explained,Science,10.0,Paid,Overdue,2026-05-06,2022-07-29,2022-08-18
1088,Jesus Baker,ronaldstephens@example.net,The Science of Storm,Science,10.0,Unpaid,Overdue,,2024-12-29,2025-01-18
1107,Becky Knight,rkramer@example.org,Missing Dream,Mystery,10.0,Waived,Overdue,,2025-11-17,2025-12-07
1120,Jennifer Brock,ghernandez@example.org,Fire: A Chronicle,History,10.0,Paid,Overdue,2026-02-13,2022-12-01,2022-12-21
1163,Brenda Smith,barbara27@example.net,When Ocean Falls,Fiction,10.0,Paid,Overdue,2026-05-09,2025-07-15,2025-08-04
1215,Kimberly Bryant,wolfesteve@example.net,Leading with River,Business,10.0,Paid,Overdue,2026-02-25,2023-06-17,2023-07-07
1256,Deborah Parker,william77@example.org,Murder at Riverdale,Mystery,10.0,Unpaid,Overdue,,2022-12-26,2023-01-15
1266,Luis Acosta,millerangela@example.net,Master Your Star,Self-Help,10.0,Unpaid,Overdue,,2026-02-10,2026-03-02
1287,Daniel Diaz,diazgregory@example.net,Murder at Stonehaven,Mystery,10.0,Paid,Overdue,2026-04-11,2024-12-28,2025-01-17
1302,Lawrence Floyd,xhill@example.org,Leading with River,Business,10.0,Unpaid,Overdue,,2025-05-14,2025-06-03
1318,Nicole Moore,craigjoseph@example.net,Mastering Fire,Technology,10.0,Unpaid,Lost,,2023-07-29,2023-08-18
34,Mario Mcdonald,caseymoore@example.com,Mountain: A Chronicle,History,9.5,Waived,Overdue,,2024-10-16,2024-11-04
91,Michelle Wells,thomasmiller@example.net,Murder at Millbrook,Mystery,9.5,Unpaid,Overdue,,2026-04-05,2026-04-24
167,Jennifer Wilson,glovertyler@example.net,Leading with Ocean,Business,9.5,Unpaid,Overdue,,2022-07-16,2022-08-04
172,Paula Dominguez,kenneth17@example.com,Thinking About Fire,Philosophy,9.5,Unpaid,Overdue,,2025-07-14,2025-08-02
181,Zachary Mccoy,leescott@example.com,In the Words of Christine Crawford,Biography,9.5,Paid,Overdue,2026-04-24,2024-10-03,2024-10-22
251,Michelle Wells,thomasmiller@example.net,Leading with Storm,Business,9.5,Waived,Overdue,,2023-10-27,2023-11-15
272,Ann Rodriguez,amydavenport@example.net,Leading with Ocean,Business,9.5,Paid,Overdue,2026-03-06,2022-03-23,2022-04-11
274,Christopher Jordan,fgarcia@example.com,Stacy Mcbride: A Memoir,Biography,9.5,Unpaid,Overdue,,2023-12-28,2024-01-16
278,Morgan Alexander,jsmith@example.com,The Storm Handbook,Technology,9.5,Unpaid,Overdue,,2024-03-02,2024-03-21
312,Shawn Garcia,buckleygregory@example.org,Principles of Star,Science,9.5,Paid,Overdue,2026-02-23,2023-05-13,2023-06-01
341,Amy Lopez,kfoster@example.net,Mastering Storm,Technology,9.5,Paid,Overdue,2026-04-20,2023-01-17,2023-02-05
383,Benjamin Wood,chase19@example.net,The Art of Path,Business,9.5,Unpaid,Overdue,,2026-01-04,2026-01-23
408,Peter Gamble,whitelucas@example.net,The Adventures of Storm,Children,9.5,Unpaid,Overdue,,2022-10-13,2022-11-01
459,Anthony Alvarez,timothy24@example.com,Lost Path,History,9.5,Unpaid,Overdue,,2022-12-23,2023-01-11
463,Timothy Hinton,kim62@example.net,Master Your Ocean,Self-Help,9.5,Waived,Overdue,,2025-04-24,2025-05-13
514,Matthew Miranda,jeremytaylor@example.org,Master Your Mountain,Self-Help,9.5,Unpaid,Damage,,2023-06-16,2023-07-05
556,Daniel James,bailey40@example.net,Star in Practice,Technology,9.5,Paid,Overdue,2026-02-16,2024-10-12,2024-10-31
569,Paula Dominguez,kenneth17@example.com,The Golden Secret,Mystery,9.5,Paid,Overdue,2026-02-28,2026-01-17,2026-02-05
594,Morgan Alexander,jsmith@example.com,The Adventures of Mountain,Children,9.5,Unpaid,Overdue,,2022-09-30,2022-10-19
597,James White,yorksarah@example.net,Star in Practice,Technology,9.5,Unpaid,Overdue,,2023-06-06,2023-06-25
652,Edward Reyes,jasminebrown@example.com,Thinking About Shadow,Philosophy,9.5,Unpaid,Overdue,,2025-06-05,2025-06-24
734,Michael Turner,joshuamccann@example.net,Leading with Star,Business,9.5,Paid,Overdue,2026-04-27,2023-03-25,2023-04-13
762,Brian Baker,williamssteven@example.com,Murder at Stonehaven,Mystery,9.5,Paid,Overdue,2026-04-28,2022-09-20,2022-10-09
772,Adam Macias,emartin@example.net,The Storm Strategy,Business,9.5,Unpaid,Overdue,,2025-12-31,2026-01-19
775,Andrea Jones,alicia28@example.org,Principles of River,Science,9.5,Paid,Overdue,2026-02-21,2025-04-08,2025-04-27
799,Randy Velasquez,bethwilliams@example.com,The Power of River,Self-Help,9.5,Paid,Overdue,2026-03-27,2023-10-30,2023-11-18
817,Michelle Cochran,erik16@example.org,Lost Dream,History,9.5,Unpaid,Overdue,,2024-01-01,2024-01-20
824,Timothy Carroll,ywhite@example.com,My First Ocean,Children,9.5,Paid,Overdue,2026-02-18,2024-01-26,2024-02-14
834,Julie Hernandez,clove@example.org,Ocean and Meaning,Philosophy,9.5,Unpaid,Overdue,,2026-02-25,2026-03-16
871,Tracy Griffin,wmatthews@example.com,Principles of River,Science,9.5,Paid,Overdue,2026-03-26,2024-09-30,2024-10-19
907,Brian Cooper,harrisonwilliam@example.com,Modern River,Technology,9.5,Unpaid,Overdue,,2023-03-15,2023-04-03
950,Charlene Hahn,rodney65@example.com,The Last Fire,Fiction,9.5,Unpaid,Lost,,2025-07-05,2025-07-24
979,Andrea Stephens,jvaldez@example.com,The Storm Handbook,Technology,9.5,Waived,Overdue,,2023-11-19,2023-12-08
1016,John Davis,sonia96@example.org,The Philosophy of Shadow,Philosophy,9.5,Paid,Overdue,2026-03-02,2024-01-21,2024-02-09
1071,Jennifer Garcia,jonesjessica@example.com,Path Goes to School,Children,9.5,Unpaid,Overdue,,2025-04-14,2025-05-03
1074,Paula Dominguez,kenneth17@example.com,The Adventures of Mountain,Children,9.5,Paid,Damage,2026-02-14,2023-11-22,2023-12-11
1184,Kristen Strickland,wallaceangel@example.com,The Secret Secret,Mystery,9.5,Paid,Overdue,2026-05-08,2022-03-15,2022-04-03
1275,Gary Richardson,brooksdanielle@example.net,My First Mountain,Children,9.5,Unpaid,Overdue,,2023-09-09,2023-09-28
1280,Lisa Evans,mcmillandennis@example.org,Ancient Ocean,Fiction,9.5,Unpaid,Overdue,,2026-02-15,2026-03-06
1317,Kathy Beard,tali@example.com,Star Every Day,Self-Help,9.5,Paid,Overdue,2026-04-19,2022-01-20,2022-02-08
40,Joseph Young,aprilmoody@example.com,Storm and Meaning,Philosophy,9.0,Paid,Overdue,2026-03-02,2025-01-12,2025-01-30
60,Sarah Gibson,dbrooks@example.net,The Last Fire,Fiction,9.0,Waived,Overdue,,2022-07-18,2022-08-05
102,Jeffrey Morgan,briannasmith@example.net,Light: A Chronicle,History,9.0,Unpaid,Overdue,,2025-01-03,2025-01-21
134,Mario Mcdonald,caseymoore@example.com,The History of Mountain,History,9.0,Waived,Overdue,,2022-10-07,2022-10-25
194,Deborah Parker,william77@example.org,The Philosophy of Star,Philosophy,9.0,Unpaid,Lost,,2023-01-14,2023-02-01
213,Jeremiah Peterson,fsandoval@example.net,Modern River,Technology,9.0,Unpaid,Overdue,,2025-05-20,2025-06-07
297,Peter Gamble,whitelucas@example.net,The Ocean Handbook,Technology,9.0,Unpaid,Overdue,,2023-11-06,2023-11-24
366,Manuel Lee,amanda71@example.com,The Shadow Handbook,Technology,9.0,Waived,Overdue,,2025-12-01,2025-12-19
373,Christine Becker,vwilliams@example.net,Leading with Light,Business,9.0,Paid,Overdue,2026-04-07,2025-05-09,2025-05-27
404,Kristin Walter,alyssa42@example.com,Star Every Day,Self-Help,9.0,Waived,Overdue,,2024-02-20,2024-03-09
430,Kathy Beard,tali@example.com,River: A Chronicle,History,9.0,Unpaid,Damage,,2026-01-24,2026-02-11
431,Ashley Krause,webbhaley@example.net,The Mountain Handbook,Technology,9.0,Unpaid,Overdue,,2023-08-06,2023-08-24
464,Andrew Smith,jeremywiley@example.com,Understanding River,Science,9.0,Waived,Overdue,,2024-06-18,2024-07-06
481,Alexander Benson,torresthomas@example.com,Mountain Every Day,Self-Help,9.0,Unpaid,Overdue,,2024-12-26,2025-01-13
532,Daisy Smith,donnachavez@example.com,In the Words of Joseph Chapman,Biography,9.0,Waived,Overdue,,2025-01-13,2025-01-31
564,Edward Cuevas,agarcia@example.org,The Life of Eric Carlson,Biography,9.0,Unpaid,Overdue,,2024-07-14,2024-08-01
641,Manuel Lee,amanda71@example.com,Master Your Storm,Self-Help,9.0,Paid,Overdue,2026-05-04,2024-03-09,2024-03-27
716,Jennifer Wilson,glovertyler@example.net,Missing Mountain,Mystery,9.0,Unpaid,Overdue,,2023-02-24,2023-03-14
763,Catherine Morris,nramos@example.net,In the Words of Cynthia Kennedy,Biography,9.0,Unpaid,Overdue,,2024-12-07,2024-12-25
782,Ashley Krause,webbhaley@example.net,The Path Strategy,Business,9.0,Unpaid,Overdue,,2023-02-28,2023-03-18
849,Shawn Garcia,buckleygregory@example.org,Light and Meaning,Philosophy,9.0,Unpaid,Overdue,,2022-01-21,2022-02-08
873,Nicole James,cruzamber@example.com,Lost River,History,9.0,Unpaid,Overdue,,2026-04-21,2026-05-09
875,Lisa Adams,zmiller@example.com,The Adventures of Star,Children,9.0,Waived,Overdue,,2026-04-10,2026-04-28
971,Christopher Jordan,fgarcia@example.com,The Path Handbook,Technology,9.0,Waived,Overdue,,2025-09-07,2025-09-25
1048,Brittany Hood,alexis63@example.org,River and Meaning,Philosophy,9.0,Unpaid,Overdue,,2024-01-27,2024-02-14
1051,Barbara Ray,joel28@example.org,The Shadow Strategy,Business,9.0,Paid,Overdue,2026-03-22,2022-02-10,2022-02-28
1062,James Cruz,fortiz@example.com,The Case of the Forgotten Dream,Mystery,9.0,Unpaid,Overdue,,2025-08-16,2025-09-03
1141,Jonathan Reyes,ericahall@example.com,Murder at Millbrook,Mystery,9.0,Unpaid,Overdue,,2023-02-23,2023-03-13
1150,Shannon Richardson,lopeznicole@example.org,Thinking About Light,Philosophy,9.0,Paid,Overdue,2026-02-15,2024-02-12,2024-03-01
1174,Brian Miller,nwilson@example.net,Little Fire,Children,9.0,Paid,Overdue,2026-02-12,2023-12-19,2024-01-06
1180,Ann Rodriguez,amydavenport@example.net,A Story of River,Fiction,9.0,Paid,Overdue,2026-03-27,2022-03-29,2022-04-16
1196,Michelle Cochran,erik16@example.org,The Science of Dream,Science,9.0,Paid,Overdue,2026-02-25,2024-06-24,2024-07-12
1207,Laura Martin,williamsleslie@example.org,The Last Fire,Fiction,9.0,Paid,Overdue,2026-02-22,2024-11-13,2024-12-01
1218,Cody Simmons,nicholas27@example.org,The Science of Fire,Science,9.0,Paid,Overdue,2026-03-18,2025-03-12,2025-03-30
1251,Lawrence Floyd,xhill@example.org,Star Every Day,Self-Help,9.0,Paid,Overdue,2026-03-05,2023-12-17,2024-01-04
1265,Peter Gamble,whitelucas@example.net,Light in Practice,Technology,9.0,Waived,Overdue,,2023-08-26,2023-09-13
1268,Jessica Hansen,michael43@example.net,Dream and Meaning,Philosophy,9.0,Unpaid,Overdue,,2022-12-22,2023-01-09
7,Ashley Krause,webbhaley@example.net,Dream Every Day,Self-Help,8.5,Unpaid,Overdue,,2022-07-09,2022-07-26
13,Brian Cooper,harrisonwilliam@example.com,The Ocean Strategy,Business,8.5,Unpaid,Overdue,,2024-05-10,2024-05-27
111,Wendy Sanders,vlopez@example.com,Ocean: A Chronicle,History,8.5,Paid,Overdue,2026-02-16,2024-01-20,2024-02-06
126,Michael Rodriguez,michelle63@example.com,Thinking About Shadow,Philosophy,8.5,Paid,Overdue,2026-04-06,2023-05-17,2023-06-03
140,Julie Hernandez,clove@example.org,Star in Business,Business,8.5,Unpaid,Overdue,,2022-03-28,2022-04-14
174,Lisa Evans,mcmillandennis@example.org,Little Star,Children,8.5,Paid,Damage,2026-04-10,2025-12-28,2026-01-14
207,Lisa Evans,mcmillandennis@example.org,Leading with Fire,Business,8.5,Paid,Overdue,2026-03-30,2024-10-12,2024-10-29
211,John Scott,christopher69@example.org,Murder at Riverdale,Mystery,8.5,Paid,Overdue,2026-03-28,2024-05-16,2024-06-02
271,Brian Hayes,kathleenjackson@example.org,The Adventures of Star,Children,8.5,Unpaid,Overdue,,2022-06-23,2022-07-10
290,Brandon Flynn,michael62@example.org,Mastering River,Technology,8.5,Paid,Overdue,2026-02-19,2025-09-27,2025-10-14
375,Jennifer Wilson,glovertyler@example.net,Light Explained,Science,8.5,Paid,Overdue,2026-02-11,2023-08-27,2023-09-13
420,Frank Perez,aduran@example.com,A Story of Path,Fiction,8.5,Paid,Overdue,2026-04-01,2022-01-16,2022-02-02
446,Stacy Holloway,batesdarlene@example.net,On Ocean,Philosophy,8.5,Unpaid,Overdue,,2023-06-23,2023-07-10
449,Danielle White,ryanbartlett@example.org,Understanding Fire,Science,8.5,Unpaid,Overdue,,2023-12-15,2024-01-01
478,Christopher Fry,debra96@example.net,The Shadow Handbook,Technology,8.5,Unpaid,Overdue,,2023-10-11,2023-10-28
508,Brandi Bender,icraig@example.com,A Story of Dream,Fiction,8.5,Unpaid,Overdue,,2023-08-18,2023-09-04
526,Christopher Jordan,fgarcia@example.com,The Science of Fire,Science,8.5,Paid,Overdue,2026-04-03,2024-02-08,2024-02-25
544,Benjamin Wood,chase19@example.net,The Philosophy of Dream,Philosophy,8.5,Unpaid,Lost,,2024-03-28,2024-04-14
550,Andrew Smith,jeremywiley@example.com,Mastering River,Technology,8.5,Unpaid,Overdue,,2022-05-10,2022-05-27
592,Shannon Richardson,lopeznicole@example.org,Murder at Stonehaven,Mystery,8.5,Unpaid,Damage,,2022-12-09,2022-12-26
596,Andrew Smith,jeremywiley@example.com,The Dark Secret,Mystery,8.5,Unpaid,Overdue,,2026-03-05,2026-03-22
628,Tara Johnson,campbelldavid@example.com,Lost Dream,History,8.5,Unpaid,Overdue,,2022-12-15,2023-01-01
719,Jonathan Reyes,ericahall@example.com,Light: A Chronicle,History,8.5,Paid,Overdue,2026-04-21,2025-08-27,2025-09-13
739,Melissa Rivas,ramirezshannon@example.com,The Life of Gina Pace,Biography,8.5,Paid,Overdue,2026-03-15,2025-05-15,2025-06-01
741,Michael Bruce,lisamccarthy@example.com,Shadow in Business,Business,8.5,Paid,Overdue,2026-02-11,2024-12-10,2024-12-27
764,Kristin Walter,alyssa42@example.com,River Explained,Science,8.5,Paid,Overdue,2026-04-22,2023-06-05,2023-06-22
774,Cody Simmons,nicholas27@example.org,The Rise of Shadow,History,8.5,Unpaid,Overdue,,2024-03-31,2024-04-17
778,Benjamin Wood,chase19@example.net,Principles of Star,Science,8.5,Unpaid,Overdue,,2025-10-08,2025-10-25
830,Courtney Conner,ycarlson@example.com,A Story of Storm,Fiction,8.5,Unpaid,Overdue,,2024-05-21,2024-06-07
848,Peter Gamble,whitelucas@example.net,Modern Fire,Technology,8.5,Paid,Overdue,2026-03-22,2025-10-25,2025-11-11
857,Linda Jarvis,djones@example.com,The Rise of Light,History,8.5,Waived,Overdue,,2025-12-28,2026-01-14
876,John Dawson,kathleenlowe@example.com,In the Words of Mark Garner,Biography,8.5,Unpaid,Overdue,,2023-11-05,2023-11-22
882,Bryan Wiggins,marystone@example.com,Path Goes to School,Children,8.5,Paid,Overdue,2026-02-21,2022-12-17,2023-01-03
889,Jesus Baker,ronaldstephens@example.net,The Last Ocean,Fiction,8.5,Unpaid,Overdue,,2022-11-11,2022-11-28
908,Sandra Romero,michellehill@example.com,The Light Handbook,Technology,8.5,Unpaid,Overdue,,2022-01-31,2022-02-17
920,Brian Hayes,kathleenjackson@example.org,River in Business,Business,8.5,Unpaid,Overdue,,2023-10-14,2023-10-31
970,James White,yorksarah@example.net,When Ocean Falls,Fiction,8.5,Paid,Overdue,2026-02-12,2024-12-25,2025-01-11
1075,Joyce Malone,lori82@example.org,The Path Strategy,Business,8.5,Unpaid,Overdue,,2024-04-28,2024-05-15
1086,Lawrence Floyd,xhill@example.org,The Last Fire,Fiction,8.5,Unpaid,Overdue,,2022-04-10,2022-04-27
1109,Lisa Evans,mcmillandennis@example.org,Yolanda Mccoy: A Memoir,Biography,8.5,Unpaid,Damage,,2022-06-15,2022-07-02
1210,Andrew Willis,kimmathis@example.com,Lost Star,History,8.5,Unpaid,Overdue,,2024-06-10,2024-06-27
1222,Erica Cruz,smithsarah@example.net,The Life of Eric Carlson,Biography,8.5,Unpaid,Overdue,,2024-02-18,2024-03-06
1225,Julie Hernandez,clove@example.org,A Story of Mountain,Fiction,8.5,Unpaid,Overdue,,2023-02-05,2023-02-22
1293,Kristen Leon,troyrodriguez@example.com,Principles of Ocean,Science,8.5,Unpaid,Damage,,2023-05-26,2023-06-12
1305,Robert Silva,sarah35@example.org,The Art of Storm,Business,8.5,Unpaid,Overdue,,2025-10-07,2025-10-24
8,Rachel Greene,davisdonna@example.net,Murder at Westgate,Mystery,8.0,Unpaid,Overdue,,2026-02-06,2026-02-22
59,John Wells,elliottjeffery@example.net,The Case of the Broken River,Mystery,8.0,Paid,Overdue,2026-02-25,2023-08-31,2023-09-16
158,Tara Webster,laurenchandler@example.com,Principles of Path,Science,8.0,Paid,Overdue,2026-03-09,2025-03-22,2025-04-07
163,Melissa Rivas,ramirezshannon@example.com,The Science of Star,Science,8.0,Paid,Overdue,2026-03-29,2024-10-07,2024-10-23
175,Christopher Walker,kevinperkins@example.com,Dream in Practice,Technology,8.0,Paid,Overdue,2026-03-29,2026-04-01,2026-04-17
217,Paul White,carla04@example.org,My First Storm,Children,8.0,Unpaid,Overdue,,2024-06-23,2024-07-09
221,Craig Hall,hlopez@example.net,Leading with Light,Business,8.0,Paid,Overdue,2026-04-15,2024-06-25,2024-07-11
230,Jesus Baker,ronaldstephens@example.net,Little Shadow,Children,8.0,Paid,Overdue,2026-02-12,2025-10-16,2025-11-01
243,Cynthia Faulkner,markramirez@example.com,Finding John Lucero,Biography,8.0,Unpaid,Overdue,,2022-11-14,2022-11-30
306,Tara Johnson,campbelldavid@example.com,The Art of Path,Business,8.0,Unpaid,Overdue,,2024-12-19,2025-01-04
331,Kristin Walter,alyssa42@example.com,A Story of Path,Fiction,8.0,Unpaid,Overdue,,2024-06-24,2024-07-10
361,Kristine Lane,meyernicholas@example.org,Leading with River,Business,8.0,Paid,Overdue,2026-03-05,2024-06-03,2024-06-19
363,Whitney Green,vsullivan@example.org,When Ocean Falls,Fiction,8.0,Waived,Overdue,,2023-10-19,2023-11-04
369,Deborah Dawson,jennifermartinez@example.org,The Last Dream,Fiction,8.0,Paid,Overdue,2026-04-10,2023-02-09,2023-02-25
434,Jeffrey Morgan,briannasmith@example.net,The Science of Star,Science,8.0,Unpaid,Overdue,,2025-06-26,2025-07-12
468,Heather Taylor,johnsantiago@example.net,Understanding Dream,Science,8.0,Paid,Overdue,2026-02-22,2024-09-12,2024-09-28
479,Mario Mcdonald,caseymoore@example.com,The Science of Shadow,Science,8.0,Paid,Overdue,2026-05-08,2025-05-02,2025-05-18
482,Mario Mcdonald,caseymoore@example.com,Light: A Chronicle,History,8.0,Paid,Overdue,2026-04-20,2023-08-27,2023-09-12
675,Erica Dillon,chelsea33@example.com,Becoming Forgotten,Self-Help,8.0,Paid,Overdue,2026-03-05,2025-10-16,2025-11-01
687,James Cruz,fortiz@example.com,Murder at Clearwater,Mystery,8.0,Unpaid,Overdue,,2025-12-17,2026-01-02
691,Robert Silva,sarah35@example.org,Ancient Ocean,Fiction,8.0,Paid,Overdue,2026-03-18,2024-05-25,2024-06-10
692,Daniel James,bailey40@example.net,Leading with Ocean,Business,8.0,Paid,Overdue,2026-03-07,2022-09-26,2022-10-12
733,Morgan Alexander,jsmith@example.com,The Art of Shadow,Business,8.0,Paid,Overdue,2026-03-03,2023-05-22,2023-06-07
738,Brian Cooper,harrisonwilliam@example.com,The Adventures of Path,Children,8.0,Paid,Overdue,2026-03-29,2023-02-02,2023-02-18
746,Jennifer Garcia,jonesjessica@example.com,Leading with River,Business,8.0,Paid,Overdue,2026-05-04,2022-09-23,2022-10-09
802,Audrey Aguirre,lynchdiane@example.net,The Power of Mountain,Self-Help,8.0,Paid,Overdue,2026-04-16,2025-12-15,2025-12-31
813,Danielle Dean,rodriguezrebecca@example.net,When Dream Falls,Fiction,8.0,Paid,Overdue,2026-04-22,2022-02-19,2022-03-07
835,Janet Williams,kendragalloway@example.org,The Science of Storm,Science,8.0,Paid,Overdue,2026-04-26,2024-02-11,2024-02-27
926,Brian Miller,nwilson@example.net,Stacy Mcbride: A Memoir,Biography,8.0,Waived,Overdue,,2023-06-27,2023-07-13
947,Kathryn Weaver,charlesnathan@example.com,The Fire Strategy,Business,8.0,Unpaid,Overdue,,2024-04-21,2024-05-07
974,Tina King,kellycarlos@example.org,The Adventures of Star,Children,8.0,Unpaid,Overdue,,2023-04-27,2023-05-13
1111,Margaret Robertson,moralescody@example.org,Shadow Explained,Science,8.0,Unpaid,Overdue,,2025-06-22,2025-07-08
1133,Sabrina Weaver,warrenmary@example.org,The Philosophy of Path,Philosophy,8.0,Paid,Overdue,2026-04-27,2023-12-07,2023-12-23
1139,Tyler Dixon,porterashley@example.com,The Life of Matthew Evans,Biography,8.0,Unpaid,Overdue,,2022-06-08,2022-06-24
1170,Samuel Roberson,cassie99@example.com,Mastering Dream,Technology,8.0,Paid,Overdue,2026-02-17,2023-02-24,2023-03-12
1192,Melanie Young,robert89@example.com,The Dream Handbook,Technology,8.0,Paid,Overdue,2026-03-01,2022-04-01,2022-04-17
1284,Matthew Miranda,jeremytaylor@example.org,Leading with Path,Business,8.0,Unpaid,Overdue,,2022-09-05,2022-09-21
1319,Margaret Turner,psmith@example.org,Little Shadow,Children,8.0,Paid,Overdue,2026-04-15,2023-09-01,2023-09-17
1329,Daniel James,bailey40@example.net,Principles of Path,Science,8.0,Paid,Overdue,2026-04-14,2023-12-07,2023-12-23
42,Joshua Evans,wardsheryl@example.net,Leading with Star,Business,7.5,Waived,Damage,,2025-10-24,2025-11-08
45,Wendy Allen,ibrown@example.net,The Life of Rebecca Bailey,Biography,7.5,Unpaid,Overdue,,2025-08-27,2025-09-11
63,Courtney Conner,ycarlson@example.com,Shadow and Meaning,Philosophy,7.5,Paid,Overdue,2026-02-17,2024-03-13,2024-03-28
85,Alan Rodriguez,nicoleluna@example.com,Shadow and Meaning,Philosophy,7.5,Unpaid,Overdue,,2026-03-19,2026-04-03
117,Catherine Morris,nramos@example.net,The Adventures of Star,Children,7.5,Unpaid,Overdue,,2022-11-02,2022-11-17
119,Paula Dominguez,kenneth17@example.com,Little Storm,Children,7.5,Paid,Overdue,2026-04-09,2024-03-30,2024-04-14
123,Danielle Dean,rodriguezrebecca@example.net,The Star Strategy,Business,7.5,Unpaid,Overdue,,2024-05-23,2024-06-07
165,Anthony Alvarez,timothy24@example.com,Dream Goes to School,Children,7.5,Paid,Overdue,2026-04-02,2025-01-07,2025-01-22
183,Brandon Flynn,michael62@example.org,Thinking About Fire,Philosophy,7.5,Paid,Overdue,2026-03-20,2025-05-10,2025-05-25
191,Courtney Conner,ycarlson@example.com,The Last Shadow,Fiction,7.5,Waived,Overdue,,2024-12-25,2025-01-09
195,Travis Watts,anthonyhubbard@example.com,The Life of Michael Knapp,Biography,7.5,Unpaid,Overdue,,2025-06-25,2025-07-10
202,Kayla Griffin,davidanderson@example.org,Murder at Millbrook,Mystery,7.5,Paid,Overdue,2026-02-12,2024-10-07,2024-10-22
204,Tina Ferguson,qvargas@example.org,The Adventures of Mountain,Children,7.5,Unpaid,Overdue,,2025-08-24,2025-09-08
241,Kiara Mullins,darlenebyrd@example.org,Leading with Light,Business,7.5,Paid,Overdue,2026-03-06,2025-10-09,2025-10-24
244,Robert Silva,sarah35@example.org,Fire in Business,Business,7.5,Waived,Overdue,,2023-12-20,2024-01-04
248,Robert Johnson,jacqueline89@example.net,The Science of Star,Science,7.5,Paid,Overdue,2026-02-24,2025-10-11,2025-10-26
253,Andrew Willis,kimmathis@example.com,Master Your River,Self-Help,7.5,Unpaid,Overdue,,2023-12-22,2024-01-06
277,Wendy Allen,ibrown@example.net,The Adventures of Storm,Children,7.5,Unpaid,Overdue,,2025-12-14,2025-12-29
325,Tommy Lee,tanyariley@example.net,My First Mountain,Children,7.5,Unpaid,Overdue,,2025-08-20,2025-09-04
335,Nicole Moore,craigjoseph@example.net,Thinking About Storm,Philosophy,7.5,Paid,Damage,2026-03-24,2023-07-05,2023-07-20
371,Daniel Diaz,diazgregory@example.net,In the Words of Cynthia Kennedy,Biography,7.5,Paid,Overdue,2026-04-17,2024-10-04,2024-10-19
382,Alexander Benson,torresthomas@example.com,Storm Goes to School,Children,7.5,Paid,Overdue,2026-04-10,2025-12-31,2026-01-15
403,Sabrina Weaver,warrenmary@example.org,Understanding Shadow,Science,7.5,Unpaid,Overdue,,2025-08-10,2025-08-25
407,Michelle Cochran,erik16@example.org,The Dream Strategy,Business,7.5,Unpaid,Overdue,,2025-04-02,2025-04-17
419,Sean Montes,brittanybryant@example.net,The Science of Fire,Science,7.5,Paid,Overdue,2026-03-05,2023-09-30,2023-10-15
428,Kristen Strickland,wallaceangel@example.com,The Science of Fire,Science,7.5,Unpaid,Overdue,,2025-01-22,2025-02-06
490,Angela Gonzales,andersonkylie@example.net,The Life of Eric Carlson,Biography,7.5,Unpaid,Overdue,,2024-03-24,2024-04-08
496,Ashley Peterson,gilbertcaldwell@example.net,The Case of the Golden Light,Mystery,7.5,Unpaid,Overdue,,2023-12-02,2023-12-17
504,Danielle Dean,rodriguezrebecca@example.net,Principles of River,Science,7.5,Waived,Overdue,,2023-09-27,2023-10-12
531,Kathy Obrien,kimberlyjames@example.com,The History of Path,History,7.5,Paid,Damage,2026-02-15,2024-08-28,2024-09-12
582,Daniel Diaz,diazgregory@example.net,Broken River,Fiction,7.5,Unpaid,Overdue,,2025-11-15,2025-11-30
621,Paul Scott,deborah75@example.org,The Life of Matthew Evans,Biography,7.5,Paid,Overdue,2026-04-17,2025-02-16,2025-03-03
638,Omar Padilla,charles06@example.org,In the Words of Daniel Howell,Biography,7.5,Paid,Overdue,2026-02-22,2023-11-01,2023-11-16
668,Dale Sandoval,william66@example.net,Principles of Star,Science,7.5,Unpaid,Overdue,,2023-06-23,2023-07-08
677,John Wells,elliottjeffery@example.net,Modern Storm,Technology,7.5,Paid,Overdue,2026-04-17,2022-07-01,2022-07-16
690,Sandra Romero,michellehill@example.com,Missing Shadow,Mystery,7.5,Paid,Overdue,2026-04-27,2025-02-03,2025-02-18
781,Andrew Willis,kimmathis@example.com,Principles of River,Science,7.5,Unpaid,Overdue,,2023-01-06,2023-01-21
791,Gary Richardson,brooksdanielle@example.net,In the Words of Cynthia Kennedy,Biography,7.5,Paid,Overdue,2026-02-22,2025-02-13,2025-02-28
795,Jennifer Coleman,pmorrow@example.com,The Science of Storm,Science,7.5,Unpaid,Overdue,,2022-06-20,2022-07-05
838,Joshua Evans,wardsheryl@example.net,Finding Leslie Sims,Biography,7.5,Unpaid,Overdue,,2023-08-27,2023-09-11
872,Mario Mcdonald,caseymoore@example.com,The Dark Secret,Mystery,7.5,Paid,Overdue,2026-02-18,2024-04-07,2024-04-22
890,Rebecca Martin,ugarrett@example.net,My First Mountain,Children,7.5,Unpaid,Overdue,,2022-10-22,2022-11-06
954,Christopher Fry,debra96@example.net,The Rise of Dream,History,7.5,Unpaid,Lost,,2024-08-12,2024-08-27
997,Ryan Swanson,annalewis@example.net,Principles of Ocean,Science,7.5,Paid,Overdue,2026-03-02,2023-02-28,2023-03-15
1012,Paige Alvarez,glassgabrielle@example.com,Becoming Lost,Self-Help,7.5,Unpaid,Overdue,,2024-01-12,2024-01-27
1055,Angela Gonzales,andersonkylie@example.net,The Art of Shadow,Business,7.5,Unpaid,Overdue,,2023-12-27,2024-01-11
1073,Lawrence Floyd,xhill@example.org,The Life of Michael Knapp,Biography,7.5,Waived,Overdue,,2024-04-05,2024-04-20
1082,Cynthia Benjamin,diazmelissa@example.com,The Hidden Secret,Mystery,7.5,Unpaid,Overdue,,2024-11-19,2024-12-04
1089,Corey Martin,lisawoods@example.net,Principles of Shadow,Science,7.5,Unpaid,Overdue,,2023-08-16,2023-08-31
1110,Kevin Hardy,angela03@example.net,Master Your Dream,Self-Help,7.5,Waived,Overdue,,2025-11-19,2025-12-04
1117,Nathan Richards,eyork@example.org,Little River,Children,7.5,Paid,Overdue,2026-05-11,2024-08-15,2024-08-30
1159,Stacy Holloway,batesdarlene@example.net,Light: A Chronicle,History,7.5,Unpaid,Overdue,,2024-09-10,2024-09-25
1213,Andrea Jones,alicia28@example.org,Broken Storm,Fiction,7.5,Unpaid,Overdue,,2023-10-11,2023-10-26
1254,Linda Jarvis,djones@example.com,Fire and Meaning,Philosophy,7.5,Paid,Overdue,2026-04-27,2022-02-25,2022-03-12
1281,Charles Schultz,rebeccabailey@example.net,Becoming Lost,Self-Help,7.5,Paid,Overdue,2026-05-03,2023-11-22,2023-12-07
35,Dylan Becker,armstrongjackie@example.org,Path and Meaning,Philosophy,7.0,Unpaid,Overdue,,2022-10-04,2022-10-18
51,Paula Dominguez,kenneth17@example.com,Path in Practice,Technology,7.0,Paid,Overdue,2026-03-19,2025-05-09,2025-05-23
54,Lawrence Floyd,xhill@example.org,A Story of Ocean,Fiction,7.0,Paid,Overdue,2026-04-29,2023-09-20,2023-10-04
67,Catherine Morris,nramos@example.net,The Last Ocean,Fiction,7.0,Paid,Overdue,2026-02-10,2022-09-03,2022-09-17
116,Stephen Madden,steven12@example.org,The Ocean Strategy,Business,7.0,Unpaid,Overdue,,2023-08-23,2023-09-06
162,Kevin Miller,qjames@example.org,When Ocean Falls,Fiction,7.0,Unpaid,Overdue,,2023-12-13,2023-12-27
188,Cynthia Benjamin,diazmelissa@example.com,Star Explained,Science,7.0,Paid,Overdue,2026-04-14,2023-07-06,2023-07-20
226,Jennifer Brock,ghernandez@example.org,Little Shadow,Children,7.0,Unpaid,Overdue,,2024-08-19,2024-09-02
231,John Terry,melissa91@example.net,Master Your Dream,Self-Help,7.0,Paid,Overdue,2026-04-21,2025-01-06,2025-01-20
252,Ashley Peterson,gilbertcaldwell@example.net,Fire and Meaning,Philosophy,7.0,Unpaid,Overdue,,2022-11-13,2022-11-27
281,Timothy Carroll,ywhite@example.com,The Last Dream,Fiction,7.0,Unpaid,Overdue,,2024-04-28,2024-05-12
329,Sara Little,william13@example.org,Ocean Explained,Science,7.0,Unpaid,Overdue,,2022-04-26,2022-05-10
336,Kaitlyn Navarro,aprilbyrd@example.org,The Ocean Strategy,Business,7.0,Unpaid,Overdue,,2026-01-14,2026-01-28
344,Joseph Young,aprilmoody@example.com,Modern Fire,Technology,7.0,Unpaid,Overdue,,2026-03-26,2026-04-09
346,Lisa Evans,mcmillandennis@example.org,Mountain Every Day,Self-Help,7.0,Paid,Overdue,2026-04-15,2022-12-15,2022-12-29
358,Nicole James,cruzamber@example.com,Little River,Children,7.0,Paid,Overdue,2026-05-05,2025-05-28,2025-06-11
359,Jessica Hansen,michael43@example.net,The Light Handbook,Technology,7.0,Waived,Overdue,,2022-07-05,2022-07-19
441,Edward Reyes,jasminebrown@example.com,James Lee: A Memoir,Biography,7.0,Unpaid,Overdue,,2022-05-07,2022-05-21
444,Brian Simmons,janetvance@example.net,The History of Mountain,History,7.0,Paid,Overdue,2026-03-23,2024-07-31,2024-08-14
471,Jeremy Johnson,richard13@example.net,A Story of River,Fiction,7.0,Paid,Overdue,2026-02-23,2023-12-11,2023-12-25
497,Kathy Beard,tali@example.com,The Science of Star,Science,7.0,Unpaid,Overdue,,2023-10-09,2023-10-23
506,Rebekah Hill,cstephenson@example.net,The Ocean Strategy,Business,7.0,Paid,Overdue,2026-04-15,2022-12-24,2023-01-07
533,Peter Gamble,whitelucas@example.net,Mountain in Practice,Technology,7.0,Unpaid,Overdue,,2025-09-15,2025-09-29
551,Catherine Morris,nramos@example.net,Murder at Clearwater,Mystery,7.0,Paid,Overdue,2026-02-10,2025-09-07,2025-09-21
579,Amanda Oconnell,shannonford@example.org,Finding Karla Willis,Biography,7.0,Paid,Overdue,2026-04-23,2024-11-08,2024-11-22
591,Brian Simmons,janetvance@example.net,Murder at Stonehaven,Mystery,7.0,Paid,Overdue,2026-04-12,2022-12-12,2022-12-26
623,Laura Martin,williamsleslie@example.org,The Mountain Handbook,Technology,7.0,Paid,Overdue,2026-04-22,2024-07-16,2024-07-30
634,Michael Turner,joshuamccann@example.net,Master Your Storm,Self-Help,7.0,Paid,Overdue,2026-05-04,2025-06-06,2025-06-20
648,Cynthia Benjamin,diazmelissa@example.com,Missing Mountain,Mystery,7.0,Unpaid,Overdue,,2026-02-24,2026-03-10
664,Tyler Dixon,porterashley@example.com,The Philosophy of Path,Philosophy,7.0,Paid,Overdue,2026-03-01,2023-12-10,2023-12-24
681,Kevin Miller,qjames@example.org,The Adventures of Storm,Children,7.0,Paid,Overdue,2026-04-20,2025-11-25,2025-12-09
747,John Scott,christopher69@example.org,In the Words of Joseph Chapman,Biography,7.0,Paid,Overdue,2026-03-09,2024-10-11,2024-10-25
753,Deborah Dawson,jennifermartinez@example.org,The Star Handbook,Technology,7.0,Paid,Overdue,2026-04-23,2023-01-25,2023-02-08
769,Paula Dominguez,kenneth17@example.com,Finding Autumn Gallagher,Biography,7.0,Paid,Overdue,2026-02-28,2024-08-22,2024-09-05
792,Kathy Beard,tali@example.com,On Storm,Philosophy,7.0,Unpaid,Overdue,,2024-01-05,2024-01-19
806,John Scott,christopher69@example.org,Ocean Explained,Science,7.0,Paid,Overdue,2026-03-24,2023-12-14,2023-12-28
833,Amanda Oconnell,shannonford@example.org,The Science of Fire,Science,7.0,Paid,Overdue,2026-03-14,2024-05-01,2024-05-15
884,Courtney Conner,ycarlson@example.com,The Last Ocean,Fiction,7.0,Unpaid,Overdue,,2023-07-31,2023-08-14
894,Matthew Miranda,jeremytaylor@example.org,A Story of Ocean,Fiction,7.0,Paid,Overdue,2026-04-02,2026-01-10,2026-01-24
895,Lawrence Floyd,xhill@example.org,A Story of Fire,Fiction,7.0,Paid,Overdue,2026-04-04,2025-11-18,2025-12-02
906,Craig Hall,hlopez@example.net,Master Your Dream,Self-Help,7.0,Paid,Overdue,2026-04-22,2025-01-20,2025-02-03
932,Shawn Garcia,buckleygregory@example.org,Thinking About Shadow,Philosophy,7.0,Unpaid,Overdue,,2025-08-11,2025-08-25
983,Rachel Greene,davisdonna@example.net,Mountain Every Day,Self-Help,7.0,Unpaid,Overdue,,2022-12-15,2022-12-29
1006,Alexander King,ogreer@example.net,The Hidden Secret,Mystery,7.0,Unpaid,Overdue,,2026-04-03,2026-04-17
1007,Brian Miller,nwilson@example.net,Becoming Ancient,Self-Help,7.0,Paid,Damage,2026-04-22,2025-12-03,2025-12-17
1046,Ann Rodriguez,amydavenport@example.net,Darren Huynh: A Memoir,Biography,7.0,Paid,Overdue,2026-04-26,2022-09-03,2022-09-17
1076,Tyler Dixon,porterashley@example.com,The Case of the Broken River,Mystery,7.0,Paid,Overdue,2026-03-26,2023-10-14,2023-10-28
1097,Audrey Aguirre,lynchdiane@example.net,The Power of Dream,Self-Help,7.0,Paid,Overdue,2026-03-23,2025-07-11,2025-07-25
1157,Kayla Griffin,davidanderson@example.org,Missing Shadow,Mystery,7.0,Unpaid,Overdue,,2025-07-29,2025-08-12
1220,Morgan Alexander,jsmith@example.com,The Case of the Hidden Shadow,Mystery,7.0,Waived,Overdue,,2022-03-24,2022-04-07
1237,Jose Williams,fryraymond@example.com,Modern Mountain,Technology,7.0,Unpaid,Overdue,,2023-08-08,2023-08-22
1244,Andrew Smith,jeremywiley@example.com,My First Mountain,Children,7.0,Unpaid,Overdue,,2025-05-18,2025-06-01
1249,Christopher Jordan,fgarcia@example.com,When River Falls,Fiction,7.0,Paid,Overdue,2026-05-05,2023-05-19,2023-06-02
1259,Paul Scott,deborah75@example.org,The Rise of Shadow,History,7.0,Unpaid,Overdue,,2023-09-07,2023-09-21
1271,John Dawson,kathleenlowe@example.com,Little Storm,Children,7.0,Unpaid,Overdue,,2026-03-31,2026-04-14
1279,Timothy Hinton,kim62@example.net,Understanding Shadow,Science,7.0,Paid,Overdue,2026-03-30,2024-06-30,2024-07-14
1294,Anthony Alvarez,timothy24@example.com,Dream Explained,Science,7.0,Paid,Overdue,2026-04-10,2022-05-11,2022-05-25
1296,Lawrence Floyd,xhill@example.org,The Last Ocean,Fiction,7.0,Unpaid,Overdue,,2025-05-04,2025-05-18
1312,Rebecca Martin,ugarrett@example.net,Understanding River,Science,7.0,Paid,Overdue,2026-03-24,2023-11-15,2023-11-29
10,Paul Scott,deborah75@example.org,The Shadow Handbook,Technology,6.5,Unpaid,Overdue,,2022-07-05,2022-07-18
38,Tyler Dixon,porterashley@example.com,Missing Mountain,Mystery,6.5,Unpaid,Overdue,,2024-11-01,2024-11-14
55,Patrick Torres,floresannette@example.com,Principles of Star,Science,6.5,Waived,Overdue,,2025-02-10,2025-02-23
141,Dale Sandoval,william66@example.net,Lost Dream,History,6.5,Waived,Damage,,2023-12-02,2023-12-15
145,Laura Martin,williamsleslie@example.org,The Science of Path,Science,6.5,Paid,Overdue,2026-02-16,2026-01-07,2026-01-20
171,James White,yorksarah@example.net,The History of Dream,History,6.5,Waived,Overdue,,2022-10-20,2022-11-02
295,Lisa Evans,mcmillandennis@example.org,The Last Storm,Fiction,6.5,Waived,Overdue,,2025-03-23,2025-04-05
321,Riley Morgan,mccormickdeborah@example.org,Murder at Westgate,Mystery,6.5,Unpaid,Overdue,,2025-07-31,2025-08-13
322,Samuel Roberson,cassie99@example.com,Modern Ocean,Technology,6.5,Paid,Overdue,2026-05-02,2024-10-17,2024-10-30
327,Johnathan Gilbert,michaela01@example.net,The Science of Storm,Science,6.5,Paid,Overdue,2026-03-17,2023-08-15,2023-08-28
334,Ann Shea,johnadams@example.com,Ocean Explained,Science,6.5,Unpaid,Overdue,,2026-02-11,2026-02-24
415,Lawrence Floyd,xhill@example.org,Missing Shadow,Mystery,6.5,Unpaid,Overdue,,2023-12-12,2023-12-25
427,Michael Rodriguez,michelle63@example.com,The Adventures of Storm,Children,6.5,Unpaid,Overdue,,2022-02-03,2022-02-16
435,Andrew Smith,jeremywiley@example.com,Path in Practice,Technology,6.5,Waived,Overdue,,2023-11-07,2023-11-20
492,Brenda Smith,barbara27@example.net,Finding Karla Willis,Biography,6.5,Paid,Overdue,2026-03-06,2026-02-05,2026-02-18
509,Adam Macias,emartin@example.net,The Life of Steven Hicks,Biography,6.5,Paid,Overdue,2026-05-08,2024-10-17,2024-10-30
515,Brian Simmons,janetvance@example.net,Mastering Shadow,Technology,6.5,Paid,Overdue,2026-05-05,2025-04-29,2025-05-12
518,Rebecca Lee,smurray@example.com,The Power of Mountain,Self-Help,6.5,Paid,Overdue,2026-02-27,2022-01-18,2022-01-31
609,Erica Cruz,smithsarah@example.net,The Light Handbook,Technology,6.5,Unpaid,Overdue,,2024-06-26,2024-07-09
618,Cynthia Benjamin,diazmelissa@example.com,Little River,Children,6.5,Unpaid,Overdue,,2023-07-09,2023-07-22
629,Sandra Romero,michellehill@example.com,The Power of Storm,Self-Help,6.5,Paid,Overdue,2026-04-13,2022-08-13,2022-08-26
642,Andrea Stephens,jvaldez@example.com,River and Meaning,Philosophy,6.5,Unpaid,Overdue,,2023-05-01,2023-05-14
646,Hannah Bowers,smithtodd@example.com,When Mountain Falls,Fiction,6.5,Paid,Overdue,2026-03-20,2023-09-10,2023-09-23
649,Paul White,carla04@example.org,Dream in Practice,Technology,6.5,Unpaid,Overdue,,2023-05-31,2023-06-13
671,Zachary Mccoy,leescott@example.com,Understanding Fire,Science,6.5,Waived,Overdue,,2024-02-19,2024-03-03
695,Sabrina Weaver,warrenmary@example.org,The Science of Path,Science,6.5,Unpaid,Overdue,,2025-10-24,2025-11-06
702,John Davis,sonia96@example.org,The Fire Strategy,Business,6.5,Unpaid,Overdue,,2024-10-16,2024-10-29
712,Robert Hawkins,petersenlatoya@example.net,A Story of Storm,Fiction,6.5,Paid,Overdue,2026-03-04,2024-11-27,2024-12-10
715,Amy Lopez,kfoster@example.net,The Rise of Shadow,History,6.5,Unpaid,Overdue,,2025-10-20,2025-11-02
755,Lori Davis,marybrown@example.org,Modern Shadow,Technology,6.5,Paid,Overdue,2026-03-31,2024-01-10,2024-01-23
793,Margaret Robertson,moralescody@example.org,Principles of Star,Science,6.5,Unpaid,Overdue,,2025-05-04,2025-05-17
821,Erica Dillon,chelsea33@example.com,Becoming Ancient,Self-Help,6.5,Unpaid,Overdue,,2025-04-05,2025-04-18
825,Rebekah Hill,cstephenson@example.net,Leading with River,Business,6.5,Paid,Overdue,2026-02-20,2025-06-07,2025-06-20
826,Stacy Holloway,batesdarlene@example.net,Leading with Path,Business,6.5,Unpaid,Overdue,,2023-05-31,2023-06-13
868,Paige Alvarez,glassgabrielle@example.com,Missing Shadow,Mystery,6.5,Unpaid,Overdue,,2022-06-20,2022-07-03
874,Karen Evans,colemichael@example.org,Shadow: A Chronicle,History,6.5,Paid,Overdue,2026-03-23,2022-11-19,2022-12-02
949,Manuel Lee,amanda71@example.com,Lost Ocean,History,6.5,Paid,Lost,2026-05-11,2024-03-10,2024-03-23
978,Kathy Beard,tali@example.com,Dream Explained,Science,6.5,Paid,Overdue,2026-03-07,2022-01-16,2022-01-29
1040,Brittany Hood,alexis63@example.org,The History of Storm,History,6.5,Paid,Overdue,2026-03-26,2022-05-31,2022-06-13
1050,Brittany Hood,alexis63@example.org,The Science of Star,Science,6.5,Unpaid,Overdue,,2025-08-18,2025-08-31
1099,Manuel Lee,amanda71@example.com,The Life of Allison Simmons,Biography,6.5,Unpaid,Overdue,,2024-05-02,2024-05-15
1119,Andrea Jones,alicia28@example.org,Leading with River,Business,6.5,Waived,Overdue,,2025-09-11,2025-09-24
1124,Omar Padilla,charles06@example.org,Murder at Millbrook,Mystery,6.5,Unpaid,Overdue,,2022-09-14,2022-09-27
1179,Valerie Jones,adavis@example.net,A Story of Path,Fiction,6.5,Paid,Overdue,2026-04-06,2022-03-04,2022-03-17
1199,Joshua White,tiffanyparks@example.org,The River Strategy,Business,6.5,Unpaid,Overdue,,2026-02-28,2026-03-13
1202,Thomas Carlson,kelli32@example.com,Master Your Ocean,Self-Help,6.5,Unpaid,Overdue,,2025-12-04,2025-12-17
1205,Diana Mitchell,bautistalori@example.net,The History of Dream,History,6.5,Unpaid,Overdue,,2023-04-08,2023-04-21
15,Erica Cruz,smithsarah@example.net,The Power of Storm,Self-Help,6.0,Paid,Overdue,2026-04-03,2022-08-08,2022-08-20
17,Christopher Walker,kevinperkins@example.com,The Path Handbook,Technology,6.0,Waived,Overdue,,2026-02-06,2026-02-18
21,Samuel Roberson,cassie99@example.com,Ocean Goes to School,Children,6.0,Paid,Overdue,2026-03-20,2024-01-08,2024-01-20
23,Samuel Roberson,cassie99@example.com,The Last Dream,Fiction,6.0,Waived,Overdue,,2023-02-17,2023-03-01
43,Ashley Krause,webbhaley@example.net,Mountain Every Day,Self-Help,6.0,Unpaid,Overdue,,2024-05-27,2024-06-08
61,Laura Martin,williamsleslie@example.org,Understanding Fire,Science,6.0,Unpaid,Overdue,,2022-05-09,2022-05-21
92,Shannon Richardson,lopeznicole@example.org,My First Ocean,Children,6.0,Unpaid,Overdue,,2024-04-11,2024-04-23
115,Robert Hawkins,petersenlatoya@example.net,Mastering Dream,Technology,6.0,Unpaid,Lost,,2023-06-02,2023-06-14
155,Tracey Wilson,jonathanfletcher@example.org,When River Falls,Fiction,6.0,Unpaid,Overdue,,2022-05-05,2022-05-17
164,Brenda Smith,barbara27@example.net,Principles of Dream,Science,6.0,Paid,Overdue,2026-04-17,2023-01-10,2023-01-22
190,Lisa Adams,zmiller@example.com,A Story of Mountain,Fiction,6.0,Paid,Overdue,2026-05-10,2023-06-21,2023-07-03
197,Ashley Peterson,gilbertcaldwell@example.net,Star Explained,Science,6.0,Unpaid,Overdue,,2022-11-21,2022-12-03
228,Brittany Hood,alexis63@example.org,The Star Strategy,Business,6.0,Paid,Overdue,2026-04-03,2022-03-24,2022-04-05
284,Travis Watts,anthonyhubbard@example.com,Shadow: A Chronicle,History,6.0,Unpaid,Overdue,,2023-07-28,2023-08-09
299,Kimberly Bryant,wolfesteve@example.net,The Philosophy of River,Philosophy,6.0,Unpaid,Overdue,,2023-07-12,2023-07-24
362,Natasha Decker,john39@example.org,The Broken Secret,Mystery,6.0,Paid,Overdue,2026-03-01,2023-01-17,2023-01-29
390,Timothy Hinton,kim62@example.net,Thinking About Ocean,Philosophy,6.0,Paid,Lost,2026-02-20,2022-07-07,2022-07-19
414,James Washington,johnsondarlene@example.com,When Dream Falls,Fiction,6.0,Paid,Overdue,2026-04-04,2025-01-11,2025-01-23
451,Yolanda Smith,evan79@example.net,The Star Strategy,Business,6.0,Paid,Overdue,2026-05-08,2026-03-10,2026-03-22
461,Angela Gonzales,andersonkylie@example.net,The Philosophy of Star,Philosophy,6.0,Unpaid,Overdue,,2024-09-11,2024-09-23
473,Kristen Leon,troyrodriguez@example.com,Little Star,Children,6.0,Unpaid,Lost,,2025-06-12,2025-06-24
485,Kaitlyn Navarro,aprilbyrd@example.org,The Adventures of Mountain,Children,6.0,Unpaid,Overdue,,2024-03-05,2024-03-17
524,Steven Lara,davidbrown@example.org,The Science of Dream,Science,6.0,Unpaid,Overdue,,2022-08-08,2022-08-20
529,Yolanda Smith,evan79@example.net,On Dream,Philosophy,6.0,Waived,Overdue,,2023-05-08,2023-05-20
537,Stacy Holloway,batesdarlene@example.net,River Explained,Science,6.0,Unpaid,Overdue,,2025-05-08,2025-05-20
577,Daniel Diaz,diazgregory@example.net,Mastering River,Technology,6.0,Unpaid,Overdue,,2025-02-17,2025-03-01
600,John Scott,christopher69@example.org,The Light Handbook,Technology,6.0,Paid,Overdue,2026-04-05,2023-04-29,2023-05-11
674,Jeremy Johnson,richard13@example.net,Alejandro Campbell: A Memoir,Biography,6.0,Paid,Overdue,2026-04-08,2023-09-02,2023-09-14
698,Gary Richardson,brooksdanielle@example.net,A Story of Path,Fiction,6.0,Paid,Overdue,2026-03-15,2024-03-26,2024-04-07
721,Sean Montes,brittanybryant@example.net,The Life of Cody Hopkins,Biography,6.0,Unpaid,Overdue,,2024-10-22,2024-11-03
732,Catherine Hamilton,garciajamie@example.org,The Dark Secret,Mystery,6.0,Unpaid,Overdue,,2025-07-08,2025-07-20
735,Brittany Hood,alexis63@example.org,The Last Ocean,Fiction,6.0,Unpaid,Overdue,,2023-02-16,2023-02-28
736,Timothy Gibson,robert87@example.net,Dream Explained,Science,6.0,Paid,Overdue,2026-02-13,2022-08-09,2022-08-21
910,Kathy Beard,tali@example.com,Mastering Dream,Technology,6.0,Paid,Overdue,2026-03-27,2025-04-08,2025-04-20
911,Randy Velasquez,bethwilliams@example.com,Missing Star,Mystery,6.0,Paid,Overdue,2026-03-23,2025-05-29,2025-06-10
916,Benjamin Wood,chase19@example.net,Missing River,Mystery,6.0,Unpaid,Overdue,,2024-09-05,2024-09-17
988,Shannon Richardson,lopeznicole@example.org,When River Falls,Fiction,6.0,Paid,Overdue,2026-05-03,2023-10-07,2023-10-19
1032,Kevin Miller,qjames@example.org,Principles of Storm,Science,6.0,Waived,Overdue,,2023-02-03,2023-02-15
1038,Jeremiah Peterson,fsandoval@example.net,Modern Ocean,Technology,6.0,Paid,Overdue,2026-03-02,2023-08-08,2023-08-20
1041,Kevin Miller,qjames@example.org,When Path Falls,Fiction,6.0,Unpaid,Overdue,,2026-04-29,
1042,Travis Brown,jenniferdavis@example.org,My First Dream,Children,6.0,Paid,Overdue,2026-02-27,2023-08-03,2023-08-15
1065,Paula Dominguez,kenneth17@example.com,Mastering Fire,Technology,6.0,Paid,Overdue,2026-03-30,2022-07-25,2022-08-06
1096,Kristen Leon,troyrodriguez@example.com,Modern Path,Technology,6.0,Waived,Overdue,,2023-04-27,2023-05-09
1178,Cody Simmons,nicholas27@example.org,The Light Handbook,Technology,6.0,Paid,Overdue,2026-03-14,2023-11-07,2023-11-19
1247,Sharon Kennedy,johnsonrandy@example.org,Understanding Shadow,Science,6.0,Paid,Damage,2026-05-05,2026-04-25,2026-05-07
1267,Kevin Hardy,angela03@example.net,The Last Dream,Fiction,6.0,Unpaid,Overdue,,2024-01-09,2024-01-21
1277,Rachel Greene,davisdonna@example.net,In the Words of Erika Hayes,Biography,6.0,Paid,Overdue,2026-04-07,2024-02-14,2024-02-26
1292,Paula Dominguez,kenneth17@example.com,The Path Handbook,Technology,6.0,Unpaid,Overdue,,2024-01-28,2024-02-09
1306,Steven Lara,davidbrown@example.org,Understanding Fire,Science,6.0,Unpaid,Overdue,,2023-10-04,2023-10-16
1311,Barbara Ray,joel28@example.org,Star Explained,Science,6.0,Unpaid,Overdue,,2024-10-30,2024-11-11
25,Kimberly Bryant,wolfesteve@example.net,The Science of Storm,Science,5.5,Paid,Overdue,2026-04-03,2023-06-11,2023-06-22
49,Michael Turner,joshuamccann@example.net,The Rise of Dream,History,5.5,Paid,Overdue,2026-03-21,2025-07-03,2025-07-14
56,Jennifer Wilson,glovertyler@example.net,The Mountain Handbook,Technology,5.5,Paid,Overdue,2026-03-11,2022-12-15,2022-12-26
100,Anthony Alvarez,timothy24@example.com,The Adventures of Ocean,Children,5.5,Paid,Overdue,2026-04-27,2022-08-23,2022-09-03
104,Adam Macias,emartin@example.net,The Science of Star,Science,5.5,Unpaid,Damage,,2025-07-19,2025-07-30
114,Jennifer Coleman,pmorrow@example.com,Understanding Path,Science,5.5,Paid,Overdue,2026-02-15,2022-04-10,2022-04-21
121,Robert Hawkins,petersenlatoya@example.net,The Secret Secret,Mystery,5.5,Paid,Overdue,2026-05-04,2022-07-08,2022-07-19
201,Ann Rodriguez,amydavenport@example.net,The Rise of Light,History,5.5,Unpaid,Overdue,,2025-09-29,2025-10-10
289,Matthew Miranda,jeremytaylor@example.org,In the Words of Angela Robinson,Biography,5.5,Paid,Overdue,2026-03-16,2022-10-17,2022-10-28
291,Benjamin Wood,chase19@example.net,River Goes to School,Children,5.5,Unpaid,Overdue,,2024-03-26,2024-04-06
339,Ann Shea,johnadams@example.com,Shadow in Business,Business,5.5,Waived,Overdue,,2022-01-25,2022-02-05
355,Joshua Evans,wardsheryl@example.net,My First Fire,Children,5.5,Unpaid,Overdue,,2026-03-18,2026-03-29
410,Kiara Mullins,darlenebyrd@example.org,The Case of the Lost Storm,Mystery,5.5,Paid,Overdue,2026-04-06,2025-10-06,2025-10-17
418,Ryan Swanson,annalewis@example.net,Lost River,History,5.5,Paid,Overdue,2026-03-27,2024-11-21,2024-12-02
442,Melanie Young,robert89@example.com,My First Shadow,Children,5.5,Unpaid,Overdue,,2022-05-01,2022-05-12
462,Margaret Robertson,moralescody@example.org,The Mountain Handbook,Technology,5.5,Unpaid,Overdue,,2023-10-03,2023-10-14
475,Alexander Benson,torresthomas@example.com,Master Your Fire,Self-Help,5.5,Unpaid,Overdue,,2023-02-01,2023-02-12
483,Danielle Dean,rodriguezrebecca@example.net,In the Words of David Cooper,Biography,5.5,Unpaid,Damage,,2026-02-24,2026-03-07
493,Randy Brooks,xvang@example.org,A Story of Path,Fiction,5.5,Unpaid,Overdue,,2025-09-15,2025-09-26
494,John Wise,cwright@example.org,The Life of Gina Pace,Biography,5.5,Waived,Overdue,,2022-07-28,2022-08-08
507,Yolanda Smith,evan79@example.net,Master Your Light,Self-Help,5.5,Paid,Overdue,2026-03-22,2024-09-28,2024-10-09
512,Lawrence Floyd,xhill@example.org,Leading with River,Business,5.5,Waived,Damage,,2025-12-11,2025-12-22
523,Tyler Dixon,porterashley@example.com,When River Falls,Fiction,5.5,Waived,Overdue,,2024-01-24,2024-02-04
553,Michael Bruce,lisamccarthy@example.com,Murder at Millbrook,Mystery,5.5,Waived,Overdue,,2023-01-03,2023-01-14
576,Michael Rodriguez,michelle63@example.com,Principles of Star,Science,5.5,Waived,Overdue,,2022-12-30,2023-01-10
593,Valerie Jones,adavis@example.net,Ocean Goes to School,Children,5.5,Unpaid,Overdue,,2024-11-07,2024-11-18
612,Matthew Miranda,jeremytaylor@example.org,The Life of Dawn Martinez,Biography,5.5,Paid,Overdue,2026-03-24,2024-03-11,2024-03-22
620,Hannah Bowers,smithtodd@example.com,The Science of Shadow,Science,5.5,Waived,Overdue,,2022-08-20,2022-08-31
655,Alexander King,ogreer@example.net,The Shadow Handbook,Technology,5.5,Paid,Overdue,2026-04-06,2025-09-12,2025-09-23
710,Brian Hayes,kathleenjackson@example.org,Evan Myers: A Memoir,Biography,5.5,Unpaid,Overdue,,2023-10-29,2023-11-09
789,Jeffery Brock,pwilliams@example.org,In the Words of Christine Crawford,Biography,5.5,Unpaid,Overdue,,2025-01-13,2025-01-24
790,Yolanda Smith,evan79@example.net,Dream Every Day,Self-Help,5.5,Paid,Overdue,2026-02-23,2024-09-28,2024-10-09
803,Jeffrey Morgan,briannasmith@example.net,A Story of River,Fiction,5.5,Unpaid,Overdue,,2023-07-22,2023-08-02
919,Michelle Cochran,erik16@example.org,In the Words of William Griffin,Biography,5.5,Paid,Overdue,2026-03-07,2024-06-24,2024-07-05
922,Courtney Conner,ycarlson@example.com,Lost Light,History,5.5,Paid,Overdue,2026-04-21,2022-10-05,2022-10-16
952,Deborah Dawson,jennifermartinez@example.org,Little Storm,Children,5.5,Paid,Overdue,2026-04-12,2024-02-12,2024-02-23
968,Kaitlyn Navarro,aprilbyrd@example.org,Thinking About Fire,Philosophy,5.5,Unpaid,Overdue,,2025-06-12,2025-06-23
1008,Christine Becker,vwilliams@example.net,On Path,Philosophy,5.5,Unpaid,Overdue,,2022-01-28,2022-02-08
1023,Andrea Jones,alicia28@example.org,Broken Storm,Fiction,5.5,Paid,Overdue,2026-04-14,2024-04-28,2024-05-09
1069,Timothy Hinton,kim62@example.net,Shadow: A Chronicle,History,5.5,Paid,Overdue,2026-02-10,2025-07-22,2025-08-02
1084,Brian Miller,nwilson@example.net,The Science of Shadow,Science,5.5,Paid,Overdue,2026-03-08,2025-09-24,2025-10-05
1090,Lawrence Floyd,xhill@example.org,The Rise of Dream,History,5.5,Unpaid,Overdue,,2025-03-09,2025-03-20
1135,Brandon Kim,acosta@example.com,Becoming Forgotten,Self-Help,5.5,Paid,Overdue,2026-04-18,2025-12-08,2025-12-19
1140,Johnathan Gilbert,michaela01@example.net,Becoming Lost,Self-Help,5.5,Waived,Overdue,,2022-04-27,2022-05-08
1153,Brandi Bender,icraig@example.com,The Rise of Shadow,History,5.5,Paid,Overdue,2026-04-05,2022-11-01,2022-11-12
1168,April Mcintyre,greenjorge@example.com,The Life of Roberto Roberts,Biography,5.5,Unpaid,Overdue,,2023-08-16,2023-08-27
1214,Timothy Carroll,ywhite@example.com,The Adventures of Path,Children,5.5,Paid,Overdue,2026-05-03,2023-01-21,2023-02-01
1234,Alexander Benson,torresthomas@example.com,A Story of Mountain,Fiction,5.5,Paid,Overdue,2026-04-30,2024-09-03,2024-09-14
1250,Tracy Griffin,wmatthews@example.com,The Rise of Ocean,History,5.5,Unpaid,Overdue,,2024-07-09,2024-07-20
1274,Cindy Jimenez,nwolf@example.com,The Philosophy of Star,Philosophy,5.5,Unpaid,Overdue,,2022-05-03,2022-05-14
1334,Tara Webster,laurenchandler@example.com,The Storm Handbook,Technology,5.5,Paid,Overdue,2026-04-21,2022-03-17,2022-03-28
12,Craig Hall,hlopez@example.net,Missing Star,Mystery,5.0,Paid,Overdue,2026-03-04,2025-01-16,2025-01-26
69,Ann Rodriguez,amydavenport@example.net,Shadow: A Chronicle,History,5.0,Unpaid,Overdue,,2025-11-24,2025-12-04
76,Dylan Jackson,zacharysullivan@example.net,The River Strategy,Business,5.0,Paid,Overdue,2026-03-05,2022-02-22,2022-03-04
173,Brittany Hood,alexis63@example.org,Lost River,History,5.0,Paid,Overdue,2026-03-24,2023-07-20,2023-07-30
233,Kristine Lane,meyernicholas@example.org,A Story of Ocean,Fiction,5.0,Paid,Overdue,2026-05-07,2022-04-30,2022-05-10
235,Lisa Adams,zmiller@example.com,Murder at Clearwater,Mystery,5.0,Unpaid,Overdue,,2023-08-05,2023-08-15
261,Valerie Jones,adavis@example.net,The Science of Star,Science,5.0,Paid,Overdue,2026-04-30,2022-05-31,2022-06-10
265,Johnathan Gilbert,michaela01@example.net,Finding Autumn Gallagher,Biography,5.0,Paid,Overdue,2026-02-11,2023-07-24,2023-08-03
268,David Howard,briannasmith@example.com,Shadow and Meaning,Philosophy,5.0,Unpaid,Overdue,,2024-09-23,2024-10-03
318,Daisy Smith,donnachavez@example.com,The Rise of Ocean,History,5.0,Unpaid,Damage,,2025-02-19,2025-03-01
454,John Davis,sonia96@example.org,A Story of Dream,Fiction,5.0,Paid,Overdue,2026-04-25,2023-05-21,2023-05-31
476,Wendy Sanders,vlopez@example.com,Mastering Mountain,Technology,5.0,Paid,Overdue,2026-04-04,2022-06-07,2022-06-17
513,Yolanda Smith,evan79@example.net,Path Goes to School,Children,5.0,Waived,Overdue,,2024-09-19,2024-09-29
522,Nicole James,cruzamber@example.com,My First Fire,Children,5.0,Unpaid,Overdue,,2025-06-05,2025-06-15
548,John Davis,sonia96@example.org,In the Words of Erika Hayes,Biography,5.0,Unpaid,Overdue,,2026-02-28,2026-03-10
555,Kristen Strickland,wallaceangel@example.com,Darren Huynh: A Memoir,Biography,5.0,Unpaid,Overdue,,2025-08-02,2025-08-12
578,Audrey Aguirre,lynchdiane@example.net,The Dream Handbook,Technology,5.0,Paid,Overdue,2026-04-13,2026-03-01,2026-03-11
583,Ryan Clark,thomaslopez@example.com,The Power of Storm,Self-Help,5.0,Paid,Overdue,2026-02-11,2023-04-20,2023-04-30
605,Robert Barr,brandon48@example.net,Missing Shadow,Mystery,5.0,Paid,Overdue,2026-02-12,2023-11-24,2023-12-04
617,John Davis,sonia96@example.org,On Light,Philosophy,5.0,Unpaid,Overdue,,2022-01-17,2022-01-27
643,Laura Hansen,butlersabrina@example.org,A Story of Fire,Fiction,5.0,Paid,Overdue,2026-04-04,2025-12-24,2026-01-03
669,Cody Simmons,nicholas27@example.org,Master Your River,Self-Help,5.0,Paid,Overdue,2026-03-23,2025-03-24,2025-04-03
670,Christine Becker,vwilliams@example.net,Star Every Day,Self-Help,5.0,Waived,Overdue,,2025-11-08,2025-11-18
686,Dana Cox,stephaniethomas@example.net,Murder at Millbrook,Mystery,5.0,Unpaid,Overdue,,2022-02-13,2022-02-23
701,Joshua Evans,wardsheryl@example.net,Ocean Explained,Science,5.0,Paid,Overdue,2026-04-20,2022-07-24,2022-08-03
818,Rachel Greene,davisdonna@example.net,My First Mountain,Children,5.0,Paid,Overdue,2026-04-25,2023-03-08,2023-03-18
879,Edward Cuevas,agarcia@example.org,Path Goes to School,Children,5.0,Unpaid,Overdue,,2024-12-20,2024-12-30
880,Matthew Miranda,jeremytaylor@example.org,Dream in Practice,Technology,5.0,Paid,Overdue,2026-04-08,2024-12-21,2024-12-31
898,Ryan Clark,thomaslopez@example.com,The History of Light,History,5.0,Paid,Overdue,2026-04-14,2026-01-06,2026-01-16
915,Christopher Fry,debra96@example.net,Star Every Day,Self-Help,5.0,Unpaid,Overdue,,2026-02-06,2026-02-16
925,Robert Hawkins,petersenlatoya@example.net,Murder at Clearwater,Mystery,5.0,Unpaid,Overdue,,2024-09-10,2024-09-20
934,Joshua White,tiffanyparks@example.org,The Case of the Lost Path,Mystery,5.0,Paid,Overdue,2026-02-10,2025-12-06,2025-12-16
961,Edward Reyes,jasminebrown@example.com,Mastering Mountain,Technology,5.0,Paid,Overdue,2026-04-15,2026-02-08,2026-02-18
969,Matthew Castro,alexharris@example.com,Alejandro Campbell: A Memoir,Biography,5.0,Unpaid,Overdue,,2024-11-06,2024-11-16
1026,Andrea Jones,alicia28@example.org,In the Words of David Cooper,Biography,5.0,Waived,Overdue,,2022-10-04,2022-10-14
1070,Cynthia Benjamin,diazmelissa@example.com,Modern River,Technology,5.0,Unpaid,Overdue,,2023-07-08,2023-07-18
1085,Daniel James,bailey40@example.net,Storm Goes to School,Children,5.0,Unpaid,Overdue,,2022-05-29,2022-06-08
1121,James White,yorksarah@example.net,When River Falls,Fiction,5.0,Unpaid,Overdue,,2026-04-27,2026-05-07
1127,Nicole James,cruzamber@example.com,The River Strategy,Business,5.0,Paid,Overdue,2026-02-11,2022-12-30,2023-01-09
1148,Ryan Clark,thomaslopez@example.com,The Case of the Lost Storm,Mystery,5.0,Paid,Overdue,2026-05-10,2025-05-03,2025-05-13
1158,Ann Shea,johnadams@example.com,The Shadow Handbook,Technology,5.0,Paid,Overdue,2026-03-29,2023-08-15,2023-08-25
1173,Sandra Romero,michellehill@example.com,Lost River,History,5.0,Unpaid,Lost,,2026-01-15,2026-01-25
1189,Linda Wolfe,warnermichael@example.net,Ocean Explained,Science,5.0,Waived,Overdue,,2024-05-30,2024-06-09
1197,Angela Gonzales,andersonkylie@example.net,The History of Light,History,5.0,Paid,Overdue,2026-04-12,2023-08-24,2023-09-03
1198,Andrea Jones,alicia28@example.org,The Power of Storm,Self-Help,5.0,Paid,Overdue,2026-04-05,2024-02-18,2024-02-28
1200,Laura Martin,williamsleslie@example.org,My First Mountain,Children,5.0,Waived,Damage,,2025-10-29,2025-11-08
1219,Paula Dominguez,kenneth17@example.com,The Life of Michael Knapp,Biography,5.0,Unpaid,Overdue,,2026-01-04,2026-01-14
1230,Hannah Bowers,smithtodd@example.com,The Mountain Handbook,Technology,5.0,Unpaid,Overdue,,2023-02-13,2023-02-23
1255,Kathy Obrien,kimberlyjames@example.com,Star Every Day,Self-Help,5.0,Unpaid,Damage,,2023-12-29,2024-01-08
1261,Danielle Dean,rodriguezrebecca@example.net,On Light,Philosophy,5.0,Paid,Overdue,2026-04-09,2024-08-19,2024-08-29
1273,Barbara Ray,joel28@example.org,Little Storm,Children,5.0,Paid,Overdue,2026-05-03,2024-08-27,2024-09-06
1278,Jeremiah Peterson,fsandoval@example.net,The Last Storm,Fiction,5.0,Paid,Overdue,2026-03-18,2025-07-11,2025-07-21
1316,Margaret Turner,psmith@example.org,The Storm Handbook,Technology,5.0,Unpaid,Overdue,,2022-04-03,2022-04-13
1336,Hannah Bowers,smithtodd@example.com,Shadow: A Chronicle,History,5.0,Unpaid,Overdue,,2024-08-09,2024-08-19
22,Timothy Hinton,kim62@example.net,A Story of Path,Fiction,4.5,Waived,Overdue,,2022-07-18,2022-07-27
71,Morgan Alexander,jsmith@example.com,When Fire Falls,Fiction,4.5,Unpaid,Overdue,,2023-05-06,2023-05-15
72,Stephen Madden,steven12@example.org,My First Ocean,Children,4.5,Paid,Overdue,2026-04-17,2022-02-27,2022-03-08
95,Charlene Hahn,rodney65@example.com,Principles of Mountain,Science,4.5,Paid,Overdue,2026-04-10,2023-12-29,2024-01-07
143,Natasha Decker,john39@example.org,Lost Star,History,4.5,Unpaid,Overdue,,2025-11-18,2025-11-27
198,Jeffery Wagner,hoffmanjennifer@example.net,When Ocean Falls,Fiction,4.5,Paid,Overdue,2026-04-09,2022-09-20,2022-09-29
222,Andrew Willis,kimmathis@example.com,Light in Practice,Technology,4.5,Paid,Lost,2026-04-04,2026-01-28,2026-02-06
374,Kevin Hardy,angela03@example.net,The Dream Strategy,Business,4.5,Paid,Overdue,2026-02-14,2022-09-11,2022-09-20
393,Zachary Mccoy,leescott@example.com,The Case of the Dark Mountain,Mystery,4.5,Paid,Damage,2026-05-06,2025-09-11,2025-09-20
406,Jennifer Brock,ghernandez@example.org,The Case of the Broken River,Mystery,4.5,Paid,Overdue,2026-04-13,2022-01-19,2022-01-28
429,Dylan Becker,armstrongjackie@example.org,Light Goes to School,Children,4.5,Unpaid,Overdue,,2026-04-17,2026-04-26
511,Riley Morgan,mccormickdeborah@example.org,Leading with Storm,Business,4.5,Paid,Overdue,2026-03-31,2023-06-21,2023-06-30
516,Sarah Gibson,dbrooks@example.net,The Life of Matthew Evans,Biography,4.5,Unpaid,Overdue,,2022-08-26,2022-09-04
565,Jennifer Brock,ghernandez@example.org,The Last Light,Fiction,4.5,Paid,Overdue,2026-03-26,2025-06-01,2025-06-10
581,Shannon Richardson,lopeznicole@example.org,In the Words of Jason Mercer,Biography,4.5,Paid,Overdue,2026-02-28,2025-12-23,2026-01-01
588,Morgan Alexander,jsmith@example.com,The Rise of Mountain,History,4.5,Waived,Overdue,,2026-02-02,2026-02-11
630,Erica Dillon,chelsea33@example.com,On Light,Philosophy,4.5,Paid,Overdue,2026-02-15,2024-06-07,2024-06-16
699,James West,dwhite@example.org,Light Goes to School,Children,4.5,Paid,Overdue,2026-02-15,2024-08-01,2024-08-10
720,Whitney Green,vsullivan@example.org,Lost Mountain,History,4.5,Unpaid,Overdue,,2023-07-31,2023-08-09
740,Cindy Jimenez,nwolf@example.com,Ocean Explained,Science,4.5,Waived,Lost,,2024-07-29,2024-08-07
745,Melanie Young,robert89@example.com,The Power of Storm,Self-Help,4.5,Waived,Damage,,2024-12-29,2025-01-07
771,Kristen Strickland,wallaceangel@example.com,The Fire Handbook,Technology,4.5,Unpaid,Overdue,,2024-07-13,2024-07-22
776,Jessica Hansen,michael43@example.net,Principles of Star,Science,4.5,Unpaid,Overdue,,2025-12-14,2025-12-23
797,Corey Martin,lisawoods@example.net,Missing River,Mystery,4.5,Waived,Overdue,,2025-12-29,2026-01-07
804,Kathryn Weaver,charlesnathan@example.com,On Path,Philosophy,4.5,Waived,Damage,,2022-03-20,2022-03-29
816,Lori Davis,marybrown@example.org,Principles of Star,Science,4.5,Paid,Overdue,2026-03-09,2022-02-17,2022-02-26
853,Daisy Smith,donnachavez@example.com,Leading with Light,Business,4.5,Unpaid,Overdue,,2025-07-28,2025-08-06
896,Danielle Dean,rodriguezrebecca@example.net,On Light,Philosophy,4.5,Paid,Overdue,2026-03-31,2024-08-26,2024-09-04
903,Deborah Parker,william77@example.org,Dream in Business,Business,4.5,Paid,Overdue,2026-03-18,2023-07-10,2023-07-19
943,Alexander King,ogreer@example.net,Mastering Fire,Technology,4.5,Paid,Overdue,2026-03-08,2025-07-17,2025-07-26
1024,Margaret Turner,psmith@example.org,The Life of Roberto Roberts,Biography,4.5,Waived,Overdue,,2022-12-04,2022-12-13
1060,Steven Frye,daniellemcfarland@example.com,When Ocean Falls,Fiction,4.5,Unpaid,Overdue,,2026-03-11,2026-03-20
1072,Kimberly Bryant,wolfesteve@example.net,My First Shadow,Children,4.5,Unpaid,Overdue,,2025-06-05,2025-06-14
1094,Kathryn Weaver,charlesnathan@example.com,Thinking About Storm,Philosophy,4.5,Paid,Damage,2026-05-06,2023-09-27,2023-10-06
1151,Shannon Richardson,lopeznicole@example.org,Finding Kevin Little,Biography,4.5,Unpaid,Overdue,,2025-05-01,2025-05-10
1201,Kathy Obrien,kimberlyjames@example.com,River and Meaning,Philosophy,4.5,Paid,Overdue,2026-04-21,2022-10-23,2022-11-01
1211,John Scott,christopher69@example.org,Mastering Storm,Technology,4.5,Unpaid,Overdue,,2022-03-20,2022-03-29
1330,Kevin Miller,qjames@example.org,Storm Goes to School,Children,4.5,Paid,Overdue,2026-03-07,2023-08-07,2023-08-16
1337,Ann Rodriguez,amydavenport@example.net,The Power of Mountain,Self-Help,4.5,Unpaid,Overdue,,2023-02-04,2023-02-13
4,Rebekah Hill,cstephenson@example.net,River and Meaning,Philosophy,4.0,Unpaid,Overdue,,2025-09-29,2025-10-07
29,Jennifer Coleman,pmorrow@example.com,Murder at Ashford,Mystery,4.0,Unpaid,Overdue,,2024-04-11,2024-04-19
70,Jennifer Coleman,pmorrow@example.com,Principles of Storm,Science,4.0,Waived,Damage,,2022-07-21,2022-07-29
105,Tommy Lee,tanyariley@example.net,Thinking About Ocean,Philosophy,4.0,Paid,Damage,2026-04-23,2023-08-11,2023-08-19
138,Steven Frye,daniellemcfarland@example.com,My First Fire,Children,4.0,Unpaid,Overdue,,2022-09-05,2022-09-13
139,John Wise,cwright@example.org,Lost Dream,History,4.0,Paid,Overdue,2026-03-02,2023-01-09,2023-01-17
153,Joshua Evans,wardsheryl@example.net,The Path Strategy,Business,4.0,Unpaid,Overdue,,2022-12-31,2023-01-08
160,Kathy Beard,tali@example.com,Principles of Star,Science,4.0,Paid,Overdue,2026-05-09,2024-03-27,2024-04-04
176,Joshua White,tiffanyparks@example.org,Finding Karla Willis,Biography,4.0,Paid,Overdue,2026-04-11,2023-10-16,2023-10-24
223,Brandon Flynn,michael62@example.org,The Adventures of Shadow,Children,4.0,Paid,Overdue,2026-02-16,2024-08-11,2024-08-19
240,Wendy Sanders,vlopez@example.com,On Shadow,Philosophy,4.0,Paid,Overdue,2026-04-20,2025-08-27,2025-09-04
269,Timothy Carroll,ywhite@example.com,My First Mountain,Children,4.0,Paid,Overdue,2026-02-17,2024-12-21,2024-12-29
286,Anthony Alvarez,timothy24@example.com,Missing Shadow,Mystery,4.0,Unpaid,Overdue,,2024-11-13,2024-11-21
292,Paul White,carla04@example.org,The History of Ocean,History,4.0,Unpaid,Overdue,,2022-03-11,2022-03-19
298,Ryan Clark,thomaslopez@example.com,Missing River,Mystery,4.0,Unpaid,Overdue,,2024-10-28,2024-11-05
337,Paul Scott,deborah75@example.org,The Art of Dream,Business,4.0,Paid,Damage,2026-04-07,2025-02-28,2025-03-08
350,Melissa Rivas,ramirezshannon@example.com,Path Goes to School,Children,4.0,Unpaid,Overdue,,2025-11-01,2025-11-09
394,Kristen Strickland,wallaceangel@example.com,Principles of Path,Science,4.0,Paid,Overdue,2026-04-12,2023-09-24,2023-10-02
439,Gary Richardson,brooksdanielle@example.net,Mountain Every Day,Self-Help,4.0,Waived,Overdue,,2025-05-12,2025-05-20
448,Joshua White,tiffanyparks@example.org,Storm and Meaning,Philosophy,4.0,Unpaid,Overdue,,2022-11-12,2022-11-20
450,Alexander King,ogreer@example.net,Lost Dream,History,4.0,Paid,Overdue,2026-04-18,2025-04-13,2025-04-21
452,Joshua Evans,wardsheryl@example.net,The Case of the Dark River,Mystery,4.0,Waived,Overdue,,2023-07-05,2023-07-13
501,Whitney Green,vsullivan@example.org,When Ocean Falls,Fiction,4.0,Unpaid,Overdue,,2026-04-01,2026-04-09
587,James White,yorksarah@example.net,Missing Dream,Mystery,4.0,Paid,Overdue,2026-03-19,2022-01-27,2022-02-04
640,Kevin Miller,qjames@example.org,A Story of Fire,Fiction,4.0,Paid,Overdue,2026-05-03,2025-05-31,2025-06-08
659,Shawn Garcia,buckleygregory@example.org,The Shadow Strategy,Business,4.0,Paid,Overdue,2026-03-15,2025-12-24,2026-01-01
688,Amanda Oconnell,shannonford@example.org,Master Your Ocean,Self-Help,4.0,Paid,Overdue,2026-04-28,2024-06-05,2024-06-13
727,Michelle Cochran,erik16@example.org,On Mountain,Philosophy,4.0,Paid,Overdue,2026-03-03,2023-09-30,2023-10-08
773,Manuel Lee,amanda71@example.com,River in Business,Business,4.0,Unpaid,Overdue,,2025-09-19,2025-09-27
784,Susan Hall,lsoto@example.net,The Case of the Forgotten Dream,Mystery,4.0,Unpaid,Overdue,,2024-11-01,2024-11-09
787,Valerie Jones,adavis@example.net,Master Your River,Self-Help,4.0,Unpaid,Damage,,2023-03-09,2023-03-17
827,Ashley Peterson,gilbertcaldwell@example.net,When Star Falls,Fiction,4.0,Paid,Overdue,2026-02-11,2023-07-02,2023-07-10
861,Jeffrey Morgan,briannasmith@example.net,A Story of Mountain,Fiction,4.0,Waived,Overdue,,2022-07-18,2022-07-26
899,Jeffery Wagner,hoffmanjennifer@example.net,Murder at Millbrook,Mystery,4.0,Unpaid,Overdue,,2025-03-08,2025-03-16
938,Michael Rodriguez,michelle63@example.com,Shadow Every Day,Self-Help,4.0,Paid,Overdue,2026-02-20,2025-05-03,2025-05-11
948,Robert Hawkins,petersenlatoya@example.net,Principles of Storm,Science,4.0,Paid,Overdue,2026-03-30,2024-04-13,2024-04-21
955,Danielle Dean,rodriguezrebecca@example.net,Understanding Storm,Science,4.0,Paid,Overdue,2026-04-11,2024-11-04,2024-11-12
987,Sabrina Weaver,warrenmary@example.org,Little Storm,Children,4.0,Paid,Overdue,2026-04-24,2024-02-13,2024-02-21
995,Ryan Swanson,annalewis@example.net,Shadow and Meaning,Philosophy,4.0,Unpaid,Overdue,,2022-08-10,2022-08-18
1001,Michelle Rivera,lloydsamuel@example.com,On Light,Philosophy,4.0,Paid,Overdue,2026-03-14,2023-04-26,2023-05-04
1004,Kiara Mullins,darlenebyrd@example.org,Little Storm,Children,4.0,Unpaid,Overdue,,2024-10-18,2024-10-26
1033,James White,yorksarah@example.net,The Rise of Star,History,4.0,Unpaid,Overdue,,2024-08-06,2024-08-14
1058,Jennifer Brock,ghernandez@example.org,Little Star,Children,4.0,Unpaid,Overdue,,2022-03-05,2022-03-13
1161,Nicole James,cruzamber@example.com,Understanding Fire,Science,4.0,Paid,Overdue,2026-04-24,2025-02-24,2025-03-04
1203,Steven Frye,daniellemcfarland@example.com,Fire in Business,Business,4.0,Unpaid,Overdue,,2026-03-09,2026-03-17
1212,Shawn Garcia,buckleygregory@example.org,Modern Storm,Technology,4.0,Paid,Overdue,2026-03-18,2024-08-03,2024-08-11
1216,Robert Hawkins,petersenlatoya@example.net,Murder at Riverdale,Mystery,4.0,Unpaid,Overdue,,2022-04-06,2022-04-14
1308,Erica Cruz,smithsarah@example.net,When Fire Falls,Fiction,4.0,Paid,Overdue,2026-02-25,2026-02-03,2026-02-11
1314,Matthew Miranda,jeremytaylor@example.org,Mastering Path,Technology,4.0,Paid,Overdue,2026-03-10,2024-05-15,2024-05-23
1332,Frank Perez,aduran@example.com,Dream and Meaning,Philosophy,4.0,Unpaid,Overdue,,2022-05-24,2022-06-01
44,John Terry,melissa91@example.net,Thinking About Shadow,Philosophy,3.5,Waived,Overdue,,2023-12-19,2023-12-26
50,Rebecca Lee,smurray@example.com,Thinking About Storm,Philosophy,3.5,Unpaid,Overdue,,2025-10-04,2025-10-11
74,Lawrence Floyd,xhill@example.org,Finding Kevin Little,Biography,3.5,Paid,Overdue,2026-03-17,2023-02-01,2023-02-08
83,Timothy Carroll,ywhite@example.com,Becoming Lost,Self-Help,3.5,Unpaid,Overdue,,2023-10-22,2023-10-29
87,Michael Bruce,lisamccarthy@example.com,In the Words of Jason Mercer,Biography,3.5,Paid,Overdue,2026-04-17,2023-04-14,2023-04-21
90,Kayla Griffin,davidanderson@example.org,Darren Huynh: A Memoir,Biography,3.5,Unpaid,Overdue,,2023-10-01,2023-10-08
113,Tina Ferguson,qvargas@example.org,Modern Path,Technology,3.5,Paid,Overdue,2026-03-23,2025-07-01,2025-07-08
120,Jennifer Rodriguez,jacobconrad@example.com,Little Shadow,Children,3.5,Paid,Overdue,2026-03-13,2024-08-03,2024-08-10
133,Kevin Miller,qjames@example.org,Lost Mountain,History,3.5,Paid,Overdue,2026-03-11,2026-01-01,2026-01-08
142,Jeffery Brock,pwilliams@example.org,On Shadow,Philosophy,3.5,Unpaid,Overdue,,2023-09-20,2023-09-27
169,Tommy Lee,tanyariley@example.net,Shadow and Meaning,Philosophy,3.5,Unpaid,Overdue,,2025-12-23,2025-12-30
209,Danielle White,ryanbartlett@example.org,Understanding Path,Science,3.5,Unpaid,Overdue,,2026-03-06,2026-03-13
218,Daniel James,bailey40@example.net,My First Dream,Children,3.5,Paid,Overdue,2026-04-21,2026-01-31,2026-02-07
219,Bryan Wiggins,marystone@example.com,In the Words of Allison Adams,Biography,3.5,Paid,Overdue,2026-05-06,2023-05-01,2023-05-08
249,Christine Becker,vwilliams@example.net,Storm in Practice,Technology,3.5,Unpaid,Overdue,,2024-07-16,2024-07-23
303,Dylan Jackson,zacharysullivan@example.net,Dream and Meaning,Philosophy,3.5,Paid,Overdue,2026-04-20,2024-06-19,2024-06-26
324,Paula Dominguez,kenneth17@example.com,Fire in Business,Business,3.5,Unpaid,Overdue,,2022-05-30,2022-06-06
326,Renee Jones,morriseddie@example.org,The Last River,Fiction,3.5,Paid,Overdue,2026-03-12,2023-02-28,2023-03-07
416,Tracy Griffin,wmatthews@example.com,Mastering River,Technology,3.5,Paid,Overdue,2026-04-04,2022-05-15,2022-05-22
436,Erica Dillon,chelsea33@example.com,The Dream Strategy,Business,3.5,Paid,Overdue,2026-03-20,2024-05-24,2024-05-31
484,Melissa Rivas,ramirezshannon@example.com,Dream Explained,Science,3.5,Paid,Overdue,2026-02-23,2024-11-13,2024-11-20
495,Robert Barr,brandon48@example.net,A Story of Fire,Fiction,3.5,Paid,Lost,2026-03-26,2023-11-26,2023-12-03
546,April Mcintyre,greenjorge@example.com,Ocean and Meaning,Philosophy,3.5,Paid,Overdue,2026-04-18,2024-03-31,2024-04-07
561,Kaitlyn Navarro,aprilbyrd@example.org,The Storm Handbook,Technology,3.5,Unpaid,Overdue,,2025-02-24,2025-03-03
603,Tracey Wilson,jonathanfletcher@example.org,The Case of the Broken River,Mystery,3.5,Waived,Overdue,,2022-01-16,2022-01-23
658,Steven Lara,davidbrown@example.org,Path and Meaning,Philosophy,3.5,Paid,Overdue,2026-04-21,2024-04-09,2024-04-16
682,Ashley Peterson,gilbertcaldwell@example.net,My First Mountain,Children,3.5,Paid,Overdue,2026-03-21,2022-11-07,2022-11-14
703,Deborah Dawson,jennifermartinez@example.org,My First Mountain,Children,3.5,Paid,Overdue,2026-04-23,2025-11-22,2025-11-29
717,Samuel Roberson,cassie99@example.com,In the Words of Ariana Wallace,Biography,3.5,Unpaid,Overdue,,2022-09-26,2022-10-03
812,Michael Rodriguez,michelle63@example.com,Master Your River,Self-Help,3.5,Unpaid,Overdue,,2023-10-05,2023-10-12
837,Ann Rodriguez,amydavenport@example.net,The Science of Storm,Science,3.5,Paid,Overdue,2026-03-29,2024-06-14,2024-06-21
845,Samuel Roberson,cassie99@example.com,Becoming Ancient,Self-Help,3.5,Paid,Overdue,2026-02-13,2025-10-22,2025-10-29
846,Lisa Evans,mcmillandennis@example.org,Master Your Light,Self-Help,3.5,Unpaid,Overdue,,2025-12-29,2026-01-05
856,Kiara Mullins,darlenebyrd@example.org,Path Goes to School,Children,3.5,Unpaid,Overdue,,2022-09-09,2022-09-16
859,Jennifer Brock,ghernandez@example.org,My First Mountain,Children,3.5,Unpaid,Overdue,,2022-05-19,2022-05-26
897,Kristin Walter,alyssa42@example.com,My First Shadow,Children,3.5,Unpaid,Overdue,,2025-08-12,2025-08-19
901,Brandon Kim,acosta@example.com,Leading with Storm,Business,3.5,Unpaid,Overdue,,2023-01-14,2023-01-21
936,Brian Simmons,janetvance@example.net,The Shadow Handbook,Technology,3.5,Waived,Overdue,,2023-07-15,2023-07-22
939,Nicole James,cruzamber@example.com,The Power of Storm,Self-Help,3.5,Paid,Overdue,2026-02-25,2022-02-09,2022-02-16
942,Michael Turner,joshuamccann@example.net,Lost Star,History,3.5,Paid,Overdue,2026-02-22,2024-02-10,2024-02-17
946,Christopher Jordan,fgarcia@example.com,The Power of River,Self-Help,3.5,Waived,Overdue,,2025-07-28,2025-08-04
999,Cody Simmons,nicholas27@example.org,The Rise of Star,History,3.5,Unpaid,Overdue,,2025-12-17,2025-12-24
1015,Kristin Walter,alyssa42@example.com,Master Your River,Self-Help,3.5,Unpaid,Overdue,,2026-03-11,2026-03-18
1031,Courtney Conner,ycarlson@example.com,Missing Mountain,Mystery,3.5,Unpaid,Overdue,,2023-05-17,2023-05-24
1093,Bryan Wiggins,marystone@example.com,In the Words of David Cooper,Biography,3.5,Unpaid,Overdue,,2025-01-30,2025-02-06
1101,Daniel James,bailey40@example.net,Mastering Star,Technology,3.5,Unpaid,Overdue,,2024-10-11,2024-10-18
1144,Jennifer Garcia,jonesjessica@example.com,In the Words of Joseph Chapman,Biography,3.5,Unpaid,Overdue,,2023-02-04,2023-02-11
1149,Michael Rodriguez,michelle63@example.com,Mastering River,Technology,3.5,Unpaid,Overdue,,2025-03-25,2025-04-01
1160,Jennifer Coleman,pmorrow@example.com,The Storm Strategy,Business,3.5,Unpaid,Overdue,,2025-11-24,2025-12-01
1165,Edward Reyes,jasminebrown@example.com,Ocean Explained,Science,3.5,Unpaid,Overdue,,2023-04-17,2023-04-24
1166,Frank Perez,aduran@example.com,Principles of Storm,Science,3.5,Unpaid,Overdue,,2022-11-10,2022-11-17
1169,Brandon Kim,acosta@example.com,Path Every Day,Self-Help,3.5,Unpaid,Overdue,,2025-05-15,2025-05-22
1171,Ryan Swanson,annalewis@example.net,Thinking About Fire,Philosophy,3.5,Paid,Overdue,2026-04-14,2022-02-18,2022-02-25
1186,Jose Williams,fryraymond@example.com,Missing River,Mystery,3.5,Unpaid,Overdue,,2026-01-28,2026-02-04
1239,Brian Baker,williamssteven@example.com,The Philosophy of Star,Philosophy,3.5,Unpaid,Overdue,,2025-11-22,2025-11-29
1262,Charles Schultz,rebeccabailey@example.net,On Light,Philosophy,3.5,Unpaid,Overdue,,2023-06-02,2023-06-09
1297,Cynthia Faulkner,markramirez@example.com,My First Path,Children,3.5,Paid,Overdue,2026-04-19,2022-12-18,2022-12-25
1320,Whitney Green,vsullivan@example.org,The Last Ocean,Fiction,3.5,Unpaid,Overdue,,2025-06-14,2025-06-21
53,Timothy Carroll,ywhite@example.com,The Science of Path,Science,3.0,Paid,Overdue,2026-05-05,2024-05-08,2024-05-14
80,Lisa Adams,zmiller@example.com,The Art of Light,Business,3.0,Paid,Overdue,2026-04-10,2026-02-26,2026-03-04
103,Benjamin Wood,chase19@example.net,Dream Every Day,Self-Help,3.0,Unpaid,Overdue,,2025-11-16,2025-11-22
128,Lisa Evans,mcmillandennis@example.org,The River Strategy,Business,3.0,Paid,Overdue,2026-03-05,2025-10-12,2025-10-18
130,Bryan Wiggins,marystone@example.com,My First Mountain,Children,3.0,Paid,Overdue,2026-02-18,2022-03-29,2022-04-04
137,Danielle White,ryanbartlett@example.org,The Adventures of Star,Children,3.0,Paid,Overdue,2026-04-11,2023-06-20,2023-06-26
146,Margaret Robertson,moralescody@example.org,Star Every Day,Self-Help,3.0,Unpaid,Overdue,,2023-09-26,2023-10-02
166,Brian Cooper,harrisonwilliam@example.com,A Story of Ocean,Fiction,3.0,Unpaid,Overdue,,2023-09-20,2023-09-26
258,Brandon Kim,acosta@example.com,A Story of Path,Fiction,3.0,Unpaid,Overdue,,2024-10-15,2024-10-21
280,Daniel James,bailey40@example.net,Master Your Dream,Self-Help,3.0,Paid,Overdue,2026-03-05,2024-08-07,2024-08-13
288,Timothy Carroll,ywhite@example.com,The Last Storm,Fiction,3.0,Unpaid,Damage,,2022-03-23,2022-03-29
308,Daniel James,bailey40@example.net,Dream Goes to School,Children,3.0,Unpaid,Overdue,,2022-03-12,2022-03-18
316,Nicole Moore,craigjoseph@example.net,Little Star,Children,3.0,Paid,Overdue,2026-03-08,2026-01-19,2026-01-25
360,Julie Hernandez,clove@example.org,Principles of Ocean,Science,3.0,Unpaid,Overdue,,2022-10-03,2022-10-09
391,Jeffery Brock,pwilliams@example.org,The Storm Handbook,Technology,3.0,Paid,Overdue,2026-03-27,2023-09-12,2023-09-18
400,James Washington,johnsondarlene@example.com,Becoming Ancient,Self-Help,3.0,Paid,Overdue,2026-04-02,2025-05-18,2025-05-24
405,Audrey Aguirre,lynchdiane@example.net,Dream in Practice,Technology,3.0,Unpaid,Overdue,,2024-05-27,2024-06-02
447,Craig Hall,hlopez@example.net,Star Every Day,Self-Help,3.0,Unpaid,Overdue,,2025-09-10,2025-09-16
466,Alexander Benson,torresthomas@example.com,When Star Falls,Fiction,3.0,Unpaid,Overdue,,2023-07-03,2023-07-09
517,Lisa Adams,zmiller@example.com,Light and Meaning,Philosophy,3.0,Unpaid,Overdue,,2026-03-27,2026-04-02
557,Tina King,kellycarlos@example.org,When Ocean Falls,Fiction,3.0,Paid,Overdue,2026-03-02,2025-08-27,2025-09-02
574,Sandra Romero,michellehill@example.com,The Power of Storm,Self-Help,3.0,Unpaid,Overdue,,2023-01-09,2023-01-15
624,Lawrence Floyd,xhill@example.org,The Last Dream,Fiction,3.0,Paid,Overdue,2026-04-02,2025-09-02,2025-09-08
650,Tina King,kellycarlos@example.org,Mountain Every Day,Self-Help,3.0,Unpaid,Overdue,,2026-03-27,2026-04-02
656,Tina Ferguson,qvargas@example.org,In the Words of William Griffin,Biography,3.0,Paid,Overdue,2026-03-09,2022-02-06,2022-02-12
657,Kevin Miller,qjames@example.org,My First Shadow,Children,3.0,Paid,Overdue,2026-02-24,2023-10-21,2023-10-27
708,Angela Gonzales,andersonkylie@example.net,The Storm Handbook,Technology,3.0,Paid,Overdue,2026-05-05,2022-08-13,2022-08-19
752,Whitney Green,vsullivan@example.org,River Goes to School,Children,3.0,Paid,Overdue,2026-05-11,2023-09-23,2023-09-29
770,Joshua Evans,wardsheryl@example.net,The Science of Star,Science,3.0,Paid,Overdue,2026-03-14,2025-03-15,2025-03-21
870,Brenda Smith,barbara27@example.net,Leading with Fire,Business,3.0,Paid,Overdue,2026-02-10,2024-03-26,2024-04-01
892,Peter Gamble,whitelucas@example.net,The Life of Cody Hopkins,Biography,3.0,Paid,Overdue,2026-05-07,2025-12-31,2026-01-06
913,Christine Becker,vwilliams@example.net,The Science of Storm,Science,3.0,Paid,Overdue,2026-03-12,2022-12-16,2022-12-22
923,Jeremy Johnson,richard13@example.net,Leading with Light,Business,3.0,Unpaid,Overdue,,2024-05-29,2024-06-04
933,Gary Richardson,brooksdanielle@example.net,The Light Strategy,Business,3.0,Paid,Overdue,2026-04-20,2023-02-11,2023-02-17
975,Cindy Jimenez,nwolf@example.com,The Path Handbook,Technology,3.0,Unpaid,Overdue,,2023-03-31,2023-04-06
984,Morgan Alexander,jsmith@example.com,My First Mountain,Children,3.0,Unpaid,Overdue,,2023-03-27,2023-04-02
1011,John Dawson,kathleenlowe@example.com,The Last Ocean,Fiction,3.0,Paid,Overdue,2026-02-15,2025-09-23,2025-09-29
1018,Christine Becker,vwilliams@example.net,The History of Mountain,History,3.0,Unpaid,Overdue,,2024-01-11,2024-01-17
1021,Charles Schultz,rebeccabailey@example.net,Master Your Ocean,Self-Help,3.0,Paid,Overdue,2026-03-14,2026-04-25,2026-05-01
1022,Brandon Flynn,michael62@example.org,Understanding Fire,Science,3.0,Unpaid,Overdue,,2022-03-17,2022-03-23
1039,Susan Hall,lsoto@example.net,Scott Norman: A Memoir,Biography,3.0,Paid,Overdue,2026-04-20,2023-06-13,2023-06-19
1130,Michael Turner,joshuamccann@example.net,Mastering Shadow,Technology,3.0,Paid,Overdue,2026-04-27,2022-06-05,2022-06-11
1208,John Terry,melissa91@example.net,A Story of Fire,Fiction,3.0,Paid,Overdue,2026-03-21,2023-05-25,2023-05-31
1209,Steven Lara,davidbrown@example.org,Broken River,Fiction,3.0,Waived,Overdue,,2022-02-05,2022-02-11
1236,Rebecca Martin,ugarrett@example.net,A Story of Path,Fiction,3.0,Paid,Overdue,2026-05-06,2025-03-19,2025-03-25
1270,Susan Hall,lsoto@example.net,Mastering Star,Technology,3.0,Waived,Overdue,,2024-05-08,2024-05-14
1282,Catherine Hamilton,garciajamie@example.org,The Science of Star,Science,3.0,Unpaid,Overdue,,2023-04-11,2023-04-17
1309,James Washington,johnsondarlene@example.com,The Rise of Ocean,History,3.0,Paid,Damage,2026-03-19,2024-06-24,2024-06-30
1323,Samuel Roberson,cassie99@example.com,Shadow in Practice,Technology,3.0,Unpaid,Overdue,,2024-05-17,2024-05-23
73,Barbara Ray,joel28@example.org,In the Words of David Cooper,Biography,2.5,Unpaid,Overdue,,2024-10-04,2024-10-09
151,James Stewart,kerrmichael@example.org,Murder at Millbrook,Mystery,2.5,Paid,Overdue,2026-04-10,2023-11-03,2023-11-08
178,Thomas Carlson,kelli32@example.com,My First Ocean,Children,2.5,Unpaid,Overdue,,2024-05-26,2024-05-31
180,Nicole James,cruzamber@example.com,My First Mountain,Children,2.5,Paid,Overdue,2026-05-02,2025-04-02,2025-04-07
229,Courtney Conner,ycarlson@example.com,Modern River,Technology,2.5,Unpaid,Overdue,,2023-04-06,2023-04-11
236,James White,yorksarah@example.net,The Light Handbook,Technology,2.5,Unpaid,Overdue,,2022-09-23,2022-09-28
247,Charles Schultz,rebeccabailey@example.net,The Rise of Mountain,History,2.5,Paid,Overdue,2026-03-15,2024-11-19,2024-11-24
266,James Washington,johnsondarlene@example.com,Master Your Ocean,Self-Help,2.5,Unpaid,Overdue,,2022-02-10,2022-02-15
372,Lori Davis,marybrown@example.org,Master Your Light,Self-Help,2.5,Unpaid,Overdue,,2024-10-26,2024-10-31
488,Rebecca Lee,smurray@example.com,Murder at Stonehaven,Mystery,2.5,Paid,Overdue,2026-04-30,2025-06-11,2025-06-16
498,Frank Perez,aduran@example.com,Thinking About Shadow,Philosophy,2.5,Paid,Overdue,2026-03-09,2022-10-23,2022-10-28
545,Tara Webster,laurenchandler@example.com,The Fire Strategy,Business,2.5,Paid,Overdue,2026-04-04,2022-06-11,2022-06-16
575,Lawrence Floyd,xhill@example.org,The Golden Secret,Mystery,2.5,Unpaid,Overdue,,2023-12-30,2024-01-04
580,Jesus Baker,ronaldstephens@example.net,Finding Leslie Sims,Biography,2.5,Unpaid,Overdue,,2022-05-12,2022-05-17
632,Brandon Flynn,michael62@example.org,In the Words of Angela Robinson,Biography,2.5,Paid,Overdue,2026-03-22,2022-08-28,2022-09-02
651,Margaret Turner,psmith@example.org,Fire: A Chronicle,History,2.5,Waived,Overdue,,2025-08-27,2025-09-01
667,Kathy Obrien,kimberlyjames@example.com,A Story of River,Fiction,2.5,Unpaid,Overdue,,2024-08-03,2024-08-08
705,Kevin Miller,qjames@example.org,A Story of River,Fiction,2.5,Paid,Overdue,2026-05-06,2023-12-29,2024-01-03
729,Brittany Hood,alexis63@example.org,Principles of Storm,Science,2.5,Unpaid,Overdue,,2022-07-22,2022-07-27
748,Jeffery Wagner,hoffmanjennifer@example.net,My First Ocean,Children,2.5,Paid,Overdue,2026-03-21,2022-10-24,2022-10-29
758,Randy Velasquez,bethwilliams@example.com,Shadow: A Chronicle,History,2.5,Unpaid,Overdue,,2024-02-18,2024-02-23
761,Kristen Strickland,wallaceangel@example.com,When River Falls,Fiction,2.5,Unpaid,Overdue,,2025-05-16,2025-05-21
798,Dylan Becker,armstrongjackie@example.org,When Dream Falls,Fiction,2.5,Paid,Overdue,2026-02-17,2024-02-05,2024-02-10
807,Sarah Gibson,dbrooks@example.net,The Last Ocean,Fiction,2.5,Unpaid,Overdue,,2022-08-26,2022-08-31
819,Brian Cooper,harrisonwilliam@example.com,Murder at Westgate,Mystery,2.5,Paid,Overdue,2026-02-27,2025-08-21,2025-08-26
832,Amanda Oconnell,shannonford@example.org,Thinking About Fire,Philosophy,2.5,Paid,Overdue,2026-02-21,2025-12-12,2025-12-17
858,Lawrence Floyd,xhill@example.org,Lost Dream,History,2.5,Paid,Overdue,2026-03-29,2025-11-22,2025-11-27
866,Sandra Romero,michellehill@example.com,The Light Handbook,Technology,2.5,Unpaid,Overdue,,2024-10-04,2024-10-09
878,Bryan Wiggins,marystone@example.com,The Science of Dream,Science,2.5,Unpaid,Overdue,,2024-05-20,2024-05-25
917,Becky Knight,rkramer@example.org,My First Mountain,Children,2.5,Unpaid,Overdue,,2024-04-12,2024-04-17
929,Ryan Clark,thomaslopez@example.com,The Philosophy of Star,Philosophy,2.5,Unpaid,Overdue,,2025-01-30,2025-02-04
937,Erica Dillon,chelsea33@example.com,Dream Every Day,Self-Help,2.5,Unpaid,Overdue,,2023-04-12,2023-04-17
963,Lawrence Floyd,xhill@example.org,A Story of Storm,Fiction,2.5,Paid,Overdue,2026-04-18,2026-04-14,2026-04-19
967,Benjamin Wood,chase19@example.net,Little Star,Children,2.5,Paid,Overdue,2026-02-25,2024-09-14,2024-09-19
998,Thomas Carlson,kelli32@example.com,Little Storm,Children,2.5,Paid,Overdue,2026-05-08,2025-02-28,2025-03-05
1034,Dale Sandoval,william66@example.net,Master Your Mountain,Self-Help,2.5,Unpaid,Overdue,,2022-09-18,2022-09-23
1102,Daniel Diaz,diazgregory@example.net,On Path,Philosophy,2.5,Paid,Overdue,2026-05-03,2023-08-21,2023-08-26
1112,Charles Schultz,rebeccabailey@example.net,Becoming Ancient,Self-Help,2.5,Unpaid,Overdue,,2024-01-22,2024-01-27
1156,John Wells,elliottjeffery@example.net,Understanding Fire,Science,2.5,Unpaid,Overdue,,2025-12-30,2026-01-04
1181,Omar Padilla,charles06@example.org,Shadow in Practice,Technology,2.5,Unpaid,Overdue,,2025-07-23,2025-07-28
1187,Michelle Wells,thomasmiller@example.net,River and Meaning,Philosophy,2.5,Unpaid,Overdue,,2024-10-17,2024-10-22
1240,Brandi Bender,icraig@example.com,Shadow: A Chronicle,History,2.5,Unpaid,Overdue,,2023-01-05,2023-01-10
1324,Anthony Alvarez,timothy24@example.com,On Path,Philosophy,2.5,Unpaid,Overdue,,2025-04-17,2025-04-22
1327,Christopher Fry,debra96@example.net,The Life of Steven Hicks,Biography,2.5,Paid,Overdue,2026-04-08,2024-01-25,2024-01-30
30,Danielle Dean,rodriguezrebecca@example.net,The Adventures of Storm,Children,2.0,Waived,Overdue,,2024-01-09,2024-01-13
58,Jeremiah Peterson,fsandoval@example.net,Mountain Every Day,Self-Help,2.0,Paid,Overdue,2026-04-28,2023-08-21,2023-08-25
93,Laura Hansen,butlersabrina@example.org,Dream in Business,Business,2.0,Waived,Overdue,,2026-04-24,2026-04-28
127,Timothy Carroll,ywhite@example.com,Thinking About Shadow,Philosophy,2.0,Paid,Overdue,2026-05-10,2025-05-28,2025-06-01
189,Kathryn Weaver,charlesnathan@example.com,On Ocean,Philosophy,2.0,Paid,Overdue,2026-04-29,2024-06-17,2024-06-21
250,Matthew Castro,alexharris@example.com,Leading with Storm,Business,2.0,Unpaid,Overdue,,2024-12-28,2025-01-01
262,Brandi Bender,icraig@example.com,A Story of Ocean,Fiction,2.0,Unpaid,Overdue,,2024-01-16,2024-01-20
283,Joyce Malone,lori82@example.org,Shadow and Meaning,Philosophy,2.0,Unpaid,Overdue,,2024-06-02,2024-06-06
310,Danielle White,ryanbartlett@example.org,Missing Shadow,Mystery,2.0,Paid,Overdue,2026-03-04,2022-10-21,2022-10-25
332,Andrea Stephens,jvaldez@example.com,Murder at Clearwater,Mystery,2.0,Paid,Overdue,2026-02-19,2026-01-15,2026-01-19
387,Nicole James,cruzamber@example.com,Storm in Practice,Technology,2.0,Paid,Overdue,2026-04-09,2024-11-14,2024-11-18
422,Luis Acosta,millerangela@example.net,Dream in Business,Business,2.0,Paid,Overdue,2026-04-13,2022-10-28,2022-11-01
424,Tyler Dixon,porterashley@example.com,Leading with River,Business,2.0,Unpaid,Overdue,,2026-04-05,2026-04-09
458,Edward Cuevas,agarcia@example.org,Little Storm,Children,2.0,Paid,Overdue,2026-02-19,2023-11-17,2023-11-21
465,Ryan Clark,thomaslopez@example.com,The Life of Cynthia Gregory,Biography,2.0,Waived,Overdue,,2023-09-26,2023-09-30
520,Matthew Miranda,jeremytaylor@example.org,Thinking About Shadow,Philosophy,2.0,Unpaid,Overdue,,2022-07-09,2022-07-13
521,Diana Mitchell,bautistalori@example.net,The Adventures of Mountain,Children,2.0,Paid,Overdue,2026-04-23,2024-02-23,2024-02-27
568,Melanie Young,robert89@example.com,Modern Ocean,Technology,2.0,Unpaid,Lost,,2025-01-16,2025-01-20
571,Jennifer Wilson,glovertyler@example.net,The River Strategy,Business,2.0,Unpaid,Overdue,,2025-06-04,2025-06-08
606,Ryan Swanson,annalewis@example.net,The Art of Light,Business,2.0,Unpaid,Overdue,,2024-02-15,2024-02-19
615,Margaret Robertson,moralescody@example.org,Mastering Mountain,Technology,2.0,Paid,Overdue,2026-03-18,2025-08-16,2025-08-20
639,Julie Hernandez,clove@example.org,The Power of Mountain,Self-Help,2.0,Paid,Overdue,2026-05-08,2022-09-03,2022-09-07
728,Timothy Gibson,robert87@example.net,The Rise of Dream,History,2.0,Paid,Overdue,2026-03-10,2025-09-30,2025-10-04
768,Robert Johnson,jacqueline89@example.net,A Story of Path,Fiction,2.0,Paid,Overdue,2026-02-27,2025-05-04,2025-05-08
886,Travis Watts,anthonyhubbard@example.com,When Ocean Falls,Fiction,2.0,Paid,Overdue,2026-03-11,2025-04-07,2025-04-11
912,Wendy Sanders,vlopez@example.com,My First Mountain,Children,2.0,Unpaid,Overdue,,2022-08-23,2022-08-27
964,Kristen Leon,troyrodriguez@example.com,The Case of the Dark Mountain,Mystery,2.0,Unpaid,Overdue,,2025-12-17,2025-12-21
980,Kevin Hardy,angela03@example.net,Principles of Ocean,Science,2.0,Unpaid,Overdue,,2025-01-08,2025-01-12
986,Nicole James,cruzamber@example.com,Leading with River,Business,2.0,Unpaid,Overdue,,2024-05-17,2024-05-21
1020,Michael Turner,joshuamccann@example.net,The Science of Fire,Science,2.0,Unpaid,Overdue,,2024-09-06,2024-09-10
1029,Daisy Smith,donnachavez@example.com,Little Shadow,Children,2.0,Waived,Overdue,,2024-12-08,2024-12-12
1043,Daniel Diaz,diazgregory@example.net,Understanding Shadow,Science,2.0,Unpaid,Overdue,,2023-03-12,2023-03-16
1049,Gary Richardson,brooksdanielle@example.net,In the Words of Ariana Wallace,Biography,2.0,Unpaid,Overdue,,2025-08-13,2025-08-17
1066,Erica Dillon,chelsea33@example.com,The Power of Mountain,Self-Help,2.0,Paid,Overdue,2026-02-24,2023-06-02,2023-06-06
1136,Margaret Turner,psmith@example.org,Fire in Business,Business,2.0,Paid,Overdue,2026-02-21,2023-02-14,2023-02-18
1191,Margaret Robertson,moralescody@example.org,Mastering Dream,Technology,2.0,Unpaid,Overdue,,2025-12-08,2025-12-12
1193,Courtney Conner,ycarlson@example.com,The Rise of Dream,History,2.0,Unpaid,Overdue,,2025-09-20,2025-09-24
1194,Margaret Turner,psmith@example.org,Murder at Riverdale,Mystery,2.0,Paid,Overdue,2026-05-04,2023-07-16,2023-07-20
1223,Rachel Greene,davisdonna@example.net,The Case of the Dark Mountain,Mystery,2.0,Paid,Overdue,2026-03-17,2022-09-02,2022-09-06
1232,Amy Lopez,kfoster@example.net,Finding Jennifer Marshall,Biography,2.0,Paid,Overdue,2026-04-12,2025-08-20,2025-08-24
1242,Joseph Young,aprilmoody@example.com,Missing Ocean,Mystery,2.0,Unpaid,Overdue,,2024-03-27,2024-03-31
1264,Timothy Gibson,robert87@example.net,Missing Shadow,Mystery,2.0,Paid,Overdue,2026-04-16,2024-02-06,2024-02-10
1276,Dylan Jackson,zacharysullivan@example.net,Finding Leslie Sims,Biography,2.0,Paid,Overdue,2026-05-07,2022-08-10,2022-08-14
1315,Cody Simmons,nicholas27@example.org,The Rise of Ocean,History,2.0,Paid,Damage,2026-03-11,2025-06-04,2025-06-08
1328,Jeffery Wagner,hoffmanjennifer@example.net,Mastering Path,Technology,2.0,Paid,Overdue,2026-02-16,2022-05-30,2022-06-03
5,Kristine Lane,meyernicholas@example.org,Light: A Chronicle,History,1.5,Paid,Damage,2026-03-09,2022-11-11,2022-11-14
16,Nicole Moore,craigjoseph@example.net,Little Storm,Children,1.5,Unpaid,Overdue,,2024-06-24,2024-06-27
36,John Davis,sonia96@example.org,The River Strategy,Business,1.5,Paid,Overdue,2026-04-26,2022-08-09,2022-08-12
41,Paul Scott,deborah75@example.org,The Adventures of Storm,Children,1.5,Unpaid,Overdue,,2024-07-24,2024-07-27
78,Thomas Carlson,kelli32@example.com,Path in Practice,Technology,1.5,Paid,Overdue,2026-02-25,2025-09-23,2025-09-26
124,Tina King,kellycarlos@example.org,Murder at Clearwater,Mystery,1.5,Paid,Overdue,2026-04-27,2023-03-06,2023-03-09
179,Lisa Evans,mcmillandennis@example.org,A Story of Fire,Fiction,1.5,Paid,Overdue,2026-03-01,2026-03-29,2026-04-01
182,Christopher Jordan,fgarcia@example.com,Missing Star,Mystery,1.5,Paid,Overdue,2026-05-06,2025-06-29,2025-07-02
196,Sandra Romero,michellehill@example.com,Broken Storm,Fiction,1.5,Paid,Overdue,2026-04-11,2022-06-08,2022-06-11
365,Michelle Rivera,lloydsamuel@example.com,In the Words of William Griffin,Biography,1.5,Paid,Overdue,2026-04-08,2022-06-24,2022-06-27
453,Randy Velasquez,bethwilliams@example.com,Master Your Star,Self-Help,1.5,Paid,Damage,2026-03-19,2022-02-28,2022-03-03
562,Stacy Holloway,batesdarlene@example.net,On Path,Philosophy,1.5,Unpaid,Overdue,,2025-09-12,2025-09-15
566,Sarah Gibson,dbrooks@example.net,Mountain Explained,Science,1.5,Unpaid,Overdue,,2022-06-16,2022-06-19
604,Andrea Jones,alicia28@example.org,The Storm Handbook,Technology,1.5,Unpaid,Damage,,2022-08-09,2022-08-12
607,Charles Schultz,rebeccabailey@example.net,Dream Every Day,Self-Help,1.5,Paid,Damage,2026-04-23,2023-02-11,2023-02-14
786,Sabrina Weaver,warrenmary@example.org,Leading with River,Business,1.5,Paid,Overdue,2026-02-24,2022-03-22,2022-03-25
814,Jeremiah Peterson,fsandoval@example.net,The Star Handbook,Technology,1.5,Unpaid,Overdue,,2022-05-26,2022-05-29
850,John Davis,sonia96@example.org,Shadow in Business,Business,1.5,Paid,Overdue,2026-04-17,2022-04-04,2022-04-07
860,Becky Knight,rkramer@example.org,The Last Shadow,Fiction,1.5,Waived,Damage,,2024-07-08,2024-07-11
928,Dale Sandoval,william66@example.net,Missing Mountain,Mystery,1.5,Paid,Overdue,2026-03-31,2025-05-26,2025-05-29
973,Jeffery Brock,pwilliams@example.org,Ocean Explained,Science,1.5,Unpaid,Overdue,,2024-12-20,2024-12-23
1027,Joshua Evans,wardsheryl@example.net,Murder at Riverdale,Mystery,1.5,Paid,Overdue,2026-04-19,2022-08-18,2022-08-21
1059,Charlene Hahn,rodney65@example.com,A Story of Mountain,Fiction,1.5,Paid,Overdue,2026-03-15,2026-02-16,2026-02-19
1146,Linda Jarvis,djones@example.com,Leading with Fire,Business,1.5,Unpaid,Overdue,,2025-01-05,2025-01-08
1175,Kathy Obrien,kimberlyjames@example.com,The Science of Storm,Science,1.5,Unpaid,Overdue,,2024-07-21,2024-07-24
1183,Tara Webster,laurenchandler@example.com,The Path Handbook,Technology,1.5,Paid,Overdue,2026-04-25,2023-12-01,2023-12-04
1258,Benjamin Wood,chase19@example.net,Shadow: A Chronicle,History,1.5,Unpaid,Overdue,,2025-12-09,2025-12-12
1303,Jeremiah Peterson,fsandoval@example.net,My First Storm,Children,1.5,Waived,Overdue,,2022-05-28,2022-05-31
1331,Amanda Oconnell,shannonford@example.org,Modern Path,Technology,1.5,Paid,Overdue,2026-03-03,2023-02-06,2023-02-09
31,Bryan Wiggins,marystone@example.com,Shadow Explained,Science,1.0,Unpaid,Overdue,,2024-11-01,2024-11-03
39,Johnathan Gilbert,michaela01@example.net,On Mountain,Philosophy,1.0,Paid,Overdue,2026-05-05,2026-01-30,2026-02-01
47,Charlene Hahn,rodney65@example.com,A Story of Storm,Fiction,1.0,Waived,Overdue,,2022-03-03,2022-03-05
68,Matthew Miranda,jeremytaylor@example.org,When Dream Falls,Fiction,1.0,Paid,Overdue,2026-02-13,2025-04-26,2025-04-28
84,Charlene Hahn,rodney65@example.com,Principles of Path,Science,1.0,Paid,Overdue,2026-02-23,2026-02-09,2026-02-11
88,Dale Sandoval,william66@example.net,The Shadow Strategy,Business,1.0,Unpaid,Overdue,,2022-10-25,2022-10-27
161,Kathryn Weaver,charlesnathan@example.com,The Star Handbook,Technology,1.0,Paid,Overdue,2026-02-12,2025-05-08,2025-05-10
203,Cody Simmons,nicholas27@example.org,The Power of Mountain,Self-Help,1.0,Paid,Overdue,2026-04-20,2022-03-07,2022-03-09
210,Rebecca Lee,smurray@example.com,The Rise of Light,History,1.0,Waived,Damage,,2025-02-21,2025-02-23
212,Christopher Fry,debra96@example.net,Missing Mountain,Mystery,1.0,Waived,Overdue,,2024-12-21,2024-12-23
214,Kathy Obrien,kimberlyjames@example.com,My First Mountain,Children,1.0,Paid,Overdue,2026-04-29,2023-12-28,2023-12-30
260,Andrea Jones,alicia28@example.org,In the Words of Joseph Chapman,Biography,1.0,Paid,Overdue,2026-03-04,2024-05-18,2024-05-20
293,Andrew Smith,jeremywiley@example.com,Missing River,Mystery,1.0,Paid,Overdue,2026-04-20,2024-05-07,2024-05-09
305,Kathryn Weaver,charlesnathan@example.com,The Philosophy of River,Philosophy,1.0,Unpaid,Overdue,,2026-05-09,
307,Charlene Hahn,rodney65@example.com,The Life of Rebecca Bailey,Biography,1.0,Paid,Overdue,2026-04-17,2025-08-30,2025-09-01
320,Kyle Sanders,qjacobson@example.org,The Last Fire,Fiction,1.0,Unpaid,Overdue,,2023-06-22,2023-06-24
368,James West,dwhite@example.org,The Storm Strategy,Business,1.0,Unpaid,Overdue,,2025-09-04,2025-09-06
399,Thomas Carlson,kelli32@example.com,The Life of Allison Simmons,Biography,1.0,Unpaid,Overdue,,2024-07-31,2024-08-02
401,Angela Gonzales,andersonkylie@example.net,The Path Strategy,Business,1.0,Paid,Overdue,2026-04-06,2026-01-16,2026-01-18
417,Rebecca Martin,ugarrett@example.net,Principles of Star,Science,1.0,Paid,Overdue,2026-04-14,2022-09-19,2022-09-21
456,Kaitlyn Navarro,aprilbyrd@example.org,Missing Ocean,Mystery,1.0,Unpaid,Damage,,2025-05-26,2025-05-28
486,Bryan Wiggins,marystone@example.com,The Rise of Light,History,1.0,Paid,Overdue,2026-03-15,2024-08-16,2024-08-18
552,Deborah Dawson,jennifermartinez@example.org,Murder at Westgate,Mystery,1.0,Unpaid,Overdue,,2023-05-31,2023-06-02
602,Lisa Adams,zmiller@example.com,Jeffery Hernandez: A Memoir,Biography,1.0,Unpaid,Overdue,,2024-01-03,2024-01-05
700,Manuel Lee,amanda71@example.com,The Philosophy of Ocean,Philosophy,1.0,Unpaid,Overdue,,2023-09-15,2023-09-17
737,Jennifer Garcia,jonesjessica@example.com,Mountain Explained,Science,1.0,Waived,Overdue,,2026-03-08,2026-03-10
743,Dylan Becker,armstrongjackie@example.org,The Life of Eric Carlson,Biography,1.0,Unpaid,Overdue,,2024-01-16,2024-01-18
785,Benjamin Wood,chase19@example.net,The Rise of Light,History,1.0,Paid,Overdue,2026-03-03,2022-06-17,2022-06-19
796,Michelle Cochran,erik16@example.org,My First Shadow,Children,1.0,Unpaid,Lost,,2025-06-01,2025-06-03
823,Becky Knight,rkramer@example.org,Little River,Children,1.0,Unpaid,Overdue,,2025-04-07,2025-04-09
847,Sean Montes,brittanybryant@example.net,Broken River,Fiction,1.0,Unpaid,Overdue,,2025-08-06,2025-08-08
864,Riley Morgan,mccormickdeborah@example.org,Mountain in Practice,Technology,1.0,Paid,Overdue,2026-03-29,2023-11-24,2023-11-26
891,Andrea Jones,alicia28@example.org,A Story of Mountain,Fiction,1.0,Unpaid,Overdue,,2024-11-04,2024-11-06
900,Jeremy Johnson,richard13@example.net,In the Words of Erika Hayes,Biography,1.0,Paid,Overdue,2026-04-14,2024-08-14,2024-08-16
951,Ann Shea,johnadams@example.com,The Ocean Handbook,Technology,1.0,Paid,Overdue,2026-04-02,2022-03-02,2022-03-04
953,April Mcintyre,greenjorge@example.com,On Shadow,Philosophy,1.0,Unpaid,Overdue,,2024-08-09,2024-08-11
991,Frank Perez,aduran@example.com,Murder at Clearwater,Mystery,1.0,Paid,Overdue,2026-04-02,2023-07-30,2023-08-01
1053,Matthew Castro,alexharris@example.com,Mastering Path,Technology,1.0,Unpaid,Overdue,,2025-04-07,2025-04-09
1068,Stephen Madden,steven12@example.org,When Ocean Falls,Fiction,1.0,Waived,Overdue,,2022-11-08,2022-11-10
1132,James West,dwhite@example.org,Master Your Fire,Self-Help,1.0,Unpaid,Overdue,,2022-12-22,2022-12-24
1217,Johnathan Gilbert,michaela01@example.net,Alejandro Campbell: A Memoir,Biography,1.0,Waived,Overdue,,2023-02-26,2023-02-28
1221,Kathy Obrien,kimberlyjames@example.com,Ocean Explained,Science,1.0,Paid,Overdue,2026-04-24,2024-09-13,2024-09-15
1227,John Wells,elliottjeffery@example.net,The Shadow Handbook,Technology,1.0,Unpaid,Overdue,,2022-06-12,2022-06-14
1246,Alexander Benson,torresthomas@example.com,The Ocean Handbook,Technology,1.0,Unpaid,Overdue,,2025-02-19,2025-02-21
1248,Daniel Diaz,diazgregory@example.net,Lost Path,History,1.0,Paid,Overdue,2026-04-12,2024-10-06,2024-10-08
1295,Nicole James,cruzamber@example.com,Mastering Fire,Technology,1.0,Unpaid,Overdue,,2024-02-12,2024-02-14
1307,Margaret Robertson,moralescody@example.org,When Dream Falls,Fiction,1.0,Paid,Overdue,2026-05-03,2025-10-10,2025-10-12
1325,Danielle White,ryanbartlett@example.org,A Story of Path,Fiction,1.0,Waived,Overdue,,2022-06-27,2022-06-29
20,Robert Silva,sarah35@example.org,The Case of the Ancient Light,Mystery,0.5,Waived,Overdue,,2024-11-25,2024-11-26
26,Deborah Parker,william77@example.org,The River Handbook,Technology,0.5,Paid,Overdue,2026-05-08,2025-08-04,2025-08-05
52,Ashley Krause,webbhaley@example.net,On Light,Philosophy,0.5,Paid,Overdue,2026-03-30,2023-12-27,2023-12-28
81,Jennifer Brock,ghernandez@example.org,In the Words of Mark Garner,Biography,0.5,Unpaid,Overdue,,2022-08-01,2022-08-02
106,Brian Simmons,janetvance@example.net,When Star Falls,Fiction,0.5,Paid,Overdue,2026-02-18,2026-02-17,2026-02-18
110,James West,dwhite@example.org,My First Mountain,Children,0.5,Unpaid,Overdue,,2025-07-01,2025-07-02
159,Karen Evans,colemichael@example.org,Modern Shadow,Technology,0.5,Waived,Overdue,,2024-09-04,2024-09-05
187,Brandi Bender,icraig@example.com,The Case of the Silent Fire,Mystery,0.5,Paid,Overdue,2026-04-24,2023-09-24,2023-09-25
208,Tina Ferguson,qvargas@example.org,Murder at Westgate,Mystery,0.5,Paid,Overdue,2026-03-08,2022-09-05,2022-09-06
220,Margaret Robertson,moralescody@example.org,The Life of Allison Simmons,Biography,0.5,Unpaid,Overdue,,2023-02-28,2023-03-01
234,Yolanda Smith,evan79@example.net,The Science of Shadow,Science,0.5,Unpaid,Overdue,,2025-12-24,2025-12-25
242,John Wise,cwright@example.org,The Science of Fire,Science,0.5,Unpaid,Overdue,,2023-01-01,2023-01-02
246,Joyce Malone,lori82@example.org,The Power of Storm,Self-Help,0.5,Waived,Overdue,,2026-05-07,2026-05-08
285,Anthony Alvarez,timothy24@example.com,Path and Meaning,Philosophy,0.5,Paid,Overdue,2026-03-10,2026-05-05,2026-05-06
380,Adam Macias,emartin@example.net,The Art of Dream,Business,0.5,Unpaid,Overdue,,2023-12-07,2023-12-08
432,Stacy Holloway,batesdarlene@example.net,The Art of Shadow,Business,0.5,Unpaid,Damage,,2022-10-02,2022-10-03
573,Erica Dillon,chelsea33@example.com,Modern Storm,Technology,0.5,Unpaid,Overdue,,2022-08-03,2022-08-04
601,Catherine Morris,nramos@example.net,The River Strategy,Business,0.5,Unpaid,Overdue,,2024-12-25,2024-12-26
614,Dylan Becker,armstrongjackie@example.org,The Philosophy of Star,Philosophy,0.5,Paid,Overdue,2026-04-14,2025-02-18,2025-02-19
654,Jennifer Rodriguez,jacobconrad@example.com,River Goes to School,Children,0.5,Paid,Overdue,2026-03-25,2025-03-31,2025-04-01
724,Cody Simmons,nicholas27@example.org,The Rise of Dream,History,0.5,Unpaid,Overdue,,2025-11-23,2025-11-24
788,Dylan Jackson,zacharysullivan@example.net,The Last Dream,Fiction,0.5,Waived,Overdue,,2024-06-16,2024-06-17
815,Dylan Jackson,zacharysullivan@example.net,Missing Star,Mystery,0.5,Unpaid,Overdue,,2025-04-16,2025-04-17
839,Rebecca Lee,smurray@example.com,Murder at Ashford,Mystery,0.5,Paid,Overdue,2026-04-18,2025-06-09,2025-06-10
863,Kimberly Bryant,wolfesteve@example.net,When Star Falls,Fiction,0.5,Paid,Overdue,2026-02-25,2025-01-16,2025-01-17
883,Alexander King,ogreer@example.net,Leading with Mountain,Business,0.5,Paid,Overdue,2026-02-14,2022-05-31,2022-06-01
965,James Stewart,kerrmichael@example.org,Master Your Ocean,Self-Help,0.5,Paid,Damage,2026-03-06,2024-12-18,2024-12-19
1009,Erica Dillon,chelsea33@example.com,My First Fire,Children,0.5,Waived,Overdue,,2022-11-19,2022-11-20
1035,Dylan Jackson,zacharysullivan@example.net,The Case of the Broken River,Mystery,0.5,Unpaid,Overdue,,2024-11-26,2024-11-27
1036,Jonathan Reyes,ericahall@example.com,The Life of Roberto Roberts,Biography,0.5,Unpaid,Overdue,,2025-01-10,2025-01-11
1061,Randy Brooks,xvang@example.org,Finding Angel Harris,Biography,0.5,Unpaid,Overdue,,2022-07-16,2022-07-17
1077,Joseph Young,aprilmoody@example.com,The Philosophy of Shadow,Philosophy,0.5,Paid,Overdue,2026-05-05,2023-07-02,2023-07-03
1100,Luis Acosta,millerangela@example.net,Mastering Storm,Technology,0.5,Unpaid,Overdue,,2022-10-05,2022-10-06
1115,Audrey Aguirre,lynchdiane@example.net,Mastering Storm,Technology,0.5,Unpaid,Lost,,2024-05-04,2024-05-05
1162,Stacy Holloway,batesdarlene@example.net,The Light Strategy,Business,0.5,Paid,Overdue,2026-04-05,2025-08-02,2025-08-03
1176,Jeffery Brock,pwilliams@example.org,The Golden Secret,Mystery,0.5,Unpaid,Overdue,,2022-03-05,2022-03-06
1185,Michael Bruce,lisamccarthy@example.com,Fire and Meaning,Philosophy,0.5,Paid,Overdue,2026-05-02,2022-05-06,2022-05-07
1235,Lisa Adams,zmiller@example.com,Understanding Ocean,Science,0.5,Unpaid,Overdue,,2023-08-29,2023-08-30
1245,Brian Miller,nwilson@example.net,The History of Mountain,History,0.5,Paid,Overdue,2026-04-16,2023-08-20,2023-08-21
1252,Amanda Oconnell,shannonford@example.org,Principles of Path,Science,0.5,Waived,Overdue,,2023-06-08,2023-06-09
1257,Sara Little,william13@example.org,The Hidden Secret,Mystery,0.5,Paid,Overdue,2026-03-04,2024-03-06,2024-03-07
1272,Michael Bruce,lisamccarthy@example.com,The Mountain Handbook,Technology,0.5,Unpaid,Overdue,,2022-11-02,2022-11-03
1304,Laura Hansen,butlersabrina@example.org,Ocean and Meaning,Philosophy,0.5,Paid,Overdue,2026-02-23,2022-07-30,2022-07-31
1335,Kevin Miller,qjames@example.org,The Life of Cody Hopkins,Biography,0.5,Unpaid,Overdue,,2026-03-26,2026-03-27
