Transaction_ID,Member_Name,Book_Title,Category_Name,Librarian_Name,Borrow_Date,Due_Date,Return_Date,Loan_Status,Return_Condition,Fine_Amount,Days_Overdue,Borrow_Year,Borrow_Month
1685,Shannon Richardson,Fire Goes to School,Children,Robert Johnson,2026-04-25,2026-05-09,2026-05-02,Returned,Good,0.0,0,2026,2026-04
895,James White,In the Words of Jason Mercer,Biography,Joshua Walker,2026-04-25,2026-05-09,2026-04-29,Returned,Good,0.0,0,2026,2026-04
464,Kathryn Weaver,The Philosophy of River,Philosophy,Robert Johnson,2026-04-25,2026-05-09,,Active,,1.0,3,2026,2026-04
1668,Tara Johnson,Missing Dream,Mystery,Patricia Miller,2026-04-24,2026-05-08,2026-05-02,Returned,Good,0.0,0,2026,2026-04
1585,Paula Dominguez,Leading with River,Business,Jill Rhodes,2026-04-24,2026-05-08,2026-05-01,Returned,Good,0.0,0,2026,2026-04
20,Andrew Smith,On Mountain,Philosophy,Patricia Miller,2026-04-24,2026-05-08,2026-04-28,Returned,Good,0.0,0,2026,2026-04
1659,Adam Macias,A Story of Dream,Fiction,Joshua Walker,2026-04-23,2026-05-07,2026-05-04,Returned,Good,0.0,0,2026,2026-04
377,Joyce Malone,The Power of Storm,Self-Help,Patricia Miller,2026-04-23,2026-05-07,2026-05-08,Returned,Damaged,0.5,1,2026,2026-04
966,Rebecca Martin,Thinking About Fire,Philosophy,Joshua Walker,2026-04-21,2026-05-05,2026-05-02,Returned,Good,0.0,0,2026,2026-04
756,Jennifer Brock,The Last Shadow,Fiction,Jill Rhodes,2026-04-21,2026-05-05,2026-04-25,Returned,Good,0.0,0,2026,2026-04
748,Janet Williams,The Dream Strategy,Business,Patricia Miller,2026-04-21,2026-05-05,2026-04-29,Returned,Good,0.0,0,2026,2026-04
438,Anthony Alvarez,Path and Meaning,Philosophy,Robert Johnson,2026-04-21,2026-05-05,2026-05-06,Returned,Good,0.5,1,2026,2026-04
1420,Danielle Dean,The Last Ocean,Fiction,Joshua Walker,2026-04-20,2026-05-04,2026-05-03,Returned,Good,0.0,0,2026,2026-04
1322,James Cruz,Leading with Star,Business,Robert Johnson,2026-04-20,2026-05-04,2026-04-29,Returned,Good,0.0,0,2026,2026-04
816,Kiara Mullins,On Storm,Philosophy,Patricia Miller,2026-04-19,2026-05-03,2026-04-28,Returned,Good,0.0,0,2026,2026-04
402,Melissa Rivas,The History of Path,History,Joshua Walker,2026-04-19,2026-05-03,2026-04-23,Returned,Good,0.0,0,2026,2026-04
229,Michelle Cochran,The Storm Strategy,Business,Robert Johnson,2026-04-19,2026-05-03,2026-04-29,Returned,Good,0.0,0,2026,2026-04
125,Sean Montes,Murder at Westgate,Mystery,Danielle Johnson,2026-04-19,2026-05-03,2026-05-01,Returned,Good,0.0,0,2026,2026-04
686,Stephen Madden,Leading with Storm,Business,Robert Johnson,2026-04-17,2026-05-01,2026-04-18,Returned,Good,0.0,0,2026,2026-04
172,Nicole Moore,The Art of Path,Business,Danielle Johnson,2026-04-17,2026-05-01,2026-05-01,Returned,Damaged,0.0,0,2026,2026-04
1560,Kevin Miller,When Path Falls,Fiction,Joshua Walker,2026-04-15,2026-04-29,,Active,,6.0,13,2026,2026-04
440,Joshua White,Little Storm,Children,Danielle Johnson,2026-04-14,2026-04-28,2026-04-28,Returned,Damaged,0.0,0,2026,2026-04
1687,James White,When River Falls,Fiction,Robert Johnson,2026-04-13,2026-04-27,2026-05-07,Returned,Good,5.0,10,2026,2026-04
1877,Sharon Kennedy,Understanding Shadow,Science,Jill Rhodes,2026-04-11,2026-04-25,2026-05-07,Returned,Damaged,6.0,12,2026,2026-04
1526,Charles Schultz,Master Your Ocean,Self-Help,Patricia Miller,2026-04-11,2026-04-25,2026-05-01,Returned,Good,3.0,6,2026,2026-04
644,Paula Dominguez,The Rise of Light,History,Patricia Miller,2026-04-11,2026-04-25,2026-04-14,Returned,Good,0.0,0,2026,2026-04
1048,Kayla Griffin,The Rise of Dream,History,Patricia Miller,2026-04-10,2026-04-24,2026-04-19,Returned,Good,0.0,0,2026,2026-04
145,Laura Hansen,Dream in Business,Business,Joshua Walker,2026-04-10,2026-04-24,2026-04-28,Returned,Good,2.0,4,2026,2026-04
1306,Nicole James,Lost River,History,Robert Johnson,2026-04-07,2026-04-21,2026-05-09,Returned,Good,9.0,18,2026,2026-04
307,Tyler Dixon,Little Fire,Children,Patricia Miller,2026-04-07,2026-04-21,2026-04-20,Returned,Good,0.0,0,2026,2026-04
1391,Danielle Dean,Modern Ocean,Technology,Robert Johnson,2026-04-05,2026-04-19,2026-04-11,Returned,Good,0.0,0,2026,2026-04
1569,Wendy Allen,Modern River,Technology,Patricia Miller,2026-04-03,2026-04-17,2026-05-07,Returned,Good,10.0,20,2026,2026-04
648,Dylan Becker,Light Goes to School,Children,Danielle Johnson,2026-04-03,2026-04-17,2026-04-26,Returned,Good,4.5,9,2026,2026-04
203,Brandon Kim,When Mountain Falls,Fiction,Danielle Johnson,2026-04-03,2026-04-17,2026-04-08,Returned,Good,0.0,0,2026,2026-04
619,Frank Perez,The Path Handbook,Technology,Robert Johnson,2026-04-01,2026-04-15,2026-05-05,Returned,Good,10.0,20,2026,2026-04
1443,Lawrence Floyd,A Story of Storm,Fiction,Joshua Walker,2026-03-31,2026-04-14,2026-04-19,Returned,Good,2.5,5,2026,2026-03
391,Tina Ferguson,Becoming Lost,Self-Help,Robert Johnson,2026-03-29,2026-04-12,2026-03-30,Returned,Good,0.0,0,2026,2026-03
1172,Randy Brooks,The Art of Path,Business,Patricia Miller,2026-03-28,2026-04-11,,Active,,15.0,31,2026,2026-03
1308,Lisa Adams,The Adventures of Star,Children,Joshua Walker,2026-03-27,2026-04-10,2026-04-28,Returned,Good,9.0,18,2026,2026-03
1292,Lisa Evans,Finding Angel Harris,Biography,Danielle Johnson,2026-03-27,2026-04-10,,Active,,15.5,32,2026,2026-03
252,Cody Simmons,Murder at Riverdale,Mystery,Robert Johnson,2026-03-27,2026-04-10,2026-03-28,Returned,Good,0.0,0,2026,2026-03
1440,Sabrina Weaver,The Science of Star,Science,Robert Johnson,2026-03-24,2026-04-07,2026-04-04,Returned,Good,0.0,0,2026,2026-03
1822,Jennifer Garcia,Ocean Explained,Science,Patricia Miller,2026-03-22,2026-04-05,2026-03-29,Returned,Good,0.0,0,2026,2026-03
640,Tyler Dixon,Leading with River,Business,Jill Rhodes,2026-03-22,2026-04-05,2026-04-09,Returned,Good,2.0,4,2026,2026-03
279,Charles Schultz,Broken Fire,Fiction,Patricia Miller,2026-03-22,2026-04-05,,Active,,18.0,37,2026,2026-03
142,Michelle Wells,Murder at Millbrook,Mystery,Patricia Miller,2026-03-22,2026-04-05,2026-04-24,Returned,Good,9.5,19,2026,2026-03
1504,Alexander King,The Hidden Secret,Mystery,Joshua Walker,2026-03-20,2026-04-03,2026-04-17,Returned,Good,7.0,14,2026,2026-03
1417,Whitney Green,Principles of Path,Science,Danielle Johnson,2026-03-19,2026-04-02,,Active,,19.5,40,2026,2026-03
766,Whitney Green,When Ocean Falls,Fiction,Jill Rhodes,2026-03-18,2026-04-01,2026-04-09,Returned,Good,4.0,8,2026,2026-03
267,Christopher Walker,Dream in Practice,Technology,Robert Johnson,2026-03-18,2026-04-01,2026-04-17,Returned,Good,8.0,16,2026,2026-03
1913,John Dawson,Little Storm,Children,Joshua Walker,2026-03-17,2026-03-31,2026-04-14,Returned,Good,7.0,14,2026,2026-03
1985,Jeffrey Morgan,Principles of Star,Science,Joshua Walker,2026-03-15,2026-03-29,2026-03-26,Returned,Good,0.0,0,2026,2026-03
272,Lisa Evans,A Story of Fire,Fiction,Robert Johnson,2026-03-15,2026-03-29,2026-04-01,Returned,Good,1.5,3,2026,2026-03
1851,Michael Rodriguez,Broken Fire,Fiction,Joshua Walker,2026-03-14,2026-03-28,,Active,,22.0,45,2026,2026-03
978,Tina King,Mountain Every Day,Self-Help,Joshua Walker,2026-03-13,2026-03-27,2026-04-02,Returned,Good,3.0,6,2026,2026-03
792,Lisa Adams,Light and Meaning,Philosophy,Joshua Walker,2026-03-13,2026-03-27,2026-04-02,Returned,Good,3.0,6,2026,2026-03
1997,Kevin Miller,The Life of Cody Hopkins,Biography,Robert Johnson,2026-03-12,2026-03-26,2026-03-27,Returned,Good,0.5,1,2026,2026-03
513,Joseph Young,Modern Fire,Technology,Jill Rhodes,2026-03-12,2026-03-26,2026-04-09,Returned,Good,7.0,14,2026,2026-03
139,Kristin Walter,The Life of Matthew Evans,Biography,Joshua Walker,2026-03-12,2026-03-26,2026-03-13,Returned,Good,0.0,0,2026,2026-03
1495,Rebekah Hill,Murder at Ashford,Mystery,Patricia Miller,2026-03-11,2026-03-25,,Active,,23.5,48,2026,2026-03
1353,Brian Cooper,Path in Practice,Technology,Joshua Walker,2026-03-11,2026-03-25,2026-03-20,Returned,Good,0.0,0,2026,2026-03
1841,Nicole Moore,Principles of Ocean,Science,Joshua Walker,2026-03-10,2026-03-24,2026-03-11,Returned,Good,0.0,0,2026,2026-03
1455,Ashley Krause,A Story of Path,Fiction,Danielle Johnson,2026-03-09,2026-03-23,,Active,,24.5,50,2026,2026-03
1029,Brenda Smith,The Power of Mountain,Self-Help,Joshua Walker,2026-03-08,2026-03-22,,Active,,25.0,51,2026,2026-03
100,Rebecca Martin,Missing Shadow,Mystery,Danielle Johnson,2026-03-06,2026-03-20,,Active,,26.0,53,2026,2026-03
821,John Scott,Dream and Meaning,Philosophy,Joshua Walker,2026-03-05,2026-03-19,,Active,,26.5,54,2026,2026-03
130,Alan Rodriguez,Shadow and Meaning,Philosophy,Robert Johnson,2026-03-05,2026-03-19,2026-04-03,Returned,Good,7.5,15,2026,2026-03
1515,Peter Gamble,In the Words of Christine Crawford,Biography,Patricia Miller,2026-03-04,2026-03-18,,Active,,27.0,55,2026,2026-03
530,Joshua Evans,My First Fire,Children,Danielle Johnson,2026-03-04,2026-03-18,2026-03-29,Returned,Good,5.5,11,2026,2026-03
1412,Timothy Carroll,River in Business,Business,Patricia Miller,2026-03-01,2026-03-15,2026-03-12,Returned,Good,0.0,0,2026,2026-03
1206,Diana Mitchell,Principles of Star,Science,Jill Rhodes,2026-02-28,2026-03-14,2026-03-08,Returned,Good,0.0,0,2026,2026-02
1176,Cynthia Faulkner,The Last Dream,Fiction,Joshua Walker,2026-02-28,2026-03-14,2026-04-03,Returned,Good,10.0,20,2026,2026-02
1456,Jessica Hansen,The Philosophy of Ocean,Philosophy,Joshua Walker,2026-02-27,2026-03-13,2026-03-02,Returned,Good,0.0,0,2026,2026-02
387,Kathy Obrien,Ocean Explained,Science,Patricia Miller,2026-02-27,2026-03-13,,Active,,29.5,60,2026,2026-02
1586,Steven Frye,When Ocean Falls,Fiction,Jill Rhodes,2026-02-25,2026-03-11,2026-03-20,Returned,Good,4.5,9,2026,2026-02
1519,Kristin Walter,Master Your River,Self-Help,Patricia Miller,2026-02-25,2026-03-11,2026-03-18,Returned,Good,3.5,7,2026,2026-02
927,Tara Johnson,Mountain in Practice,Technology,Joshua Walker,2026-02-25,2026-03-11,,Active,,30.5,62,2026,2026-02
684,Yolanda Smith,The Star Strategy,Business,Jill Rhodes,2026-02-24,2026-03-10,2026-03-22,Returned,Good,6.0,12,2026,2026-02
394,Michael Bruce,The Science of Dream,Science,Robert Johnson,2026-02-24,2026-03-10,2026-02-26,Returned,Good,0.0,0,2026,2026-02
1811,Steven Frye,Fire in Business,Business,Joshua Walker,2026-02-23,2026-03-09,2026-03-17,Returned,Good,4.0,8,2026,2026-02
1112,Jennifer Garcia,Mountain Explained,Science,Patricia Miller,2026-02-22,2026-03-08,2026-03-10,Returned,Good,1.0,2,2026,2026-02
764,Ann Shea,A Story of Ocean,Fiction,Patricia Miller,2026-02-22,2026-03-08,,Active,,32.0,65,2026,2026-02
1658,Kathy Beard,Light: A Chronicle,History,Patricia Miller,2026-02-21,2026-03-07,2026-02-24,Returned,Good,0.0,0,2026,2026-02
1641,Catherine Morris,When Path Falls,Fiction,Patricia Miller,2026-02-21,2026-03-07,2026-03-05,Returned,Good,0.0,0,2026,2026-02
62,Brandon Kim,Leading with Ocean,Business,Joshua Walker,2026-02-21,2026-03-07,2026-02-22,Returned,Good,0.0,0,2026,2026-02
319,Danielle White,Understanding Path,Science,Jill Rhodes,2026-02-20,2026-03-06,2026-03-13,Returned,Good,3.5,7,2026,2026-02
905,Andrew Smith,The Dark Secret,Mystery,Robert Johnson,2026-02-19,2026-03-05,2026-03-22,Returned,Good,8.5,17,2026,2026-02
533,Lawrence Floyd,A Story of Mountain,Fiction,Patricia Miller,2026-02-16,2026-03-02,,Active,,35.0,71,2026,2026-02
1782,Christopher Fry,A Story of River,Fiction,Robert Johnson,2026-02-15,2026-03-01,2026-03-01,Returned,Damaged,0.0,0,2026,2026-02
876,Audrey Aguirre,The Dream Handbook,Technology,Robert Johnson,2026-02-15,2026-03-01,2026-03-11,Returned,Good,5.0,10,2026,2026-02
355,Christopher Walker,In the Words of Tiffany Watson,Biography,Jill Rhodes,2026-02-15,2026-03-01,,Active,,35.5,72,2026,2026-02
27,Mario Mcdonald,Missing River,Mystery,Patricia Miller,2026-02-15,2026-03-01,2026-02-23,Returned,Good,0.0,0,2026,2026-02
1803,Joshua White,The River Strategy,Business,Jill Rhodes,2026-02-14,2026-02-28,2026-03-13,Returned,Good,6.5,13,2026,2026-02
839,John Davis,In the Words of Erika Hayes,Biography,Joshua Walker,2026-02-14,2026-02-28,2026-03-10,Returned,Good,5.0,10,2026,2026-02
98,Robert Silva,When Star Falls,Fiction,Patricia Miller,2026-02-14,2026-02-28,2026-03-20,Returned,Good,10.0,20,2026,2026-02
811,Jennifer Garcia,Murder at Ashford,Mystery,Danielle Johnson,2026-02-12,2026-02-26,2026-02-25,Returned,Good,0.0,0,2026,2026-02
287,Ryan Clark,Light and Meaning,Philosophy,Joshua Walker,2026-02-12,2026-02-26,2026-02-25,Returned,Good,0.0,0,2026,2026-02
122,Lisa Adams,The Art of Light,Business,Danielle Johnson,2026-02-12,2026-02-26,2026-03-04,Returned,Good,3.0,6,2026,2026-02
1252,Julie Hernandez,Ocean and Meaning,Philosophy,Joshua Walker,2026-02-11,2026-02-25,2026-03-16,Returned,Good,9.5,19,2026,2026-02
1134,Lori Davis,The Adventures of Ocean,Children,Joshua Walker,2026-02-10,2026-02-24,2026-02-16,Returned,Good,0.0,0,2026,2026-02
975,Cynthia Benjamin,Missing Mountain,Mystery,Patricia Miller,2026-02-10,2026-02-24,2026-03-10,Returned,Good,7.0,14,2026,2026-02
733,Danielle Dean,In the Words of David Cooper,Biography,Robert Johnson,2026-02-10,2026-02-24,2026-03-07,Returned,Damaged,5.5,11,2026,2026-02
1613,Jonathan Reyes,Murder at Ashford,Mystery,Joshua Walker,2026-02-09,2026-02-23,2026-02-21,Returned,Good,0.0,0,2026,2026-02
831,Jose Williams,Shadow Explained,Science,Joshua Walker,2026-02-09,2026-02-23,,Active,,38.5,78,2026,2026-02
1720,Michelle Rivera,Mountain Every Day,Self-Help,Jill Rhodes,2026-02-07,2026-02-21,2026-02-11,Returned,Good,0.0,0,2026,2026-02
1795,Tara Johnson,Murder at Riverdale,Mystery,Danielle Johnson,2026-02-06,2026-02-20,2026-02-20,Returned,Good,0.0,0,2026,2026-02
166,Brian Simmons,When Star Falls,Fiction,Danielle Johnson,2026-02-03,2026-02-17,2026-02-18,Returned,Good,0.5,1,2026,2026-02
1583,Charlene Hahn,A Story of Mountain,Fiction,Danielle Johnson,2026-02-02,2026-02-16,2026-02-19,Returned,Good,1.5,3,2026,2026-02
1925,Lisa Evans,Ancient Ocean,Fiction,Robert Johnson,2026-02-01,2026-02-15,2026-03-06,Returned,Good,9.5,19,2026,2026-02
1789,Michael Bruce,When Dream Falls,Fiction,Patricia Miller,2026-02-01,2026-02-15,2026-02-12,Returned,Good,0.0,0,2026,2026-02
1614,Tommy Lee,Lost Shadow,History,Patricia Miller,2026-02-01,2026-02-15,2026-02-07,Returned,Good,0.0,0,2026,2026-02
1347,James Stewart,The Light Handbook,Technology,Joshua Walker,2026-02-01,2026-02-15,2026-02-13,Returned,Good,0.0,0,2026,2026-02
1063,Cody Simmons,The Philosophy of Fire,Philosophy,Danielle Johnson,2026-01-30,2026-02-13,2026-02-08,Returned,Good,0.0,0,2026,2026-01
388,Timothy Carroll,Murder at Ashford,Mystery,Joshua Walker,2026-01-30,2026-02-13,,Active,,43.5,88,2026,2026-01
1267,Shannon Richardson,When Dream Falls,Fiction,Joshua Walker,2026-01-29,2026-02-12,2026-02-09,Returned,Good,0.0,0,2026,2026-01
502,Ann Shea,Ocean Explained,Science,Jill Rhodes,2026-01-28,2026-02-11,2026-02-24,Returned,Good,6.5,13,2026,2026-01
1908,Luis Acosta,Master Your Star,Self-Help,Robert Johnson,2026-01-27,2026-02-10,2026-03-02,Returned,Good,10.0,20,2026,2026-01
129,Charlene Hahn,Principles of Path,Science,Patricia Miller,2026-01-26,2026-02-09,2026-02-11,Returned,Good,1.0,2,2026,2026-01
1438,Edward Reyes,Mastering Mountain,Technology,Patricia Miller,2026-01-25,2026-02-08,2026-02-18,Returned,Good,5.0,10,2026,2026-01
1518,Dylan Jackson,When Mountain Falls,Fiction,Robert Johnson,2026-01-23,2026-02-06,2026-02-03,Returned,Good,0.0,0,2026,2026-01
1375,Christopher Fry,Star Every Day,Self-Help,Danielle Johnson,2026-01-23,2026-02-06,2026-02-16,Returned,Good,5.0,10,2026,2026-01
31,Christopher Walker,The Path Handbook,Technology,Danielle Johnson,2026-01-23,2026-02-06,2026-02-18,Returned,Good,6.0,12,2026,2026-01
14,Rachel Greene,Murder at Westgate,Mystery,Joshua Walker,2026-01-23,2026-02-06,2026-02-22,Returned,Good,8.0,16,2026,2026-01
1666,Frank Perez,Path Goes to School,Children,Joshua Walker,2026-01-22,2026-02-05,,Active,,47.5,96,2026,2026-01
751,Brenda Smith,Finding Karla Willis,Biography,Joshua Walker,2026-01-22,2026-02-05,2026-02-18,Returned,Good,6.5,13,2026,2026-01
1961,Erica Cruz,When Fire Falls,Fiction,Joshua Walker,2026-01-20,2026-02-03,2026-02-11,Returned,Good,4.0,8,2026,2026-01
1254,Stephen Madden,Modern Path,Technology,Robert Johnson,2026-01-19,2026-02-02,2026-01-26,Returned,Good,0.0,0,2026,2026-01
893,Morgan Alexander,The Rise of Mountain,History,Jill Rhodes,2026-01-19,2026-02-02,2026-02-11,Returned,Good,4.5,9,2026,2026-01
471,Danielle Dean,Principles of Shadow,Science,Danielle Johnson,2026-01-19,2026-02-02,2026-01-21,Returned,Good,0.0,0,2026,2026-01
1433,Benjamin Wood,The Life of John Chavez,Biography,Patricia Miller,2026-01-18,2026-02-01,,Active,,49.5,100,2026,2026-01
1402,Michelle Rivera,The Science of Fire,Science,Jill Rhodes,2026-01-17,2026-01-31,2026-01-23,Returned,Good,0.0,0,2026,2026-01
335,Daniel James,My First Dream,Children,Joshua Walker,2026-01-17,2026-01-31,2026-02-07,Returned,Good,3.5,7,2026,2026-01
61,Johnathan Gilbert,On Mountain,Philosophy,Danielle Johnson,2026-01-16,2026-01-30,2026-02-01,Returned,Good,1.0,2,2026,2026-01
1763,Linda Wolfe,Dream in Practice,Technology,Jill Rhodes,2026-01-15,2026-01-29,2026-01-17,Returned,Good,0.0,0,2026,2026-01
1785,Jose Williams,Missing River,Mystery,Patricia Miller,2026-01-14,2026-01-28,2026-02-04,Returned,Good,3.5,7,2026,2026-01
1465,James Washington,The Life of Michael Knapp,Biography,Danielle Johnson,2026-01-14,2026-01-28,,Active,,51.5,104,2026,2026-01
339,Andrew Willis,Light in Practice,Technology,Patricia Miller,2026-01-14,2026-01-28,2026-02-06,Returned,Lost,4.5,9,2026,2026-01
189,Lori Davis,Modern River,Technology,Joshua Walker,2026-01-11,2026-01-25,2026-01-17,Returned,Good,0.0,0,2026,2026-01
649,Kathy Beard,River: A Chronicle,History,Jill Rhodes,2026-01-10,2026-01-24,2026-02-11,Returned,Damaged,9.0,18,2026,2026-01
457,Zachary Mccoy,Light Goes to School,Children,Danielle Johnson,2026-01-09,2026-01-23,,Active,,54.0,109,2026,2026-01
812,Diana Mitchell,When Ocean Falls,Fiction,Robert Johnson,2026-01-07,2026-01-21,2026-01-16,Returned,Good,0.0,0,2026,2026-01
1264,Jennifer Rodriguez,The Philosophy of Star,Philosophy,Danielle Johnson,2026-01-06,2026-01-20,2026-01-14,Returned,Good,0.0,0,2026,2026-01
481,Nicole Moore,Little Star,Children,Patricia Miller,2026-01-05,2026-01-19,2026-01-25,Returned,Good,3.0,6,2026,2026-01
1510,Mario Mcdonald,Leading with Path,Business,Jill Rhodes,2026-01-04,2026-01-18,,Active,,56.5,114,2026,2026-01
563,Brian Miller,Master Your Storm,Self-Help,Robert Johnson,2026-01-04,2026-01-18,2026-01-13,Returned,Damaged,0.0,0,2026,2026-01
865,Paula Dominguez,The Golden Secret,Mystery,Joshua Walker,2026-01-03,2026-01-17,2026-02-05,Returned,Good,9.5,19,2026,2026-01
1643,Lori Davis,The Power of River,Self-Help,Danielle Johnson,2026-01-02,2026-01-16,2026-01-16,Returned,Good,0.0,0,2026,2026-01
600,Angela Gonzales,The Path Strategy,Business,Joshua Walker,2026-01-02,2026-01-16,2026-01-18,Returned,Good,1.0,2,2026,2026-01
1906,Jennifer Rodriguez,The Case of the Dark River,Mystery,Danielle Johnson,2026-01-01,2026-01-15,2026-01-04,Returned,Good,0.0,0,2026,2026-01
1767,Sandra Romero,Lost River,History,Joshua Walker,2026-01-01,2026-01-15,2026-01-25,Returned,Lost,5.0,10,2026,2026-01
850,Cindy Jimenez,On Dream,Philosophy,Danielle Johnson,2026-01-01,2026-01-15,,Active,,58.0,117,2026,2026-01
500,Andrea Stephens,Murder at Clearwater,Mystery,Joshua Walker,2026-01-01,2026-01-15,2026-01-19,Returned,Good,2.0,4,2026,2026-01
227,Lisa Evans,The Last Storm,Fiction,Patricia Miller,2026-01-01,2026-01-15,,Active,,58.0,117,2026,2026-01
505,Kaitlyn Navarro,The Ocean Strategy,Business,Joshua Walker,2025-12-31,2026-01-14,2026-01-28,Returned,Good,7.0,14,2025,2025-12
1679,Christopher Fry,The Life of John Chavez,Biography,Joshua Walker,2025-12-30,2026-01-13,2026-01-12,Returned,Damaged,0.0,0,2025,2025-12
372,Frank Perez,Leading with Path,Business,Joshua Walker,2025-12-28,2026-01-11,2026-01-09,Returned,Lost,0.0,0,2025,2025-12
1333,Matthew Miranda,A Story of Ocean,Fiction,Jill Rhodes,2025-12-27,2026-01-10,2026-01-24,Returned,Good,7.0,14,2025,2025-12
1539,Brian Simmons,The History of Path,History,Jill Rhodes,2025-12-26,2026-01-09,,Active,,61.0,123,2025,2025-12
837,James Washington,Modern Ocean,Technology,Danielle Johnson,2025-12-24,2026-01-07,2026-01-04,Returned,Good,0.0,0,2025,2025-12
221,Laura Martin,The Science of Path,Science,Jill Rhodes,2025-12-24,2026-01-07,2026-01-20,Returned,Good,6.5,13,2025,2025-12
1345,Ryan Clark,The History of Light,History,Jill Rhodes,2025-12-23,2026-01-06,2026-01-16,Returned,Good,5.0,10,2025,2025-12
1098,John Dawson,Mountain: A Chronicle,History,Jill Rhodes,2025-12-22,2026-01-05,2026-01-01,Returned,Good,0.0,0,2025,2025-12
1835,Paula Dominguez,The Life of Michael Knapp,Biography,Danielle Johnson,2025-12-21,2026-01-04,2026-01-14,Returned,Good,5.0,10,2025,2025-12
576,Benjamin Wood,The Art of Path,Business,Jill Rhodes,2025-12-21,2026-01-04,2026-01-23,Returned,Good,9.5,19,2025,2025-12
951,Morgan Alexander,The Path Handbook,Technology,Jill Rhodes,2025-12-19,2026-01-02,2025-12-28,Returned,Good,0.0,0,2025,2025-12
206,Kevin Miller,Lost Mountain,History,Robert Johnson,2025-12-18,2026-01-01,2026-01-08,Returned,Good,3.5,7,2025,2025-12
1331,Peter Gamble,The Life of Cody Hopkins,Biography,Patricia Miller,2025-12-17,2025-12-31,2026-01-06,Returned,Good,3.0,6,2025,2025-12
1164,Adam Macias,The Storm Strategy,Business,Jill Rhodes,2025-12-17,2025-12-31,2026-01-19,Returned,Good,9.5,19,2025,2025-12
573,Alexander Benson,Storm Goes to School,Children,Danielle Johnson,2025-12-17,2025-12-31,2026-01-15,Returned,Good,7.5,15,2025,2025-12
1741,John Wells,Understanding Fire,Science,Jill Rhodes,2025-12-16,2025-12-30,2026-01-04,Returned,Good,2.5,5,2025,2025-12
1342,Tommy Lee,The History of Storm,History,Joshua Walker,2025-12-16,2025-12-30,2025-12-25,Returned,Good,0.0,0,2025,2025-12
1269,Lisa Evans,Master Your Light,Self-Help,Danielle Johnson,2025-12-15,2025-12-29,2026-01-05,Returned,Good,3.5,7,2025,2025-12
1204,Linda Jarvis,Hidden Storm,Fiction,Patricia Miller,2025-12-15,2025-12-29,,Active,,66.5,134,2025,2025-12
1201,Corey Martin,Missing River,Mystery,Patricia Miller,2025-12-15,2025-12-29,2026-01-07,Returned,Damaged,4.5,9,2025,2025-12
1281,Linda Jarvis,The Rise of Light,History,Patricia Miller,2025-12-14,2025-12-28,2026-01-14,Returned,Good,8.5,17,2025,2025-12
266,Lisa Evans,Little Star,Children,Patricia Miller,2025-12-14,2025-12-28,2026-01-14,Returned,Damaged,8.5,17,2025,2025-12
650,Lisa Evans,The Storm Handbook,Technology,Patricia Miller,2025-12-12,2025-12-26,2025-12-26,Returned,Good,0.0,0,2025,2025-12
992,Shawn Garcia,The Shadow Strategy,Business,Joshua Walker,2025-12-10,2025-12-24,2026-01-01,Returned,Good,4.0,8,2025,2025-12
970,Laura Hansen,A Story of Fire,Fiction,Joshua Walker,2025-12-10,2025-12-24,2026-01-03,Returned,Good,5.0,10,2025,2025-12
359,Yolanda Smith,The Science of Shadow,Science,Robert Johnson,2025-12-10,2025-12-24,2025-12-25,Returned,Good,0.5,1,2025,2025-12
1014,Alexander Benson,Leading with Light,Business,Joshua Walker,2025-12-09,2025-12-23,2025-12-17,Returned,Good,0.0,0,2025,2025-12
884,Shannon Richardson,In the Words of Jason Mercer,Biography,Patricia Miller,2025-12-09,2025-12-23,2026-01-01,Returned,Good,4.5,9,2025,2025-12
258,Tommy Lee,Shadow and Meaning,Philosophy,Patricia Miller,2025-12-09,2025-12-23,2025-12-30,Returned,Good,3.5,7,2025,2025-12
316,Frank Perez,My First Shadow,Children,Joshua Walker,2025-12-07,2025-12-21,2025-12-08,Returned,Good,0.0,0,2025,2025-12
851,Kimberly Bryant,Murder at Stonehaven,Mystery,Patricia Miller,2025-12-06,2025-12-20,2026-01-09,Returned,Good,10.0,20,2025,2025-12
45,Timothy Hinton,Shadow in Practice,Technology,Danielle Johnson,2025-12-06,2025-12-20,,Active,,71.0,143,2025,2025-12
589,Jonathan Reyes,The Hidden Secret,Mystery,Joshua Walker,2025-12-05,2025-12-19,2025-12-19,Returned,Damaged,0.0,0,2025,2025-12
1694,Sharon Kennedy,My First Mountain,Children,Patricia Miller,2025-12-04,2025-12-18,,Active,,72.0,145,2025,2025-12
1009,Jeffery Brock,Shadow: A Chronicle,History,Joshua Walker,2025-12-04,2025-12-18,,Active,,72.0,145,2025,2025-12
1494,Cody Simmons,The Rise of Star,History,Danielle Johnson,2025-12-03,2025-12-17,2025-12-24,Returned,Damaged,3.5,7,2025,2025-12
1444,Kristen Leon,The Case of the Dark Mountain,Mystery,Patricia Miller,2025-12-03,2025-12-17,2025-12-21,Returned,Good,2.0,4,2025,2025-12
1032,James Cruz,Murder at Clearwater,Mystery,Danielle Johnson,2025-12-03,2025-12-17,2026-01-02,Returned,Good,8.0,16,2025,2025-12
1207,Audrey Aguirre,The Power of Mountain,Self-Help,Joshua Walker,2025-12-01,2025-12-15,2025-12-31,Returned,Damaged,8.0,16,2025,2025-12
1168,Jessica Hansen,Principles of Star,Science,Joshua Walker,2025-11-30,2025-12-14,2025-12-23,Returned,Good,4.5,9,2025,2025-11
883,Kristine Lane,Modern Shadow,Technology,Robert Johnson,2025-11-30,2025-12-14,2025-12-01,Returned,Good,0.0,0,2025,2025-11
422,Wendy Allen,The Adventures of Storm,Children,Jill Rhodes,2025-11-30,2025-12-14,2025-12-29,Returned,Good,7.5,15,2025,2025-11
141,Omar Padilla,A Story of Mountain,Fiction,Robert Johnson,2025-11-30,2025-12-14,2025-12-04,Returned,Good,0.0,0,2025,2025-11
1948,Andrew Smith,The Science of Dream,Science,Danielle Johnson,2025-11-29,2025-12-13,2025-12-03,Returned,Good,0.0,0,2025,2025-11
1249,Amanda Oconnell,Thinking About Fire,Philosophy,Patricia Miller,2025-11-28,2025-12-12,2025-12-17,Returned,Good,2.5,5,2025,2025-11
784,Lawrence Floyd,Leading with River,Business,Jill Rhodes,2025-11-27,2025-12-11,2025-12-22,Returned,Damaged,5.5,11,2025,2025-11
746,Kathryn Weaver,Ocean Explained,Science,Patricia Miller,2025-11-27,2025-12-11,2025-12-31,Returned,Good,10.0,20,2025,2025-11
551,Brandon Flynn,The Power of Mountain,Self-Help,Danielle Johnson,2025-11-26,2025-12-10,,Active,,76.0,153,2025,2025-11
1895,Benjamin Wood,Shadow: A Chronicle,History,Robert Johnson,2025-11-25,2025-12-09,2025-12-12,Returned,Good,1.5,3,2025,2025-11
1794,Margaret Robertson,Mastering Dream,Technology,Robert Johnson,2025-11-24,2025-12-08,2025-12-12,Returned,Good,2.0,4,2025,2025-11
1708,Brandon Kim,Becoming Forgotten,Self-Help,Danielle Johnson,2025-11-24,2025-12-08,2025-12-19,Returned,Good,5.5,11,2025,2025-11
1404,Joshua White,The Case of the Lost Path,Mystery,Joshua Walker,2025-11-22,2025-12-06,2025-12-16,Returned,Good,5.0,10,2025,2025-11
153,Cynthia Faulkner,A Story of Path,Fiction,Jill Rhodes,2025-11-21,2025-12-05,,Active,,78.5,158,2025,2025-11
1809,Thomas Carlson,Master Your Ocean,Self-Help,Joshua Walker,2025-11-20,2025-12-04,2025-12-17,Returned,Damaged,6.5,13,2025,2025-11
683,Jeffery Wagner,Little River,Children,Joshua Walker,2025-11-20,2025-12-04,2025-12-04,Returned,Good,0.0,0,2025,2025-11
1506,Brian Miller,Becoming Ancient,Self-Help,Robert Johnson,2025-11-19,2025-12-03,2025-12-17,Returned,Damaged,7.0,14,2025,2025-11
294,Samuel Roberson,The Star Strategy,Business,Patricia Miller,2025-11-18,2025-12-02,,Active,,80.0,161,2025,2025-11
549,Manuel Lee,The Shadow Handbook,Technology,Patricia Miller,2025-11-17,2025-12-01,2025-12-19,Returned,Good,9.0,18,2025,2025-11
482,Michael Rodriguez,Broken Storm,Fiction,Danielle Johnson,2025-11-15,2025-11-29,,Active,,81.5,164,2025,2025-11
572,Sean Montes,The Life of Rebecca Bailey,Biography,Joshua Walker,2025-11-14,2025-11-28,,Active,,82.0,165,2025,2025-11
1399,Linda Jarvis,Murder at Millbrook,Mystery,Patricia Miller,2025-11-12,2025-11-26,2025-12-16,Returned,Good,10.0,20,2025,2025-11
1348,Samuel Roberson,The Path Handbook,Technology,Joshua Walker,2025-11-11,2025-11-25,2025-11-23,Returned,Good,0.0,0,2025,2025-11
1023,Kevin Miller,The Adventures of Storm,Children,Robert Johnson,2025-11-11,2025-11-25,2025-12-09,Returned,Good,7.0,14,2025,2025-11
1746,Jennifer Coleman,The Storm Strategy,Business,Jill Rhodes,2025-11-10,2025-11-24,2025-12-01,Returned,Good,3.5,7,2025,2025-11
104,Ann Rodriguez,Shadow: A Chronicle,History,Patricia Miller,2025-11-10,2025-11-24,2025-12-04,Returned,Good,5.0,10,2025,2025-11
1487,Michelle Cochran,Ocean Goes to School,Children,Patricia Miller,2025-11-09,2025-11-23,,Active,,84.5,170,2025,2025-11
1087,Cody Simmons,The Rise of Dream,History,Jill Rhodes,2025-11-09,2025-11-23,2025-11-24,Returned,Good,0.5,1,2025,2025-11
1863,Brian Baker,The Philosophy of Star,Philosophy,Joshua Walker,2025-11-08,2025-11-22,2025-11-29,Returned,Good,3.5,7,2025,2025-11
1282,Lawrence Floyd,Lost Dream,History,Patricia Miller,2025-11-08,2025-11-22,2025-11-27,Returned,Good,2.5,5,2025,2025-11
1066,Barbara Ray,Lost Ocean,History,Joshua Walker,2025-11-08,2025-11-22,,Active,,85.0,171,2025,2025-11
1057,Deborah Dawson,My First Mountain,Children,Joshua Walker,2025-11-08,2025-11-22,2025-11-29,Returned,Good,3.5,7,2025,2025-11
945,Danielle Dean,Murder at Westgate,Mystery,Patricia Miller,2025-11-08,2025-11-22,2025-11-13,Returned,Good,0.0,0,2025,2025-11
956,Erica Dillon,Master Your Storm,Self-Help,Patricia Miller,2025-11-07,2025-11-21,,Active,,85.5,172,2025,2025-11
875,Stacy Holloway,Principles of Star,Science,Danielle Johnson,2025-11-07,2025-11-21,2025-11-17,Returned,Good,0.0,0,2025,2025-11
1889,Andrea Jones,In the Words of Mark Garner,Biography,Danielle Johnson,2025-11-06,2025-11-20,,Active,,86.0,173,2025,2025-11
1101,Christopher Jordan,Principles of Mountain,Science,Joshua Walker,2025-11-06,2025-11-20,2025-11-13,Returned,Good,0.0,0,2025,2025-11
1670,Kevin Hardy,Master Your Dream,Self-Help,Jill Rhodes,2025-11-05,2025-11-19,2025-12-04,Returned,Damaged,7.5,15,2025,2025-11
1334,Lawrence Floyd,A Story of Fire,Fiction,Jill Rhodes,2025-11-04,2025-11-18,2025-12-02,Returned,Good,7.0,14,2025,2025-11
331,April Mcintyre,Dream and Meaning,Philosophy,Joshua Walker,2025-11-04,2025-11-18,,Active,,87.0,175,2025,2025-11
218,Natasha Decker,Lost Star,History,Robert Johnson,2025-11-04,2025-11-18,2025-11-27,Returned,Good,4.5,9,2025,2025-11
1823,Ryan Swanson,In the Words of Tiffany Watson,Biography,Jill Rhodes,2025-11-03,2025-11-17,2025-11-05,Returned,Good,0.0,0,2025,2025-11
1665,Becky Knight,Missing Dream,Mystery,Danielle Johnson,2025-11-03,2025-11-17,2025-12-07,Returned,Good,10.0,20,2025,2025-11
1475,Jonathan Reyes,Little Storm,Children,Danielle Johnson,2025-11-03,2025-11-17,2025-11-17,Returned,Good,0.0,0,2025,2025-11
163,Benjamin Wood,Dream Every Day,Self-Help,Jill Rhodes,2025-11-02,2025-11-16,2025-11-22,Returned,Good,3.0,6,2025,2025-11
1827,Charlene Hahn,The Golden Secret,Mystery,Danielle Johnson,2025-11-01,2025-11-15,2025-11-03,Returned,Damaged,0.0,0,2025,2025-11
885,Daniel Diaz,Broken River,Fiction,Robert Johnson,2025-11-01,2025-11-15,2025-11-30,Returned,Damaged,7.5,15,2025,2025-11
115,Kyle Sanders,Finding Kevin Little,Biography,Robert Johnson,2025-10-31,2025-11-14,2025-11-10,Returned,Good,0.0,0,2025,2025-10
1857,Brian Baker,Master Your Shadow,Self-Help,Robert Johnson,2025-10-29,2025-11-12,2025-11-07,Returned,Good,0.0,0,2025,2025-10
366,Jeffrey Morgan,Murder at Riverdale,Mystery,Patricia Miller,2025-10-29,2025-11-12,2025-11-07,Returned,Good,0.0,0,2025,2025-10
1434,Janet Williams,Light and Meaning,Philosophy,Danielle Johnson,2025-10-28,2025-11-11,2025-12-01,Returned,Lost,10.0,20,2025,2025-10
1611,Audrey Aguirre,A Story of Dream,Fiction,Robert Johnson,2025-10-27,2025-11-10,2025-10-28,Returned,Lost,0.0,0,2025,2025-10
1156,Corey Martin,Fire in Business,Business,Robert Johnson,2025-10-27,2025-11-10,2025-11-04,Returned,Good,0.0,0,2025,2025-10
99,John Davis,Ocean Explained,Science,Patricia Miller,2025-10-27,2025-11-10,,Active,,91.0,183,2025,2025-10
1807,Robert Hawkins,A Story of Storm,Fiction,Robert Johnson,2025-10-25,2025-11-08,2025-10-28,Returned,Good,0.0,0,2025,2025-10
1006,Christine Becker,Star Every Day,Self-Help,Robert Johnson,2025-10-25,2025-11-08,2025-11-18,Returned,Good,5.0,10,2025,2025-10
981,Luis Acosta,The Last Path,Fiction,Patricia Miller,2025-10-24,2025-11-07,,Active,,92.5,186,2025,2025-10
824,Brian Hayes,The Power of River,Self-Help,Jill Rhodes,2025-10-23,2025-11-06,,Active,,93.0,187,2025,2025-10
428,John Wells,Master Your Storm,Self-Help,Patricia Miller,2025-10-22,2025-11-05,2025-10-23,Returned,Lost,0.0,0,2025,2025-10
904,Johnathan Gilbert,Lost River,History,Danielle Johnson,2025-10-21,2025-11-04,,Active,,94.0,189,2025,2025-10
603,Erica Cruz,My First Mountain,Children,Jill Rhodes,2025-10-18,2025-11-01,2025-11-21,Returned,Good,10.0,20,2025,2025-10
523,Melissa Rivas,Path Goes to School,Children,Patricia Miller,2025-10-18,2025-11-01,2025-11-09,Returned,Good,4.0,8,2025,2025-10
383,Michael Turner,In the Words of Karen Martinez,Biography,Patricia Miller,2025-10-18,2025-11-01,2025-10-24,Returned,Lost,0.0,0,2025,2025-10
1805,Laura Martin,My First Mountain,Children,Patricia Miller,2025-10-15,2025-10-29,2025-11-08,Returned,Damaged,5.0,10,2025,2025-10
722,Jesus Baker,The Life of Gina Pace,Biography,Danielle Johnson,2025-10-14,2025-10-28,2025-10-17,Returned,Good,0.0,0,2025,2025-10
1271,Peter Gamble,Modern Fire,Technology,Joshua Walker,2025-10-11,2025-10-25,2025-11-11,Returned,Good,8.5,17,2025,2025-10
1042,Sabrina Weaver,The Science of Path,Science,Patricia Miller,2025-10-10,2025-10-24,2025-11-06,Returned,Good,6.5,13,2025,2025-10
68,Joshua Evans,Leading with Star,Business,Jill Rhodes,2025-10-10,2025-10-24,2025-11-08,Returned,Damaged,7.5,15,2025,2025-10
1268,Samuel Roberson,Becoming Ancient,Self-Help,Robert Johnson,2025-10-08,2025-10-22,2025-10-29,Returned,Damaged,3.5,7,2025,2025-10
652,April Mcintyre,The Life of Eric Carlson,Biography,Robert Johnson,2025-10-08,2025-10-22,2025-10-20,Returned,Good,0.0,0,2025,2025-10
473,Tracy Griffin,The Philosophy of Ocean,Philosophy,Jill Rhodes,2025-10-07,2025-10-21,2025-10-13,Returned,Good,0.0,0,2025,2025-10
1077,Amy Lopez,The Rise of Shadow,History,Robert Johnson,2025-10-06,2025-10-20,2025-11-02,Returned,Good,6.5,13,2025,2025-10
231,Becky Knight,The Rise of Star,History,Patricia Miller,2025-10-06,2025-10-20,2025-10-16,Returned,Good,0.0,0,2025,2025-10
1146,Michelle Wells,When Fire Falls,Fiction,Patricia Miller,2025-10-04,2025-10-18,2025-11-07,Returned,Good,10.0,20,2025,2025-10
1581,Deborah Dawson,The Art of Shadow,Business,Patricia Miller,2025-10-02,2025-10-16,,Active,,103.5,208,2025,2025-10
1011,Erica Dillon,Becoming Forgotten,Self-Help,Patricia Miller,2025-10-02,2025-10-16,2025-11-01,Returned,Good,8.0,16,2025,2025-10
350,Jesus Baker,Little Shadow,Children,Patricia Miller,2025-10-02,2025-10-16,2025-11-01,Returned,Good,8.0,16,2025,2025-10
1326,Yolanda Smith,Modern Fire,Technology,Robert Johnson,2025-10-01,2025-10-15,,Active,,104.0,209,2025,2025-10
1978,Lisa Evans,Murder at Westgate,Mystery,Joshua Walker,2025-09-30,2025-10-14,,Active,,104.5,210,2025,2025-09
1576,Peter Gamble,Principles of River,Science,Robert Johnson,2025-09-29,2025-10-13,2025-10-06,Returned,Good,0.0,0,2025,2025-09
1346,Ashley Peterson,Fire and Meaning,Philosophy,Patricia Miller,2025-09-29,2025-10-13,2025-10-04,Returned,Good,0.0,0,2025,2025-09
566,Joshua Evans,The Adventures of Star,Children,Danielle Johnson,2025-09-28,2025-10-12,2025-10-10,Returned,Good,0.0,0,2025,2025-09
199,Lisa Evans,The River Strategy,Business,Danielle Johnson,2025-09-28,2025-10-12,2025-10-18,Returned,Good,3.0,6,2025,2025-09
379,Robert Johnson,The Science of Star,Science,Robert Johnson,2025-09-27,2025-10-11,2025-10-26,Returned,Good,7.5,15,2025,2025-09
1959,Margaret Robertson,When Dream Falls,Fiction,Jill Rhodes,2025-09-26,2025-10-10,2025-10-12,Returned,Good,1.0,2,2025,2025-09
1950,Paul White,Mastering River,Technology,Jill Rhodes,2025-09-26,2025-10-10,2025-09-29,Returned,Good,0.0,0,2025,2025-09
1711,Robert Hawkins,James Lee: A Memoir,Biography,Danielle Johnson,2025-09-26,2025-10-10,,Active,,106.5,214,2025,2025-09
369,Kiara Mullins,Leading with Light,Business,Robert Johnson,2025-09-25,2025-10-09,2025-10-24,Returned,Good,7.5,15,2025,2025-09
1170,Benjamin Wood,Principles of Star,Science,Danielle Johnson,2025-09-24,2025-10-08,2025-10-25,Returned,Good,8.5,17,2025,2025-09
800,Lisa Adams,Path and Meaning,Philosophy,Danielle Johnson,2025-09-24,2025-10-08,2025-09-27,Returned,Good,0.0,0,2025,2025-09
1957,Robert Silva,The Art of Storm,Business,Jill Rhodes,2025-09-23,2025-10-07,2025-10-24,Returned,Good,8.5,17,2025,2025-09
767,Christopher Fry,Path in Practice,Technology,Danielle Johnson,2025-09-23,2025-10-07,,Active,,108.0,217,2025,2025-09
615,Kiara Mullins,The Case of the Lost Storm,Mystery,Robert Johnson,2025-09-22,2025-10-06,2025-10-17,Returned,Good,5.5,11,2025,2025-09
79,Rebecca Lee,Thinking About Storm,Philosophy,Danielle Johnson,2025-09-20,2025-10-04,2025-10-11,Returned,Good,3.5,7,2025,2025-09
1093,Timothy Gibson,The Rise of Dream,History,Patricia Miller,2025-09-16,2025-09-30,2025-10-04,Returned,Good,2.0,4,2025,2025-09
1413,Paul Scott,Fire and Meaning,Philosophy,Danielle Johnson,2025-09-15,2025-09-29,,Active,,112.0,225,2025,2025-09
308,Ann Rodriguez,The Rise of Light,History,Patricia Miller,2025-09-15,2025-09-29,2025-10-10,Returned,Damaged,5.5,11,2025,2025-09
280,Robert Barr,When Ocean Falls,Fiction,Joshua Walker,2025-09-15,2025-09-29,2025-09-26,Returned,Good,0.0,0,2025,2025-09
7,Rebekah Hill,River and Meaning,Philosophy,Danielle Johnson,2025-09-15,2025-09-29,2025-10-07,Returned,Good,4.0,8,2025,2025-09
1565,Ann Shea,Little Storm,Children,Joshua Walker,2025-09-14,2025-09-28,2025-09-22,Returned,Good,0.0,0,2025,2025-09
444,Brandon Flynn,Mastering River,Technology,Patricia Miller,2025-09-13,2025-09-27,2025-10-14,Returned,Good,8.5,17,2025,2025-09
1645,Janet Williams,Murder at Ashford,Mystery,Joshua Walker,2025-09-12,2025-09-26,,Active,,113.5,228,2025,2025-09
1095,Amanda Oconnell,The Power of River,Self-Help,Joshua Walker,2025-09-12,2025-09-26,2025-09-26,Returned,Good,0.0,0,2025,2025-09
1053,Peter Gamble,Finding John Lucero,Biography,Jill Rhodes,2025-09-12,2025-09-26,2025-09-18,Returned,Damaged,0.0,0,2025,2025-09
833,Sarah Gibson,The Fire Strategy,Business,Jill Rhodes,2025-09-12,2025-09-26,,Active,,113.5,228,2025,2025-09
1629,Brian Miller,The Science of Shadow,Science,Patricia Miller,2025-09-10,2025-09-24,2025-10-05,Returned,Good,5.5,11,2025,2025-09
114,Timothy Gibson,On Light,Philosophy,Danielle Johnson,2025-09-10,2025-09-24,,Active,,114.5,230,2025,2025-09
1513,John Dawson,The Last Ocean,Fiction,Joshua Walker,2025-09-09,2025-09-23,2025-09-29,Returned,Good,3.0,6,2025,2025-09
118,Thomas Carlson,Path in Practice,Technology,Patricia Miller,2025-09-09,2025-09-23,2025-09-26,Returned,Good,1.5,3,2025,2025-09
678,Jeremy Johnson,Modern Mountain,Technology,Robert Johnson,2025-09-08,2025-09-22,2025-09-12,Returned,Good,0.0,0,2025,2025-09
124,Dana Cox,Murder at Millbrook,Mystery,Robert Johnson,2025-09-07,2025-09-21,2025-09-19,Returned,Good,0.0,0,2025,2025-09
1797,Courtney Conner,The Rise of Dream,History,Danielle Johnson,2025-09-06,2025-09-20,2025-09-24,Returned,Good,2.0,4,2025,2025-09
292,Alexander Benson,The Shadow Handbook,Technology,Patricia Miller,2025-09-06,2025-09-20,2025-09-18,Returned,Damaged,0.0,0,2025,2025-09
1963,John Davis,Master Your Storm,Self-Help,Patricia Miller,2025-09-05,2025-09-19,2025-09-16,Returned,Good,0.0,0,2025,2025-09
1386,Michael Turner,The Case of the Silent Ocean,Mystery,Danielle Johnson,2025-09-05,2025-09-19,,Active,,117.0,235,2025,2025-09
1165,Manuel Lee,River in Business,Business,Jill Rhodes,2025-09-05,2025-09-19,2025-09-27,Returned,Good,4.0,8,2025,2025-09
170,Gary Richardson,Path and Meaning,Philosophy,Joshua Walker,2025-09-05,2025-09-19,,Active,,117.0,235,2025,2025-09
1344,Corey Martin,The Rise of Shadow,History,Joshua Walker,2025-09-03,2025-09-17,2025-09-05,Returned,Good,0.0,0,2025,2025-09
819,Peter Gamble,Mountain in Practice,Technology,Patricia Miller,2025-09-01,2025-09-15,2025-09-29,Returned,Good,7.0,14,2025,2025-09
754,Randy Brooks,A Story of Path,Fiction,Patricia Miller,2025-09-01,2025-09-15,2025-09-26,Returned,Good,5.5,11,2025,2025-09
2,Peter Gamble,Missing Mountain,Mystery,Robert Johnson,2025-08-31,2025-09-14,,Active,,119.5,240,2025,2025-08
1219,Rebekah Hill,Little River,Children,Jill Rhodes,2025-08-30,2025-09-13,,Active,,120.0,241,2025,2025-08
985,Alexander King,The Shadow Handbook,Technology,Jill Rhodes,2025-08-29,2025-09-12,2025-09-23,Returned,Good,5.5,11,2025,2025-08
855,Stacy Holloway,On Path,Philosophy,Joshua Walker,2025-08-29,2025-09-12,2025-09-15,Returned,Good,1.5,3,2025,2025-08
1682,Andrea Jones,Leading with River,Business,Robert Johnson,2025-08-28,2025-09-11,2025-09-24,Returned,Good,6.5,13,2025,2025-08
590,Zachary Mccoy,The Case of the Dark Mountain,Mystery,Robert Johnson,2025-08-28,2025-09-11,2025-09-20,Returned,Damaged,4.5,9,2025,2025-08
676,Craig Hall,Star Every Day,Self-Help,Robert Johnson,2025-08-27,2025-09-10,2025-09-16,Returned,Good,3.0,6,2025,2025-08
459,John Davis,The Case of the Silent Ocean,Mystery,Danielle Johnson,2025-08-27,2025-09-10,,Active,,121.5,244,2025,2025-08
671,Frank Perez,The Case of the Forgotten Dream,Mystery,Jill Rhodes,2025-08-26,2025-09-09,,Active,,122.0,245,2025,2025-08
1505,Alexander King,The Rise of Shadow,History,Joshua Walker,2025-08-25,2025-09-08,2025-09-06,Returned,Good,0.0,0,2025,2025-08
1454,Christopher Jordan,The Path Handbook,Technology,Danielle Johnson,2025-08-24,2025-09-07,2025-09-25,Returned,Good,9.0,18,2025,2025-08
842,Catherine Morris,Murder at Clearwater,Mystery,Robert Johnson,2025-08-24,2025-09-07,2025-09-21,Returned,Damaged,7.0,14,2025,2025-08
755,Dylan Becker,Dream Explained,Science,Jill Rhodes,2025-08-24,2025-09-07,2025-08-27,Returned,Good,0.0,0,2025,2025-08
2000,Ashley Peterson,Understanding Ocean,Science,Jill Rhodes,2025-08-21,2025-09-04,2025-08-22,Returned,Damaged,0.0,0,2025,2025-08
552,James West,The Storm Strategy,Business,Patricia Miller,2025-08-21,2025-09-04,2025-09-06,Returned,Good,1.0,2,2025,2025-08
944,Lawrence Floyd,The Last Dream,Fiction,Joshua Walker,2025-08-19,2025-09-02,2025-09-08,Returned,Good,3.0,6,2025,2025-08
538,Brandi Bender,In the Words of Allison Adams,Biography,Joshua Walker,2025-08-19,2025-09-02,2025-08-29,Returned,Damaged,0.0,0,2025,2025-08
1436,Kimberly Bryant,Finding Dr. Virginia Cunningham,Biography,Robert Johnson,2025-08-18,2025-09-01,,Active,,126.0,253,2025,2025-08
532,Hannah Bowers,Fire and Meaning,Philosophy,Jill Rhodes,2025-08-18,2025-09-01,2025-08-28,Returned,Good,0.0,0,2025,2025-08
469,Amy Lopez,Star Every Day,Self-Help,Patricia Miller,2025-08-17,2025-08-31,,Active,,126.5,254,2025,2025-08
1561,Randy Velasquez,The Fire Strategy,Business,Joshua Walker,2025-08-16,2025-08-30,2025-08-29,Returned,Good,0.0,0,2025,2025-08
642,Kristen Leon,Little Shadow,Children,Joshua Walker,2025-08-16,2025-08-30,,Active,,127.0,255,2025,2025-08
467,Charlene Hahn,The Life of Rebecca Bailey,Biography,Jill Rhodes,2025-08-16,2025-08-30,2025-09-01,Returned,Good,1.0,2,2025,2025-08
617,Timothy Carroll,Leading with Fire,Business,Jill Rhodes,2025-08-15,2025-08-29,2025-08-26,Returned,Good,0.0,0,2025,2025-08
946,Andrew Smith,The Life of John Chavez,Biography,Patricia Miller,2025-08-14,2025-08-28,,Active,,128.0,257,2025,2025-08
1082,Jonathan Reyes,Light: A Chronicle,History,Jill Rhodes,2025-08-13,2025-08-27,2025-09-13,Returned,Good,8.5,17,2025,2025-08
979,Margaret Turner,Fire: A Chronicle,History,Patricia Miller,2025-08-13,2025-08-27,2025-09-01,Returned,Good,2.5,5,2025,2025-08
849,Tina King,When Ocean Falls,Fiction,Patricia Miller,2025-08-13,2025-08-27,2025-09-02,Returned,Good,3.0,6,2025,2025-08
368,Wendy Sanders,On Shadow,Philosophy,Robert Johnson,2025-08-13,2025-08-27,2025-09-04,Returned,Good,4.0,8,2025,2025-08
72,Wendy Allen,The Life of Rebecca Bailey,Biography,Robert Johnson,2025-08-13,2025-08-27,2025-09-11,Returned,Good,7.5,15,2025,2025-08
765,Renee Jones,The Rise of Shadow,History,Jill Rhodes,2025-08-11,2025-08-25,2025-08-14,Returned,Good,0.0,0,2025,2025-08
311,Tina Ferguson,The Adventures of Mountain,Children,Robert Johnson,2025-08-10,2025-08-24,2025-09-08,Returned,Damaged,7.5,15,2025,2025-08
6,Heather Taylor,My First Mountain,Children,Robert Johnson,2025-08-10,2025-08-24,2025-08-20,Returned,Good,0.0,0,2025,2025-08
934,Paige Alvarez,The Science of Dream,Science,Danielle Johnson,2025-08-08,2025-08-22,,Active,,131.0,263,2025,2025-08
1769,Edward Reyes,The Life of Roberto Roberts,Biography,Patricia Miller,2025-08-07,2025-08-21,2025-08-17,Returned,Good,0.0,0,2025,2025-08
1339,Robert Silva,When Ocean Falls,Fiction,Jill Rhodes,2025-08-07,2025-08-21,2025-08-10,Returned,Lost,0.0,0,2025,2025-08
1230,Brian Cooper,Murder at Westgate,Mystery,Danielle Johnson,2025-08-07,2025-08-21,2025-08-26,Returned,Good,2.5,5,2025,2025-08
1854,Amy Lopez,Finding Jennifer Marshall,Biography,Joshua Walker,2025-08-06,2025-08-20,2025-08-24,Returned,Good,2.0,4,2025,2025-08
490,Tommy Lee,My First Mountain,Children,Danielle Johnson,2025-08-06,2025-08-20,2025-09-04,Returned,Good,7.5,15,2025,2025-08
1572,Brittany Hood,The Science of Star,Science,Jill Rhodes,2025-08-04,2025-08-18,2025-08-31,Returned,Good,6.5,13,2025,2025-08
395,Charles Schultz,Ocean Explained,Science,Jill Rhodes,2025-08-04,2025-08-18,,Active,,133.0,267,2025,2025-08
1588,James Cruz,The Case of the Forgotten Dream,Mystery,Danielle Johnson,2025-08-02,2025-08-16,2025-09-03,Returned,Good,9.0,18,2025,2025-08
933,Margaret Robertson,Mastering Mountain,Technology,Danielle Johnson,2025-08-02,2025-08-16,2025-08-20,Returned,Damaged,2.0,4,2025,2025-08
1988,Joshua White,Modern River,Technology,Robert Johnson,2025-08-01,2025-08-15,2025-08-11,Returned,Good,0.0,0,2025,2025-08
1028,Stacy Holloway,The Secret Secret,Mystery,Patricia Miller,2025-08-01,2025-08-15,,Active,,134.5,270,2025,2025-08
721,Kristen Leon,Mastering River,Technology,Patricia Miller,2025-08-01,2025-08-15,,Active,,134.5,270,2025,2025-08
1571,Gary Richardson,In the Words of Ariana Wallace,Biography,Danielle Johnson,2025-07-30,2025-08-13,2025-08-17,Returned,Good,2.0,4,2025,2025-07
1275,Kayla Griffin,Modern Fire,Technology,Joshua Walker,2025-07-30,2025-08-13,2025-09-02,Returned,Good,10.0,20,2025,2025-07
807,Anthony Alvarez,The Last Fire,Fiction,Danielle Johnson,2025-07-30,2025-08-13,,Active,,135.5,272,2025,2025-07
342,Edward Cuevas,Thinking About Fire,Philosophy,Joshua Walker,2025-07-30,2025-08-13,,Active,,135.5,272,2025,2025-07
1343,Kristin Walter,My First Shadow,Children,Patricia Miller,2025-07-29,2025-08-12,2025-08-19,Returned,Good,3.5,7,2025,2025-07
1401,Shawn Garcia,Thinking About Shadow,Philosophy,Jill Rhodes,2025-07-28,2025-08-11,2025-08-25,Returned,Good,7.0,14,2025,2025-07
1046,Mario Mcdonald,The Light Handbook,Technology,Joshua Walker,2025-07-27,2025-08-10,2025-08-08,Returned,Good,0.0,0,2025,2025-07
604,Sabrina Weaver,Understanding Shadow,Science,Patricia Miller,2025-07-27,2025-08-10,2025-08-25,Returned,Good,7.5,15,2025,2025-07
1724,Heather Taylor,Murder at Millbrook,Mystery,Patricia Miller,2025-07-25,2025-08-08,,Active,,138.0,277,2025,2025-07
1270,Sean Montes,Broken River,Fiction,Danielle Johnson,2025-07-23,2025-08-06,2025-08-08,Returned,Good,1.0,2,2025,2025-07
1701,Omar Padilla,On Mountain,Philosophy,Joshua Walker,2025-07-22,2025-08-05,2025-07-28,Returned,Good,0.0,0,2025,2025-07
1035,Brandon Kim,My First Storm,Children,Patricia Miller,2025-07-22,2025-08-05,2025-07-29,Returned,Lost,0.0,0,2025,2025-07
43,Deborah Parker,The River Handbook,Technology,Patricia Miller,2025-07-21,2025-08-04,2025-08-05,Returned,Good,0.5,1,2025,2025-07
1748,Stacy Holloway,The Light Strategy,Business,Jill Rhodes,2025-07-19,2025-08-02,2025-08-03,Returned,Good,0.5,1,2025,2025-07
1070,John Wise,Master Your Ocean,Self-Help,Jill Rhodes,2025-07-19,2025-08-02,,Active,,141.0,283,2025,2025-07
846,Kristen Strickland,Darren Huynh: A Memoir,Biography,Jill Rhodes,2025-07-19,2025-08-02,2025-08-12,Returned,Good,5.0,10,2025,2025-07
323,Ann Rodriguez,Storm and Meaning,Philosophy,Danielle Johnson,2025-07-18,2025-08-01,2025-07-29,Returned,Good,0.0,0,2025,2025-07
305,Michael Bruce,The Philosophy of Light,Philosophy,Danielle Johnson,2025-07-18,2025-08-01,,Active,,141.5,284,2025,2025-07
486,Riley Morgan,Murder at Westgate,Mystery,Patricia Miller,2025-07-17,2025-07-31,2025-08-13,Returned,Good,6.5,13,2025,2025-07
829,Cynthia Benjamin,The Path Strategy,Business,Patricia Miller,2025-07-16,2025-07-30,,Active,,142.5,286,2025,2025-07
1743,Kayla Griffin,Missing Shadow,Mystery,Jill Rhodes,2025-07-15,2025-07-29,2025-08-12,Returned,Good,7.0,14,2025,2025-07
537,Kathy Beard,River Every Day,Self-Help,Patricia Miller,2025-07-15,2025-07-29,2025-07-18,Returned,Good,0.0,0,2025,2025-07
1422,Christopher Jordan,The Power of River,Self-Help,Jill Rhodes,2025-07-14,2025-07-28,2025-08-04,Returned,Good,3.5,7,2025,2025-07
1277,Daisy Smith,Leading with Light,Business,Patricia Miller,2025-07-14,2025-07-28,2025-08-06,Returned,Good,4.5,9,2025,2025-07
941,Lisa Adams,The Power of Fire,Self-Help,Robert Johnson,2025-07-13,2025-07-27,,Active,,144.0,289,2025,2025-07
581,Tara Webster,Murder at Westgate,Mystery,Jill Rhodes,2025-07-13,2025-07-27,2025-07-23,Returned,Good,0.0,0,2025,2025-07
237,Patrick Torres,Lost Dream,History,Robert Johnson,2025-07-13,2025-07-27,,Active,,144.0,289,2025,2025-07
526,Brian Simmons,Murder at Riverdale,Mystery,Patricia Miller,2025-07-10,2025-07-24,,Active,,145.5,292,2025,2025-07
398,Tara Johnson,Star Every Day,Self-Help,Jill Rhodes,2025-07-10,2025-07-24,2025-07-18,Returned,Good,0.0,0,2025,2025-07
1777,Omar Padilla,Shadow in Practice,Technology,Danielle Johnson,2025-07-09,2025-07-23,2025-07-28,Returned,Good,2.5,5,2025,2025-07
953,Jeffery Brock,The Power of Storm,Self-Help,Jill Rhodes,2025-07-09,2025-07-23,2025-07-11,Returned,Good,0.0,0,2025,2025-07
1600,Timothy Hinton,Shadow: A Chronicle,History,Patricia Miller,2025-07-08,2025-07-22,2025-08-02,Returned,Good,5.5,11,2025,2025-07
752,Kiara Mullins,My First Fire,Children,Robert Johnson,2025-07-07,2025-07-21,2025-07-21,Returned,Damaged,0.0,0,2025,2025-07
352,Joyce Malone,Murder at Stonehaven,Mystery,Jill Rhodes,2025-07-07,2025-07-21,2025-07-08,Returned,Good,0.0,0,2025,2025-07
937,Edward Cuevas,On Dream,Philosophy,Danielle Johnson,2025-07-05,2025-07-19,,Active,,148.0,297,2025,2025-07
164,Adam Macias,The Science of Star,Science,Danielle Johnson,2025-07-05,2025-07-19,2025-07-30,Returned,Damaged,5.5,11,2025,2025-07
1340,Cynthia Benjamin,Missing Star,Mystery,Jill Rhodes,2025-07-04,2025-07-18,2025-07-06,Returned,Good,0.0,0,2025,2025-07
665,Frank Perez,The Life of Dawn Martinez,Biography,Danielle Johnson,2025-07-04,2025-07-18,2025-07-12,Returned,Good,0.0,0,2025,2025-07
1416,Alexander King,Mastering Fire,Technology,Joshua Walker,2025-07-03,2025-07-17,2025-07-26,Returned,Good,4.5,9,2025,2025-07
1750,Brenda Smith,When Ocean Falls,Fiction,Joshua Walker,2025-07-01,2025-07-15,2025-08-04,Returned,Good,10.0,20,2025,2025-07
1129,Omar Padilla,Lost River,History,Jill Rhodes,2025-07-01,2025-07-15,2025-07-12,Returned,Good,0.0,0,2025,2025-07
263,Paula Dominguez,Thinking About Fire,Philosophy,Patricia Miller,2025-06-30,2025-07-14,2025-08-02,Returned,Good,9.5,19,2025,2025-06
150,Kathy Beard,Principles of Dream,Science,Patricia Miller,2025-06-30,2025-07-14,2025-07-03,Returned,Damaged,0.0,0,2025,2025-06
1923,Jeremiah Peterson,The Last Storm,Fiction,Jill Rhodes,2025-06-27,2025-07-11,2025-07-21,Returned,Good,5.0,10,2025,2025-06
1647,Audrey Aguirre,The Power of Dream,Self-Help,Joshua Walker,2025-06-27,2025-07-11,2025-07-25,Returned,Good,7.0,14,2025,2025-06
1530,Andrew Willis,Path and Meaning,Philosophy,Jill Rhodes,2025-06-27,2025-07-11,2025-06-29,Returned,Good,0.0,0,2025,2025-06
1008,Sabrina Weaver,A Story of Ocean,Fiction,Danielle Johnson,2025-06-25,2025-07-09,,Active,,153.0,307,2025,2025-06
1100,Catherine Hamilton,The Dark Secret,Mystery,Patricia Miller,2025-06-24,2025-07-08,2025-07-20,Returned,Good,6.0,12,2025,2025-06
1426,Charlene Hahn,The Last Fire,Fiction,Danielle Johnson,2025-06-21,2025-07-05,2025-07-24,Returned,Lost,9.5,19,2025,2025-06
77,Michael Turner,The Rise of Dream,History,Jill Rhodes,2025-06-19,2025-07-03,2025-07-14,Returned,Good,5.5,11,2025,2025-06
179,Tina Ferguson,Modern Path,Technology,Patricia Miller,2025-06-17,2025-07-01,2025-07-08,Returned,Good,3.5,7,2025,2025-06
174,James West,My First Mountain,Children,Robert Johnson,2025-06-17,2025-07-01,2025-07-02,Returned,Good,0.5,1,2025,2025-06
1878,Catherine Hamilton,The Power of Fire,Self-Help,Robert Johnson,2025-06-16,2025-06-30,2025-06-27,Returned,Good,0.0,0,2025,2025-06
1250,Brian Miller,Little Shadow,Children,Robert Johnson,2025-06-16,2025-06-30,2025-06-19,Returned,Good,0.0,0,2025,2025-06
1036,Sandra Romero,The Case of the Lost Storm,Mystery,Danielle Johnson,2025-06-16,2025-06-30,,Active,,157.5,316,2025,2025-06
275,Christopher Jordan,Missing Star,Mystery,Joshua Walker,2025-06-15,2025-06-29,2025-07-02,Returned,Good,1.5,3,2025,2025-06
210,Kristin Walter,The Life of Allison Simmons,Biography,Joshua Walker,2025-06-14,2025-06-28,,Active,,158.5,318,2025,2025-06
1144,Nathan Richards,The Case of the Lost Storm,Mystery,Joshua Walker,2025-06-13,2025-06-27,,Active,,159.0,319,2025,2025-06
655,Jeffrey Morgan,The Science of Star,Science,Robert Johnson,2025-06-12,2025-06-26,2025-07-12,Returned,Good,8.0,16,2025,2025-06
299,Travis Watts,The Life of Michael Knapp,Biography,Joshua Walker,2025-06-11,2025-06-25,2025-07-10,Returned,Good,7.5,15,2025,2025-06
1595,Sandra Romero,Finding Angel Harris,Biography,Jill Rhodes,2025-06-10,2025-06-24,2025-06-16,Returned,Good,0.0,0,2025,2025-06
407,Dana Cox,Modern River,Technology,Robert Johnson,2025-06-10,2025-06-24,2025-07-14,Returned,Good,10.0,20,2025,2025-06
1716,Kristen Leon,Understanding Fire,Science,Danielle Johnson,2025-06-08,2025-06-22,2025-06-17,Returned,Good,0.0,0,2025,2025-06
1671,Margaret Robertson,Shadow Explained,Science,Patricia Miller,2025-06-08,2025-06-22,2025-07-08,Returned,Good,8.0,16,2025,2025-06
201,Riley Morgan,The Life of Michelle Richard,Biography,Jill Rhodes,2025-06-05,2025-06-19,2025-06-17,Returned,Damaged,0.0,0,2025,2025-06
574,Tara Webster,On Mountain,Philosophy,Danielle Johnson,2025-06-04,2025-06-18,2025-06-11,Returned,Good,0.0,0,2025,2025-06
1880,Dylan Becker,A Story of Path,Fiction,Patricia Miller,2025-06-02,2025-06-16,2025-06-14,Returned,Damaged,0.0,0,2025,2025-06
1209,Michael Turner,Master Your River,Self-Help,Jill Rhodes,2025-06-02,2025-06-16,2025-06-04,Returned,Good,0.0,0,2025,2025-06
1976,Whitney Green,The Last Ocean,Fiction,Patricia Miller,2025-05-31,2025-06-14,2025-06-21,Returned,Good,3.5,7,2025,2025-05
768,Johnathan Gilbert,The Rise of Light,History,Joshua Walker,2025-05-30,2025-06-13,,Active,,166.0,333,2025,2025-05
1448,Kaitlyn Navarro,Thinking About Fire,Philosophy,Joshua Walker,2025-05-29,2025-06-12,2025-06-23,Returned,Good,5.5,11,2025,2025-05
719,Kristen Leon,Little Star,Children,Robert Johnson,2025-05-29,2025-06-12,2025-06-24,Returned,Lost,6.0,12,2025,2025-05
743,Rebecca Lee,Murder at Stonehaven,Mystery,Danielle Johnson,2025-05-28,2025-06-11,2025-06-16,Returned,Good,2.5,5,2025,2025-05
1886,Kyle Sanders,Murder at Stonehaven,Mystery,Patricia Miller,2025-05-27,2025-06-10,2025-06-06,Returned,Good,0.0,0,2025,2025-05
1575,Wendy Allen,Little Storm,Children,Robert Johnson,2025-05-27,2025-06-10,,Active,,167.5,336,2025,2025-05
1259,Rebecca Lee,Murder at Ashford,Mystery,Jill Rhodes,2025-05-26,2025-06-09,2025-06-10,Returned,Good,0.5,1,2025,2025-05
859,Diana Mitchell,Mountain in Practice,Technology,Jill Rhodes,2025-05-26,2025-06-09,2025-06-09,Returned,Good,0.0,0,2025,2025-05
507,Andrea Jones,Path and Meaning,Philosophy,Jill Rhodes,2025-05-26,2025-06-09,,Active,,168.0,337,2025,2025-05
1756,Kevin Hardy,The Last Fire,Fiction,Robert Johnson,2025-05-24,2025-06-07,2025-05-28,Returned,Good,0.0,0,2025,2025-05
1332,Becky Knight,Ocean Every Day,Self-Help,Danielle Johnson,2025-05-24,2025-06-07,,Active,,169.0,339,2025,2025-05
1241,Rebekah Hill,Leading with River,Business,Patricia Miller,2025-05-24,2025-06-07,2025-06-20,Returned,Good,6.5,13,2025,2025-05
1297,Shannon Richardson,Modern Storm,Technology,Robert Johnson,2025-05-23,2025-06-06,,Active,,169.5,340,2025,2025-05
959,Michael Turner,Master Your Storm,Self-Help,Danielle Johnson,2025-05-23,2025-06-06,2025-06-20,Returned,Good,7.0,14,2025,2025-05
1604,Kimberly Bryant,My First Shadow,Children,Danielle Johnson,2025-05-22,2025-06-05,2025-06-14,Returned,Good,4.5,9,2025,2025-05
980,Edward Reyes,Thinking About Shadow,Philosophy,Danielle Johnson,2025-05-22,2025-06-05,2025-06-24,Returned,Good,9.5,19,2025,2025-05
802,Nicole James,My First Fire,Children,Jill Rhodes,2025-05-22,2025-06-05,2025-06-15,Returned,Good,5.0,10,2025,2025-05
5,Linda Jarvis,Little Storm,Children,Patricia Miller,2025-05-22,2025-06-05,2025-05-31,Returned,Good,0.0,0,2025,2025-05
1969,Cody Simmons,The Rise of Ocean,History,Robert Johnson,2025-05-21,2025-06-04,2025-06-08,Returned,Damaged,2.0,4,2025,2025-05
1497,Cynthia Benjamin,Principles of Star,Science,Jill Rhodes,2025-05-21,2025-06-04,2025-05-23,Returned,Good,0.0,0,2025,2025-05
1389,Daniel Diaz,The Secret Secret,Mystery,Danielle Johnson,2025-05-21,2025-06-04,,Active,,170.5,342,2025,2025-05
867,Jennifer Wilson,The River Strategy,Business,Danielle Johnson,2025-05-21,2025-06-04,2025-06-08,Returned,Good,2.0,4,2025,2025-05
1199,Michelle Cochran,My First Shadow,Children,Jill Rhodes,2025-05-18,2025-06-01,2025-06-03,Returned,Lost,1.0,2,2025,2025-05
861,Jennifer Brock,The Last Light,Fiction,Joshua Walker,2025-05-18,2025-06-01,2025-06-10,Returned,Good,4.5,9,2025,2025-05
1664,John Wells,Principles of Star,Science,Joshua Walker,2025-05-17,2025-05-31,2025-05-28,Returned,Good,0.0,0,2025,2025-05
967,Kevin Miller,A Story of Fire,Fiction,Patricia Miller,2025-05-17,2025-05-31,2025-06-08,Returned,Good,4.0,8,2025,2025-05
646,Amanda Oconnell,Murder at Millbrook,Mystery,Patricia Miller,2025-05-16,2025-05-30,2025-05-28,Returned,Good,0.0,0,2025,2025-05
1368,Randy Velasquez,Missing Star,Mystery,Jill Rhodes,2025-05-15,2025-05-29,2025-06-10,Returned,Good,6.0,12,2025,2025-05
13,Rebecca Lee,The Philosophy of Fire,Philosophy,Patricia Miller,2025-05-15,2025-05-29,2025-05-27,Returned,Good,0.0,0,2025,2025-05
536,Nicole James,Little River,Children,Robert Johnson,2025-05-14,2025-05-28,2025-06-11,Returned,Good,7.0,14,2025,2025-05
197,Timothy Carroll,Thinking About Shadow,Philosophy,Robert Johnson,2025-05-14,2025-05-28,2025-06-01,Returned,Good,2.0,4,2025,2025-05
1911,Lisa Evans,Missing River,Mystery,Danielle Johnson,2025-05-13,2025-05-27,,Active,,174.5,350,2025,2025-05
1624,Brenda Smith,Modern Fire,Technology,Joshua Walker,2025-05-13,2025-05-27,2025-05-25,Returned,Damaged,0.0,0,2025,2025-05
1060,Linda Jarvis,Principles of Storm,Science,Robert Johnson,2025-05-13,2025-05-27,2025-05-24,Returned,Good,0.0,0,2025,2025-05
1394,Dale Sandoval,Missing Mountain,Mystery,Danielle Johnson,2025-05-12,2025-05-26,2025-05-29,Returned,Good,1.5,3,2025,2025-05
693,Kaitlyn Navarro,Missing Ocean,Mystery,Jill Rhodes,2025-05-12,2025-05-26,2025-05-28,Returned,Damaged,1.0,2,2025,2025-05
291,Patrick Torres,The History of Dream,History,Joshua Walker,2025-05-12,2025-05-26,2025-05-20,Returned,Good,0.0,0,2025,2025-05
11,Timothy Hinton,The Last Light,Fiction,Patricia Miller,2025-05-12,2025-05-26,,Active,,175.0,351,2025,2025-05
1261,Tara Webster,Shadow in Practice,Technology,Danielle Johnson,2025-05-10,2025-05-24,,Active,,176.0,353,2025,2025-05
1189,John Terry,The Science of Fire,Science,Patricia Miller,2025-05-10,2025-05-24,2025-05-16,Returned,Damaged,0.0,0,2025,2025-05
1379,Sarah Gibson,Modern Fire,Technology,Patricia Miller,2025-05-07,2025-05-21,2025-05-12,Returned,Good,0.0,0,2025,2025-05
327,Jeremiah Peterson,Modern River,Technology,Danielle Johnson,2025-05-06,2025-05-20,2025-06-07,Returned,Good,9.0,18,2025,2025-05
1871,Andrew Smith,My First Mountain,Children,Patricia Miller,2025-05-04,2025-05-18,2025-06-01,Returned,Good,7.0,14,2025,2025-05
599,James Washington,Becoming Ancient,Self-Help,Robert Johnson,2025-05-04,2025-05-18,2025-05-24,Returned,Good,3.0,6,2025,2025-05
278,Tyler Dixon,Finding Jennifer Marshall,Biography,Joshua Walker,2025-05-04,2025-05-18,,Active,,179.0,359,2025,2025-05
777,Michael Turner,The Science of Star,Science,Jill Rhodes,2025-05-03,2025-05-17,2025-05-15,Returned,Good,0.0,0,2025,2025-05
431,Sara Little,Mountain Explained,Science,Joshua Walker,2025-05-03,2025-05-17,,Active,,179.5,360,2025,2025-05
1148,Kristen Strickland,When River Falls,Fiction,Jill Rhodes,2025-05-02,2025-05-16,2025-05-21,Returned,Good,2.5,5,2025,2025-05
1760,Brandon Kim,Path Every Day,Self-Help,Joshua Walker,2025-05-01,2025-05-15,2025-05-22,Returned,Good,3.5,7,2025,2025-05
1115,Melissa Rivas,The Life of Gina Pace,Biography,Danielle Johnson,2025-05-01,2025-05-15,2025-06-01,Returned,Good,8.5,17,2025,2025-05
181,Michelle Wells,The History of Storm,History,Robert Johnson,2025-05-01,2025-05-15,2025-05-04,Returned,Good,0.0,0,2025,2025-05
1954,Lawrence Floyd,Leading with River,Business,Jill Rhodes,2025-04-30,2025-05-14,2025-06-03,Returned,Good,10.0,20,2025,2025-04
1305,Rebecca Lee,Lost Star,History,Patricia Miller,2025-04-30,2025-05-14,2025-05-10,Returned,Good,0.0,0,2025,2025-04
673,Patrick Torres,Understanding Ocean,Science,Danielle Johnson,2025-04-29,2025-05-13,2025-05-12,Returned,Damaged,0.0,0,2025,2025-04
771,Stacy Holloway,The Philosophy of Shadow,Philosophy,Joshua Walker,2025-04-28,2025-05-12,2025-05-12,Returned,Good,0.0,0,2025,2025-04
662,Gary Richardson,Mountain Every Day,Self-Help,Danielle Johnson,2025-04-28,2025-05-12,2025-05-20,Returned,Good,4.0,8,2025,2025-04
276,Brandon Flynn,Thinking About Fire,Philosophy,Joshua Walker,2025-04-26,2025-05-10,2025-05-25,Returned,Good,7.5,15,2025,2025-04
1351,Kathy Obrien,River Every Day,Self-Help,Jill Rhodes,2025-04-25,2025-05-09,2025-04-27,Returned,Good,0.0,0,2025,2025-04
1233,Robert Johnson,The Power of Storm,Self-Help,Joshua Walker,2025-04-25,2025-05-09,2025-05-09,Returned,Good,0.0,0,2025,2025-04
558,Christine Becker,Leading with Light,Business,Robert Johnson,2025-04-25,2025-05-09,2025-05-27,Returned,Good,9.0,18,2025,2025-04
81,Paula Dominguez,Path in Practice,Technology,Joshua Walker,2025-04-25,2025-05-09,2025-05-23,Returned,Good,7.0,14,2025,2025-04
1914,Laura Martin,The Rise of Fire,History,Patricia Miller,2025-04-24,2025-05-08,2025-05-03,Returned,Good,0.0,0,2025,2025-04
825,Stacy Holloway,River Explained,Science,Robert Johnson,2025-04-24,2025-05-08,2025-05-20,Returned,Good,6.0,12,2025,2025-04
246,Kathryn Weaver,The Star Handbook,Technology,Patricia Miller,2025-04-24,2025-05-08,2025-05-10,Returned,Good,1.0,2,2025,2025-04
1702,Andrea Stephens,Little Shadow,Children,Robert Johnson,2025-04-23,2025-05-07,2025-05-04,Returned,Good,0.0,0,2025,2025-04
1975,Jose Williams,Dream Every Day,Self-Help,Patricia Miller,2025-04-21,2025-05-05,2025-04-26,Returned,Good,0.0,0,2025,2025-04
1466,Hannah Bowers,Principles of Shadow,Science,Joshua Walker,2025-04-21,2025-05-05,,Active,,185.5,372,2025,2025-04
1945,Lawrence Floyd,The Last Ocean,Fiction,Patricia Miller,2025-04-20,2025-05-04,2025-05-18,Returned,Good,7.0,14,2025,2025-04
1196,Margaret Robertson,Principles of Star,Science,Danielle Johnson,2025-04-20,2025-05-04,2025-05-17,Returned,Good,6.5,13,2025,2025-04
1159,Robert Johnson,A Story of Path,Fiction,Danielle Johnson,2025-04-20,2025-05-04,2025-05-08,Returned,Good,2.0,4,2025,2025-04
1729,Ryan Clark,The Case of the Lost Storm,Mystery,Jill Rhodes,2025-04-19,2025-05-03,2025-05-13,Returned,Good,5.0,10,2025,2025-04
1410,Michael Rodriguez,Shadow Every Day,Self-Help,Patricia Miller,2025-04-19,2025-05-03,2025-05-11,Returned,Good,4.0,8,2025,2025-04
1612,Catherine Morris,The Rise of Ocean,History,Jill Rhodes,2025-04-18,2025-05-02,2025-04-23,Returned,Good,0.0,0,2025,2025-04
728,Mario Mcdonald,The Science of Shadow,Science,Jill Rhodes,2025-04-18,2025-05-02,2025-05-18,Returned,Good,8.0,16,2025,2025-04
562,Wendy Sanders,River Goes to School,Children,Joshua Walker,2025-04-18,2025-05-02,,Active,,187.0,375,2025,2025-04
1732,Shannon Richardson,Finding Kevin Little,Biography,Joshua Walker,2025-04-17,2025-05-01,2025-05-10,Returned,Good,4.5,9,2025,2025-04
790,Brian Simmons,Mastering Shadow,Technology,Patricia Miller,2025-04-15,2025-04-29,2025-05-12,Returned,Good,6.5,13,2025,2025-04
186,Adam Macias,Dream and Meaning,Philosophy,Joshua Walker,2025-04-13,2025-04-27,,Active,,189.5,380,2025,2025-04
103,Matthew Miranda,When Dream Falls,Fiction,Jill Rhodes,2025-04-12,2025-04-26,2025-04-28,Returned,Good,1.0,2,2025,2025-04
703,Timothy Hinton,Master Your Ocean,Self-Help,Joshua Walker,2025-04-10,2025-04-24,2025-05-13,Returned,Good,9.5,19,2025,2025-04
1449,Heather Taylor,Thinking About Storm,Philosophy,Joshua Walker,2025-04-09,2025-04-23,2025-04-10,Returned,Good,0.0,0,2025,2025-04
156,Daisy Smith,Dream Every Day,Self-Help,Patricia Miller,2025-04-08,2025-04-22,,Active,,192.0,385,2025,2025-04
1234,Rachel Greene,Leading with Mountain,Business,Robert Johnson,2025-04-05,2025-04-19,2025-04-19,Returned,Good,0.0,0,2025,2025-04
1982,Anthony Alvarez,On Path,Philosophy,Patricia Miller,2025-04-03,2025-04-17,2025-04-22,Returned,Good,2.5,5,2025,2025-04
1226,Dylan Jackson,Missing Star,Mystery,Patricia Miller,2025-04-02,2025-04-16,2025-04-17,Returned,Good,0.5,1,2025,2025-04
1603,Jennifer Garcia,Path Goes to School,Children,Robert Johnson,2025-03-31,2025-04-14,2025-05-03,Returned,Good,9.5,19,2025,2025-03
1,Samuel Roberson,On Shadow,Philosophy,Jill Rhodes,2025-03-31,2025-04-14,2025-04-12,Returned,Good,0.0,0,2025,2025-03
1138,Melanie Young,When Ocean Falls,Fiction,Jill Rhodes,2025-03-30,2025-04-13,2025-04-12,Returned,Good,0.0,0,2025,2025-03
681,Alexander King,Lost Dream,History,Jill Rhodes,2025-03-30,2025-04-13,2025-04-21,Returned,Good,4.0,8,2025,2025-03
22,Janet Williams,Shadow in Business,Business,Danielle Johnson,2025-03-29,2025-04-12,2025-05-02,Returned,Good,10.0,20,2025,2025-03
1367,Kathy Beard,Mastering Dream,Technology,Robert Johnson,2025-03-25,2025-04-08,2025-04-20,Returned,Good,6.0,12,2025,2025-03
1167,Andrea Jones,Principles of River,Science,Joshua Walker,2025-03-25,2025-04-08,2025-04-27,Returned,Good,9.5,19,2025,2025-03
818,Kaitlyn Navarro,Mastering Fire,Technology,Joshua Walker,2025-03-25,2025-04-08,2025-03-30,Returned,Good,0.0,0,2025,2025-03
1722,Sabrina Weaver,Missing Mountain,Mystery,Robert Johnson,2025-03-24,2025-04-07,,Active,,199.5,400,2025,2025-03
1577,Matthew Castro,Mastering Path,Technology,Danielle Johnson,2025-03-24,2025-04-07,2025-04-09,Returned,Good,1.0,2,2025,2025-03
1325,Travis Watts,When Ocean Falls,Fiction,Jill Rhodes,2025-03-24,2025-04-07,2025-04-11,Returned,Damaged,2.0,4,2025,2025-03
1238,Becky Knight,Little River,Children,Joshua Walker,2025-03-24,2025-04-07,2025-04-09,Returned,Good,1.0,2,2025,2025-03
1236,Erica Dillon,Becoming Ancient,Self-Help,Robert Johnson,2025-03-22,2025-04-05,2025-04-18,Returned,Good,6.5,13,2025,2025-03
612,Michelle Cochran,The Dream Strategy,Business,Patricia Miller,2025-03-19,2025-04-02,2025-04-17,Returned,Damaged,7.5,15,2025,2025-03
273,Nicole James,My First Mountain,Children,Joshua Walker,2025-03-19,2025-04-02,2025-04-07,Returned,Good,2.5,5,2025,2025-03
1898,Jesus Baker,In the Words of Tiffany Watson,Biography,Danielle Johnson,2025-03-18,2025-04-01,2025-03-30,Returned,Good,0.0,0,2025,2025-03
1215,Kathryn Weaver,The Rise of Light,History,Patricia Miller,2025-03-18,2025-04-01,2025-04-21,Returned,Good,10.0,20,2025,2025-03
982,Jennifer Rodriguez,River Goes to School,Children,Jill Rhodes,2025-03-17,2025-03-31,2025-04-01,Returned,Good,0.5,1,2025,2025-03
659,April Mcintyre,Star and Meaning,Philosophy,Danielle Johnson,2025-03-17,2025-03-31,,Active,,203.0,407,2025,2025-03
220,Deborah Dawson,On Light,Philosophy,Joshua Walker,2025-03-15,2025-03-29,2025-03-27,Returned,Good,0.0,0,2025,2025-03
495,Michelle Wells,When Ocean Falls,Fiction,Patricia Miller,2025-03-14,2025-03-28,2025-03-16,Returned,Damaged,0.0,0,2025,2025-03
419,Jeremiah Peterson,A Story of Path,Fiction,Robert Johnson,2025-03-13,2025-03-27,2025-03-14,Returned,Good,0.0,0,2025,2025-03
1608,Amanda Oconnell,Dream Explained,Science,Jill Rhodes,2025-03-12,2025-03-26,2025-03-14,Returned,Good,0.0,0,2025,2025-03
1929,Renee Jones,Leading with Storm,Business,Patricia Miller,2025-03-11,2025-03-25,2025-03-21,Returned,Good,0.0,0,2025,2025-03
1730,Michael Rodriguez,Mastering River,Technology,Danielle Johnson,2025-03-11,2025-03-25,2025-04-01,Returned,Good,3.5,7,2025,2025-03
1005,Cody Simmons,Master Your River,Self-Help,Danielle Johnson,2025-03-10,2025-03-24,2025-04-03,Returned,Good,5.0,10,2025,2025-03
541,Diana Mitchell,Understanding Path,Science,Jill Rhodes,2025-03-10,2025-03-24,2025-03-15,Returned,Damaged,0.0,0,2025,2025-03
451,Lisa Evans,The Last Storm,Fiction,Patricia Miller,2025-03-09,2025-03-23,2025-04-05,Returned,Good,6.5,13,2025,2025-03
240,Tara Webster,Principles of Path,Science,Patricia Miller,2025-03-08,2025-03-22,2025-04-07,Returned,Good,8.0,16,2025,2025-03
1860,Rebecca Martin,A Story of Path,Fiction,Joshua Walker,2025-03-05,2025-03-19,2025-03-25,Returned,Good,3.0,6,2025,2025-03
1500,Kristine Lane,Missing Ocean,Mystery,Danielle Johnson,2025-03-04,2025-03-18,2025-03-07,Returned,Damaged,0.0,0,2025,2025-03
1255,Andrea Stephens,Storm in Practice,Technology,Danielle Johnson,2025-03-01,2025-03-15,2025-04-04,Returned,Good,10.0,20,2025,2025-03
1161,Joshua Evans,The Science of Star,Science,Danielle Johnson,2025-03-01,2025-03-15,2025-03-21,Returned,Good,3.0,6,2025,2025-03
1324,Christopher Jordan,Master Your Star,Self-Help,Jill Rhodes,2025-02-28,2025-03-14,2025-04-03,Returned,Good,10.0,20,2025,2025-02
521,Bryan Wiggins,The Light Strategy,Business,Jill Rhodes,2025-02-27,2025-03-13,,Active,,212.0,425,2025,2025-02
1834,Cody Simmons,The Science of Fire,Science,Robert Johnson,2025-02-26,2025-03-12,2025-03-30,Returned,Good,9.0,18,2025,2025-02
1636,Lawrence Floyd,The Rise of Dream,History,Jill Rhodes,2025-02-23,2025-03-09,2025-03-20,Returned,Good,5.5,11,2025,2025-02
1414,Christopher Walker,The Storm Handbook,Technology,Patricia Miller,2025-02-23,2025-03-09,,Active,,214.0,429,2025,2025-02
618,Thomas Carlson,The Light Handbook,Technology,Jill Rhodes,2025-02-23,2025-03-09,2025-03-01,Returned,Good,0.0,0,2025,2025-02
1983,Margaret Robertson,Leading with Path,Business,Patricia Miller,2025-02-22,2025-03-08,2025-03-06,Returned,Good,0.0,0,2025,2025-02
1349,Jeffery Wagner,Murder at Millbrook,Mystery,Jill Rhodes,2025-02-22,2025-03-08,2025-03-16,Returned,Good,4.0,8,2025,2025-02
161,Adam Macias,The Light Strategy,Business,Patricia Miller,2025-02-22,2025-03-08,,Active,,214.5,430,2025,2025-02
232,Daniel James,A Story of Path,Fiction,Robert Johnson,2025-02-20,2025-03-06,2025-03-06,Returned,Good,0.0,0,2025,2025-02
607,Robert Silva,River and Meaning,Philosophy,Joshua Walker,2025-02-18,2025-03-04,2025-02-26,Returned,Good,0.0,0,2025,2025-02
425,Valerie Jones,Fire and Meaning,Philosophy,Jill Rhodes,2025-02-15,2025-03-01,2025-02-21,Returned,Good,0.0,0,2025,2025-02
171,Benjamin Wood,Missing Mountain,Mystery,Danielle Johnson,2025-02-15,2025-03-01,2025-02-23,Returned,Good,0.0,0,2025,2025-02
1493,Thomas Carlson,Little Storm,Children,Jill Rhodes,2025-02-14,2025-02-28,2025-03-05,Returned,Good,2.5,5,2025,2025-02
506,Paul Scott,The Art of Dream,Business,Danielle Johnson,2025-02-14,2025-02-28,2025-03-08,Returned,Damaged,4.0,8,2025,2025-02
515,Lawrence Floyd,Principles of Path,Science,Joshua Walker,2025-02-12,2025-02-26,,Active,,219.5,440,2025,2025-02
392,Paige Alvarez,Murder at Westgate,Mystery,Joshua Walker,2025-02-12,2025-02-26,2025-02-21,Returned,Good,0.0,0,2025,2025-02
1747,Nicole James,Understanding Fire,Science,Jill Rhodes,2025-02-10,2025-02-24,2025-03-04,Returned,Good,4.0,8,2025,2025-02
1655,Danielle White,The Science of Fire,Science,Danielle Johnson,2025-02-10,2025-02-24,,Active,,220.5,442,2025,2025-02
854,Kaitlyn Navarro,The Storm Handbook,Technology,Danielle Johnson,2025-02-10,2025-02-24,2025-03-03,Returned,Good,3.5,7,2025,2025-02
634,Kimberly Bryant,Understanding Fire,Science,Patricia Miller,2025-02-10,2025-02-24,2025-02-11,Returned,Good,0.0,0,2025,2025-02
111,Samuel Roberson,Mountain: A Chronicle,History,Robert Johnson,2025-02-09,2025-02-23,2025-03-15,Returned,Good,10.0,20,2025,2025-02
322,Rebecca Lee,The Rise of Light,History,Jill Rhodes,2025-02-07,2025-02-21,2025-02-23,Returned,Damaged,1.0,2,2025,2025-02
133,Brian Baker,When Path Falls,Fiction,Jill Rhodes,2025-02-07,2025-02-21,2025-02-17,Returned,Good,0.0,0,2025,2025-02
1845,Cindy Jimenez,Lost Ocean,History,Patricia Miller,2025-02-06,2025-02-20,2025-02-11,Returned,Good,0.0,0,2025,2025-02
1876,Alexander Benson,The Ocean Handbook,Technology,Jill Rhodes,2025-02-05,2025-02-19,2025-02-21,Returned,Good,1.0,2,2025,2025-02
483,Daisy Smith,The Rise of Ocean,History,Jill Rhodes,2025-02-05,2025-02-19,2025-03-01,Returned,Damaged,5.0,10,2025,2025-02
1260,Audrey Aguirre,The Science of Mountain,Science,Joshua Walker,2025-02-04,2025-02-18,,Active,,223.5,448,2025,2025-02
932,Dylan Becker,The Philosophy of Star,Philosophy,Jill Rhodes,2025-02-04,2025-02-18,2025-02-19,Returned,Good,0.5,1,2025,2025-02
874,Daniel Diaz,Mastering River,Technology,Robert Johnson,2025-02-03,2025-02-17,2025-03-01,Returned,Good,6.0,12,2025,2025-02
940,Paul Scott,The Life of Matthew Evans,Biography,Robert Johnson,2025-02-02,2025-02-16,2025-03-03,Returned,Good,7.5,15,2025,2025-02
1738,Michelle Wells,Missing Shadow,Mystery,Jill Rhodes,2025-01-30,2025-02-13,2025-02-12,Returned,Good,0.0,0,2025,2025-01
1194,Gary Richardson,In the Words of Cynthia Kennedy,Biography,Patricia Miller,2025-01-30,2025-02-13,2025-02-28,Returned,Good,7.5,15,2025,2025-01
1873,John Wells,The Rise of Shadow,History,Danielle Johnson,2025-01-28,2025-02-11,2025-02-06,Returned,Good,0.0,0,2025,2025-01
1812,Kiara Mullins,The Science of Shadow,Science,Jill Rhodes,2025-01-28,2025-02-11,,Active,,227.0,455,2025,2025-01
155,Diana Mitchell,Path and Meaning,Philosophy,Jill Rhodes,2025-01-28,2025-02-11,2025-02-07,Returned,Good,0.0,0,2025,2025-01
1934,Deborah Parker,The Rise of Dream,History,Robert Johnson,2025-01-27,2025-02-10,,Active,,227.5,456,2025,2025-01
86,Patrick Torres,Principles of Star,Science,Danielle Johnson,2025-01-27,2025-02-10,2025-02-23,Returned,Damaged,6.5,13,2025,2025-01
1001,Audrey Aguirre,A Story of Dream,Fiction,Jill Rhodes,2025-01-25,2025-02-08,,Active,,228.5,458,2025,2025-01
1366,James Cruz,Murder at Millbrook,Mystery,Patricia Miller,2025-01-24,2025-02-07,2025-01-26,Returned,Good,0.0,0,2025,2025-01
259,Joyce Malone,Darren Huynh: A Memoir,Biography,Patricia Miller,2025-01-21,2025-02-04,2025-02-02,Returned,Good,0.0,0,2025,2025-01
1037,Sandra Romero,Missing Shadow,Mystery,Robert Johnson,2025-01-20,2025-02-03,2025-02-18,Returned,Good,7.5,15,2025,2025-01
248,Jennifer Wilson,Little Star,Children,Jill Rhodes,2025-01-20,2025-02-03,2025-02-01,Returned,Good,0.0,0,2025,2025-01
195,Joseph Young,The Case of the Lost Path,Mystery,Patricia Miller,2025-01-18,2025-02-01,,Active,,232.0,465,2025,2025-01
1639,Bryan Wiggins,In the Words of David Cooper,Biography,Robert Johnson,2025-01-16,2025-01-30,2025-02-06,Returned,Good,3.5,7,2025,2025-01
1395,Ryan Clark,The Philosophy of Star,Philosophy,Danielle Johnson,2025-01-16,2025-01-30,2025-02-04,Returned,Good,2.5,5,2025,2025-01
354,Paula Dominguez,A Story of Ocean,Fiction,Robert Johnson,2025-01-15,2025-01-29,2025-01-29,Returned,Good,0.0,0,2025,2025-01
112,Edward Cuevas,When Mountain Falls,Fiction,Jill Rhodes,2025-01-14,2025-01-28,2025-01-15,Returned,Good,0.0,0,2025,2025-01
1884,Laura Martin,The River Strategy,Business,Danielle Johnson,2025-01-13,2025-01-27,2025-01-27,Returned,Damaged,0.0,0,2025,2025-01
1555,Frank Perez,The Last Dream,Fiction,Joshua Walker,2025-01-12,2025-01-26,,Active,,235.0,471,2025,2025-01
888,Brandon Flynn,Mountain Explained,Science,Joshua Walker,2025-01-09,2025-01-23,,Active,,236.5,474,2025,2025-01
18,Brian Simmons,The Shadow Handbook,Technology,Robert Johnson,2025-01-09,2025-01-23,,Active,,236.5,474,2025,2025-01
852,Timothy Hinton,Broken Fire,Fiction,Robert Johnson,2025-01-08,2025-01-22,2025-01-16,Returned,Good,0.0,0,2025,2025-01
645,Kristen Strickland,The Science of Fire,Science,Danielle Johnson,2025-01-08,2025-01-22,2025-02-06,Returned,Good,7.5,15,2025,2025-01
1359,Craig Hall,Master Your Dream,Self-Help,Joshua Walker,2025-01-06,2025-01-20,2025-02-03,Returned,Good,7.0,14,2025,2025-01
1319,Dana Cox,A Story of River,Fiction,Danielle Johnson,2025-01-06,2025-01-20,2025-01-13,Returned,Good,0.0,0,2025,2025-01
1088,Dana Cox,Lost Mountain,History,Jill Rhodes,2025-01-05,2025-01-19,,Active,,238.5,478,2025,2025-01
1290,Kimberly Bryant,When Star Falls,Fiction,Joshua Walker,2025-01-02,2025-01-16,2025-01-17,Returned,Good,0.5,1,2025,2025-01
864,Melanie Young,Modern Ocean,Technology,Joshua Walker,2025-01-02,2025-01-16,2025-01-20,Returned,Lost,2.0,4,2025,2025-01
24,Craig Hall,Missing Star,Mystery,Jill Rhodes,2025-01-02,2025-01-16,2025-01-26,Returned,Good,5.0,10,2025,2025-01
1192,Jeffery Brock,In the Words of Christine Crawford,Biography,Joshua Walker,2024-12-30,2025-01-13,2025-01-24,Returned,Good,5.5,11,2024,2024-12
817,Daisy Smith,In the Words of Joseph Chapman,Biography,Joshua Walker,2024-12-30,2025-01-13,2025-01-31,Returned,Good,9.0,18,2024,2024-12
306,Kevin Hardy,The Philosophy of Shadow,Philosophy,Jill Rhodes,2024-12-30,2025-01-13,,Active,,241.5,484,2024,2024-12
127,Dylan Jackson,Fire: A Chronicle,History,Joshua Walker,2024-12-29,2025-01-12,,Active,,242.0,485,2024,2024-12
63,Joseph Young,Storm and Meaning,Philosophy,Robert Johnson,2024-12-29,2025-01-12,2025-01-30,Returned,Good,9.0,18,2024,2024-12
622,James Washington,When Dream Falls,Fiction,Danielle Johnson,2024-12-28,2025-01-11,2025-01-23,Returned,Good,6.0,12,2024,2024-12
1594,Nicole Moore,Leading with Mountain,Business,Jill Rhodes,2024-12-27,2025-01-10,2025-01-05,Returned,Damaged,0.0,0,2024,2024-12
1553,Jonathan Reyes,The Life of Roberto Roberts,Biography,Danielle Johnson,2024-12-27,2025-01-10,2025-01-11,Returned,Good,0.5,1,2024,2024-12
1469,Kevin Hardy,Principles of Ocean,Science,Jill Rhodes,2024-12-25,2025-01-08,2025-01-12,Returned,Good,2.0,4,2024,2024-12
253,Anthony Alvarez,Dream Goes to School,Children,Patricia Miller,2024-12-24,2025-01-07,2025-01-22,Returned,Good,7.5,15,2024,2024-12
17,Kathy Beard,Lost Dream,History,Danielle Johnson,2024-12-24,2025-01-07,2025-01-01,Returned,Good,0.0,0,2024,2024-12
353,John Terry,Master Your Dream,Self-Help,Jill Rhodes,2024-12-23,2025-01-06,2025-01-20,Returned,Good,7.0,14,2024,2024-12
1726,Linda Jarvis,Leading with Fire,Business,Joshua Walker,2024-12-22,2025-01-05,2025-01-08,Returned,Good,1.5,3,2024,2024-12
284,Erica Cruz,Darren Huynh: A Memoir,Biography,Jill Rhodes,2024-12-21,2025-01-04,2024-12-24,Returned,Good,0.0,0,2024,2024-12
162,Jeffrey Morgan,Light: A Chronicle,History,Joshua Walker,2024-12-20,2025-01-03,2025-01-21,Returned,Good,9.0,18,2024,2024-12
606,Dale Sandoval,The Shadow Handbook,Technology,Robert Johnson,2024-12-19,2025-01-02,2025-01-02,Returned,Good,0.0,0,2024,2024-12
1637,Robert Barr,Murder at Ashford,Mystery,Danielle Johnson,2024-12-16,2024-12-30,,Active,,248.5,498,2024,2024-12
1633,Jesus Baker,The Science of Storm,Science,Jill Rhodes,2024-12-15,2024-12-29,2025-01-18,Returned,Good,10.0,20,2024,2024-12
1125,Melanie Young,The Power of Storm,Self-Help,Patricia Miller,2024-12-15,2024-12-29,2025-01-07,Returned,Damaged,4.5,9,2024,2024-12
1935,Daniel Diaz,Murder at Stonehaven,Mystery,Jill Rhodes,2024-12-14,2024-12-28,2025-01-17,Returned,Good,10.0,20,2024,2024-12
382,Matthew Castro,Leading with Storm,Business,Robert Johnson,2024-12-14,2024-12-28,2025-01-01,Returned,Good,2.0,4,2024,2024-12
1552,Sara Little,My First Ocean,Children,Jill Rhodes,2024-12-12,2024-12-26,2024-12-22,Returned,Good,0.0,0,2024,2024-12
730,Alexander Benson,Mountain Every Day,Self-Help,Joshua Walker,2024-12-12,2024-12-26,2025-01-13,Returned,Good,9.0,18,2024,2024-12
1452,James White,When Ocean Falls,Fiction,Joshua Walker,2024-12-11,2024-12-25,2025-01-11,Returned,Damaged,8.5,17,2024,2024-12
1117,Robert Johnson,On Shadow,Philosophy,Joshua Walker,2024-12-11,2024-12-25,2024-12-21,Returned,Good,0.0,0,2024,2024-12
912,Catherine Morris,The River Strategy,Business,Patricia Miller,2024-12-11,2024-12-25,2024-12-26,Returned,Good,0.5,1,2024,2024-12
475,Diana Mitchell,Fire in Business,Business,Robert Johnson,2024-12-11,2024-12-25,2024-12-17,Returned,Good,0.0,0,2024,2024-12
289,Courtney Conner,The Last Shadow,Fiction,Danielle Johnson,2024-12-11,2024-12-25,2025-01-09,Returned,Good,7.5,15,2024,2024-12
1315,Matthew Miranda,Dream in Practice,Technology,Jill Rhodes,2024-12-07,2024-12-21,2024-12-31,Returned,Good,5.0,10,2024,2024-12
410,Timothy Carroll,My First Mountain,Children,Robert Johnson,2024-12-07,2024-12-21,2024-12-29,Returned,Good,4.0,8,2024,2024-12
326,Christopher Fry,Missing Mountain,Mystery,Jill Rhodes,2024-12-07,2024-12-21,2024-12-23,Returned,Damaged,1.0,2,2024,2024-12
1461,Tina Ferguson,Murder at Ashford,Mystery,Joshua Walker,2024-12-06,2024-12-20,2024-12-20,Returned,Good,0.0,0,2024,2024-12
1458,Jeffery Brock,Ocean Explained,Science,Robert Johnson,2024-12-06,2024-12-20,2024-12-23,Returned,Good,1.5,3,2024,2024-12
1314,Edward Cuevas,Path Goes to School,Children,Jill Rhodes,2024-12-06,2024-12-20,2024-12-30,Returned,Good,5.0,10,2024,2024-12
465,Tara Johnson,The Art of Path,Business,Danielle Johnson,2024-12-05,2024-12-19,2025-01-04,Returned,Good,8.0,16,2024,2024-12
19,Laura Hansen,Mastering River,Technology,Patricia Miller,2024-12-05,2024-12-19,2024-12-08,Returned,Good,0.0,0,2024,2024-12
1445,James Stewart,Master Your Ocean,Self-Help,Joshua Walker,2024-12-04,2024-12-18,2024-12-19,Returned,Damaged,0.5,1,2024,2024-12
983,Benjamin Wood,Becoming Secret,Self-Help,Danielle Johnson,2024-12-04,2024-12-18,2024-12-13,Returned,Good,0.0,0,2024,2024-12
1564,Jeremy Johnson,On Ocean,Philosophy,Danielle Johnson,2024-12-02,2024-12-16,2024-12-09,Returned,Good,0.0,0,2024,2024-12
365,Joseph Young,River in Business,Business,Joshua Walker,2024-12-02,2024-12-16,,Active,,255.5,512,2024,2024-12
73,Rebekah Hill,River and Meaning,Philosophy,Robert Johnson,2024-12-02,2024-12-16,,Active,,255.5,512,2024,2024-12
592,Margaret Turner,The Science of Star,Science,Joshua Walker,2024-12-01,2024-12-15,,Active,,256.0,513,2024,2024-12
1810,Adam Macias,The Power of Storm,Self-Help,Danielle Johnson,2024-11-30,2024-12-14,2024-12-01,Returned,Good,0.0,0,2024,2024-11
1311,Tara Webster,Master Your River,Self-Help,Joshua Walker,2024-11-30,2024-12-14,2024-12-11,Returned,Good,0.0,0,2024,2024-11
664,Catherine Morris,Principles of Dream,Science,Jill Rhodes,2024-11-30,2024-12-14,2024-12-05,Returned,Good,0.0,0,2024,2024-11
1043,James West,Shadow Explained,Science,Jill Rhodes,2024-11-28,2024-12-12,,Active,,257.5,516,2024,2024-11
1120,Michael Bruce,Shadow in Business,Business,Jill Rhodes,2024-11-26,2024-12-10,2024-12-27,Returned,Good,8.5,17,2024,2024-11
1540,Daisy Smith,Little Shadow,Children,Robert Johnson,2024-11-24,2024-12-08,2024-12-12,Returned,Good,2.0,4,2024,2024-11
514,Sabrina Weaver,The History of Storm,History,Jill Rhodes,2024-11-24,2024-12-08,2024-12-05,Returned,Good,0.0,0,2024,2024-11
1150,Catherine Morris,In the Words of Cynthia Kennedy,Biography,Joshua Walker,2024-11-23,2024-12-07,2024-12-25,Returned,Good,9.0,18,2024,2024-11
492,Brandon Flynn,Principles of Storm,Science,Joshua Walker,2024-11-23,2024-12-07,2024-12-02,Returned,Good,0.0,0,2024,2024-11
226,Kiara Mullins,Missing Mountain,Mystery,Danielle Johnson,2024-11-23,2024-12-07,2024-12-02,Returned,Good,0.0,0,2024,2024-11
183,Ann Rodriguez,The Power of River,Self-Help,Patricia Miller,2024-11-23,2024-12-07,2024-11-27,Returned,Good,0.0,0,2024,2024-11
461,Christine Becker,The Rise of Mountain,History,Robert Johnson,2024-11-21,2024-12-05,2024-12-03,Returned,Damaged,0.0,0,2024,2024-11
928,Andrea Stephens,Modern Shadow,Technology,Robert Johnson,2024-11-17,2024-12-01,,Active,,263.0,527,2024,2024-11
40,Tyler Dixon,A Story of Ocean,Fiction,Danielle Johnson,2024-11-17,2024-12-01,,Active,,263.0,527,2024,2024-11
706,Michael Turner,Murder at Riverdale,Mystery,Robert Johnson,2024-11-16,2024-11-30,2024-11-22,Returned,Good,0.0,0,2024,2024-11
270,Jeremy Johnson,Mountain Every Day,Self-Help,Patricia Miller,2024-11-15,2024-11-29,,Active,,264.0,529,2024,2024-11
1158,Brian Simmons,A Story of Path,Fiction,Joshua Walker,2024-11-13,2024-11-27,2024-11-26,Returned,Good,0.0,0,2024,2024-11
1071,Robert Hawkins,A Story of Storm,Fiction,Danielle Johnson,2024-11-13,2024-11-27,2024-12-10,Returned,Good,6.5,13,2024,2024-11
593,Joshua Evans,The Philosophy of River,Philosophy,Danielle Johnson,2024-11-13,2024-11-27,2024-12-17,Returned,Good,10.0,20,2024,2024-11
1870,Steven Frye,Modern Fire,Technology,Jill Rhodes,2024-11-12,2024-11-26,2024-11-25,Returned,Good,0.0,0,2024,2024-11
1551,Dylan Jackson,The Case of the Broken River,Mystery,Patricia Miller,2024-11-12,2024-11-26,2024-11-27,Returned,Good,0.5,1,2024,2024-11
34,Robert Silva,The Case of the Ancient Light,Mystery,Robert Johnson,2024-11-11,2024-11-25,2024-11-26,Returned,Good,0.5,1,2024,2024-11
913,Andrew Smith,Murder at Riverdale,Mystery,Danielle Johnson,2024-11-10,2024-11-24,2024-11-14,Returned,Good,0.0,0,2024,2024-11
629,Ryan Swanson,Lost River,History,Patricia Miller,2024-11-07,2024-11-21,2024-12-02,Returned,Damaged,5.5,11,2024,2024-11
1625,Cynthia Benjamin,The Hidden Secret,Mystery,Joshua Walker,2024-11-05,2024-11-19,2024-12-04,Returned,Good,7.5,15,2024,2024-11
1457,Cindy Jimenez,Understanding Fire,Science,Jill Rhodes,2024-11-05,2024-11-19,2024-11-11,Returned,Lost,0.0,0,2024,2024-11
378,Charles Schultz,The Rise of Mountain,History,Robert Johnson,2024-11-05,2024-11-19,2024-11-24,Returned,Good,2.5,5,2024,2024-11
1725,Edward Cuevas,Lost Dream,History,Patricia Miller,2024-11-03,2024-11-17,2024-11-17,Returned,Good,0.0,0,2024,2024-11
856,Robert Silva,Finding Jennifer Marshall,Biography,Danielle Johnson,2024-11-02,2024-11-16,2024-11-13,Returned,Good,0.0,0,2024,2024-11
738,Matthew Miranda,Missing Star,Mystery,Joshua Walker,2024-11-02,2024-11-16,2024-11-04,Returned,Good,0.0,0,2024,2024-11
39,Deborah Parker,The Case of the Dark River,Mystery,Patricia Miller,2024-11-02,2024-11-16,2024-11-07,Returned,Good,0.0,0,2024,2024-11
1662,Charles Schultz,A Story of Ocean,Fiction,Jill Rhodes,2024-11-01,2024-11-15,2024-11-13,Returned,Good,0.0,0,2024,2024-11
1244,Christopher Walker,Star Every Day,Self-Help,Patricia Miller,2024-10-31,2024-11-14,,Active,,271.5,544,2024,2024-10
596,Michael Bruce,The Adventures of Star,Children,Patricia Miller,2024-10-31,2024-11-14,2024-11-04,Returned,Good,0.0,0,2024,2024-10
580,Nicole James,Storm in Practice,Technology,Jill Rhodes,2024-10-31,2024-11-14,2024-11-18,Returned,Good,2.0,4,2024,2024-10
1815,Laura Martin,The Last Fire,Fiction,Danielle Johnson,2024-10-30,2024-11-13,2024-12-01,Returned,Good,9.0,18,2024,2024-10
737,Melissa Rivas,Dream Explained,Science,Danielle Johnson,2024-10-30,2024-11-13,2024-11-20,Returned,Good,3.5,7,2024,2024-10
439,Anthony Alvarez,Missing Shadow,Mystery,Patricia Miller,2024-10-30,2024-11-13,2024-11-21,Returned,Good,4.0,8,2024,2024-10
1141,Jessica Hansen,The Power of Mountain,Self-Help,Jill Rhodes,2024-10-28,2024-11-11,,Active,,273.0,547,2024,2024-10
760,Ashley Krause,Shadow: A Chronicle,History,Joshua Walker,2024-10-28,2024-11-11,2024-10-29,Returned,Good,0.0,0,2024,2024-10
795,Sara Little,Little Storm,Children,Joshua Walker,2024-10-26,2024-11-09,,Active,,274.0,549,2024,2024-10
993,Daniel Diaz,Murder at Clearwater,Mystery,Danielle Johnson,2024-10-25,2024-11-08,,Active,,274.5,550,2024,2024-10
878,Amanda Oconnell,Finding Karla Willis,Biography,Patricia Miller,2024-10-25,2024-11-08,2024-11-22,Returned,Good,7.0,14,2024,2024-10
997,Manuel Lee,Dream in Practice,Technology,Joshua Walker,2024-10-24,2024-11-07,2024-11-27,Returned,Damaged,10.0,20,2024,2024-10
902,Valerie Jones,Ocean Goes to School,Children,Patricia Miller,2024-10-24,2024-11-07,2024-11-18,Returned,Good,5.5,11,2024,2024-10
1451,Matthew Castro,Alejandro Campbell: A Memoir,Biography,Robert Johnson,2024-10-23,2024-11-06,2024-11-16,Returned,Good,5.0,10,2024,2024-10
1381,Linda Wolfe,Little Star,Children,Jill Rhodes,2024-10-23,2024-11-06,,Active,,275.5,552,2024,2024-10
1432,Danielle Dean,Understanding Storm,Science,Patricia Miller,2024-10-21,2024-11-04,2024-11-12,Returned,Good,4.0,8,2024,2024-10
1330,Andrea Jones,A Story of Mountain,Fiction,Jill Rhodes,2024-10-21,2024-11-04,2024-11-06,Returned,Good,1.0,2,2024,2024-10
1026,Dale Sandoval,Understanding Ocean,Science,Joshua Walker,2024-10-19,2024-11-02,,Active,,277.5,556,2024,2024-10
1182,Susan Hall,The Case of the Forgotten Dream,Mystery,Danielle Johnson,2024-10-18,2024-11-01,2024-11-09,Returned,Good,4.0,8,2024,2024-10
59,Tyler Dixon,Missing Mountain,Mystery,Joshua Walker,2024-10-18,2024-11-01,2024-11-14,Returned,Good,6.5,13,2024,2024-10
48,Bryan Wiggins,Shadow Explained,Science,Joshua Walker,2024-10-18,2024-11-01,2024-11-03,Returned,Good,1.0,2,2024,2024-10
1623,Dana Cox,Leading with River,Business,Robert Johnson,2024-10-17,2024-10-31,2024-10-31,Returned,Lost,0.0,0,2024,2024-10
436,Yolanda Smith,The Broken Secret,Mystery,Danielle Johnson,2024-10-17,2024-10-31,2024-10-29,Returned,Good,0.0,0,2024,2024-10
1965,Barbara Ray,Star Explained,Science,Joshua Walker,2024-10-16,2024-10-30,2024-11-11,Returned,Good,6.0,12,2024,2024-10
1628,Matthew Miranda,In the Words of David Cooper,Biography,Danielle Johnson,2024-10-16,2024-10-30,2024-10-26,Returned,Lost,0.0,0,2024,2024-10
1766,Jeffery Brock,Lost Mountain,History,Joshua Walker,2024-10-14,2024-10-28,2024-10-19,Returned,Good,0.0,0,2024,2024-10
454,Ryan Clark,Missing River,Mystery,Jill Rhodes,2024-10-14,2024-10-28,2024-11-05,Returned,Good,4.0,8,2024,2024-10
1179,Brian Cooper,The Life of Steven Hicks,Biography,Robert Johnson,2024-10-13,2024-10-27,2024-10-27,Returned,Good,0.0,0,2024,2024-10
557,Lori Davis,Master Your Light,Self-Help,Patricia Miller,2024-10-12,2024-10-26,2024-10-31,Returned,Good,2.5,5,2024,2024-10
1312,Daniel James,In the Words of Amanda Sharp,Biography,Patricia Miller,2024-10-11,2024-10-25,2024-11-14,Returned,Good,10.0,20,2024,2024-10
1110,Cindy Jimenez,The Philosophy of Fire,Philosophy,Jill Rhodes,2024-10-11,2024-10-25,2024-10-25,Returned,Good,0.0,0,2024,2024-10
657,Brian Cooper,Modern Mountain,Technology,Patricia Miller,2024-10-11,2024-10-25,2024-10-14,Returned,Damaged,0.0,0,2024,2024-10
1084,Sean Montes,The Life of Cody Hopkins,Biography,Jill Rhodes,2024-10-08,2024-10-22,2024-11-03,Returned,Good,6.0,12,2024,2024-10
1107,Samuel Roberson,Ocean Every Day,Self-Help,Robert Johnson,2024-10-07,2024-10-21,2024-10-14,Returned,Good,0.0,0,2024,2024-10
736,Margaret Turner,Hidden Storm,Fiction,Joshua Walker,2024-10-07,2024-10-21,2024-10-15,Returned,Lost,0.0,0,2024,2024-10
519,Amy Lopez,Leading with Light,Business,Patricia Miller,2024-10-06,2024-10-20,2024-10-16,Returned,Good,0.0,0,2024,2024-10
52,Andrew Willis,In the Words of Tiffany Watson,Biography,Jill Rhodes,2024-10-05,2024-10-19,,Active,,284.5,570,2024,2024-10
1501,Kiara Mullins,Little Storm,Children,Robert Johnson,2024-10-04,2024-10-18,2024-10-26,Returned,Good,4.0,8,2024,2024-10
91,Paige Alvarez,Ocean and Meaning,Philosophy,Robert Johnson,2024-10-04,2024-10-18,2024-10-06,Returned,Good,0.0,0,2024,2024-10
1786,Michelle Wells,River and Meaning,Philosophy,Joshua Walker,2024-10-03,2024-10-17,2024-10-22,Returned,Good,2.5,5,2024,2024-10
780,Adam Macias,The Life of Steven Hicks,Biography,Jill Rhodes,2024-10-03,2024-10-17,2024-10-30,Returned,Damaged,6.5,13,2024,2024-10
487,Samuel Roberson,Modern Ocean,Technology,Danielle Johnson,2024-10-03,2024-10-17,2024-10-30,Returned,Damaged,6.5,13,2024,2024-10
1056,John Davis,The Fire Strategy,Business,Danielle Johnson,2024-10-02,2024-10-16,2024-10-29,Returned,Good,6.5,13,2024,2024-10
53,Mario Mcdonald,Mountain: A Chronicle,History,Jill Rhodes,2024-10-02,2024-10-16,2024-11-04,Returned,Good,9.5,19,2024,2024-10
1341,Andrea Jones,The Path Handbook,Technology,Patricia Miller,2024-10-01,2024-10-15,2024-10-08,Returned,Good,0.0,0,2024,2024-10
393,Brandon Kim,A Story of Path,Fiction,Robert Johnson,2024-10-01,2024-10-15,2024-10-21,Returned,Good,3.0,6,2024,2024-10
781,Shannon Richardson,Missing Ocean,Mystery,Patricia Miller,2024-09-29,2024-10-13,2024-10-04,Returned,Good,0.0,0,2024,2024-09
435,Morgan Alexander,Shadow and Meaning,Philosophy,Jill Rhodes,2024-09-29,2024-10-13,2024-10-08,Returned,Good,0.0,0,2024,2024-09
901,Lisa Adams,Murder at Clearwater,Mystery,Patricia Miller,2024-09-28,2024-10-12,2024-10-07,Returned,Good,0.0,0,2024,2024-09
847,Daniel James,Star in Practice,Technology,Danielle Johnson,2024-09-28,2024-10-12,2024-10-31,Returned,Good,9.5,19,2024,2024-09
696,Rachel Greene,The Rise of Light,History,Robert Johnson,2024-09-28,2024-10-12,2024-10-04,Returned,Good,0.0,0,2024,2024-09
315,Lisa Evans,Leading with Fire,Business,Joshua Walker,2024-09-28,2024-10-12,2024-10-29,Returned,Damaged,8.5,17,2024,2024-09
1749,Jeremiah Peterson,Lost River,History,Joshua Walker,2024-09-27,2024-10-11,2024-09-29,Returned,Good,0.0,0,2024,2024-09
1652,Daniel James,Mastering Star,Technology,Joshua Walker,2024-09-27,2024-10-11,2024-10-18,Returned,Good,3.5,7,2024,2024-09
1131,John Scott,In the Words of Joseph Chapman,Biography,Danielle Johnson,2024-09-27,2024-10-11,2024-10-25,Returned,Good,7.0,14,2024,2024-09
1650,Peter Gamble,The Rise of Shadow,History,Joshua Walker,2024-09-26,2024-10-10,2024-09-27,Returned,Good,0.0,0,2024,2024-09
309,Kayla Griffin,Murder at Millbrook,Mystery,Jill Rhodes,2024-09-23,2024-10-07,2024-10-22,Returned,Good,7.5,15,2024,2024-09
249,Melissa Rivas,The Science of Star,Science,Robert Johnson,2024-09-23,2024-10-07,2024-10-23,Returned,Good,8.0,16,2024,2024-09
1879,Daniel Diaz,Lost Path,History,Jill Rhodes,2024-09-22,2024-10-06,2024-10-08,Returned,Good,1.0,2,2024,2024-09
1293,Sandra Romero,The Light Handbook,Technology,Patricia Miller,2024-09-20,2024-10-04,2024-10-09,Returned,Good,2.5,5,2024,2024-09
555,Daniel Diaz,In the Words of Cynthia Kennedy,Biography,Patricia Miller,2024-09-20,2024-10-04,2024-10-19,Returned,Good,7.5,15,2024,2024-09
277,Randy Brooks,Fire in Business,Business,Joshua Walker,2024-09-20,2024-10-04,2024-10-24,Returned,Good,10.0,20,2024,2024-09
109,Barbara Ray,In the Words of David Cooper,Biography,Danielle Johnson,2024-09-20,2024-10-04,2024-10-09,Returned,Good,2.5,5,2024,2024-09
434,Ashley Peterson,River and Meaning,Philosophy,Patricia Miller,2024-09-19,2024-10-03,2024-09-29,Returned,Good,0.0,0,2024,2024-09
274,Zachary Mccoy,In the Words of Christine Crawford,Biography,Jill Rhodes,2024-09-19,2024-10-03,2024-10-22,Returned,Good,9.5,19,2024,2024-09
225,Charles Schultz,Finding Kevin Little,Biography,Jill Rhodes,2024-09-17,2024-10-01,2024-10-21,Returned,Good,10.0,20,2024,2024-09
1301,Tracy Griffin,Principles of River,Science,Jill Rhodes,2024-09-16,2024-09-30,2024-10-19,Returned,Good,9.5,19,2024,2024-09
889,Kristin Walter,A Story of Path,Fiction,Jill Rhodes,2024-09-16,2024-09-30,2024-09-30,Returned,Good,0.0,0,2024,2024-09
224,Timothy Carroll,River Goes to School,Children,Danielle Johnson,2024-09-15,2024-09-29,,Active,,294.5,590,2024,2024-09
1193,Yolanda Smith,Dream Every Day,Self-Help,Robert Johnson,2024-09-14,2024-09-28,2024-10-09,Returned,Good,5.5,11,2024,2024-09
776,Yolanda Smith,Master Your Light,Self-Help,Joshua Walker,2024-09-14,2024-09-28,2024-10-09,Returned,Good,5.5,11,2024,2024-09
101,Diana Mitchell,Shadow and Meaning,Philosophy,Jill Rhodes,2024-09-12,2024-09-26,2024-09-25,Returned,Good,0.0,0,2024,2024-09
1437,Lori Davis,On Light,Philosophy,Patricia Miller,2024-09-11,2024-09-25,,Active,,296.5,594,2024,2024-09
848,Ryan Swanson,The Path Strategy,Business,Robert Johnson,2024-09-09,2024-09-23,2024-09-16,Returned,Good,0.0,0,2024,2024-09
409,David Howard,Shadow and Meaning,Philosophy,Danielle Johnson,2024-09-09,2024-09-23,2024-10-03,Returned,Good,5.0,10,2024,2024-09
8,Kevin Miller,The Adventures of Mountain,Children,Patricia Miller,2024-09-08,2024-09-22,2024-09-19,Returned,Good,0.0,0,2024,2024-09
1994,Brian Baker,On Light,Philosophy,Joshua Walker,2024-09-07,2024-09-21,,Active,,298.5,598,2024,2024-09
1200,David Howard,Principles of River,Science,Patricia Miller,2024-09-07,2024-09-21,2024-09-12,Returned,Good,0.0,0,2024,2024-09
1463,Melissa Estrada,The Art of Dream,Business,Joshua Walker,2024-09-06,2024-09-20,2024-09-12,Returned,Good,0.0,0,2024,2024-09
303,Kristine Lane,The Last Dream,Fiction,Patricia Miller,2024-09-06,2024-09-20,2024-09-11,Returned,Good,0.0,0,2024,2024-09
1536,Daisy Smith,Leading with Mountain,Business,Danielle Johnson,2024-09-05,2024-09-19,2024-09-18,Returned,Good,0.0,0,2024,2024-09
799,Tommy Lee,Understanding Shadow,Science,Joshua Walker,2024-09-05,2024-09-19,2024-09-12,Returned,Good,0.0,0,2024,2024-09
785,Yolanda Smith,Path Goes to School,Children,Joshua Walker,2024-09-05,2024-09-19,2024-09-29,Returned,Good,5.0,10,2024,2024-09
1462,Craig Hall,Mountain: A Chronicle,History,Robert Johnson,2024-09-04,2024-09-18,2024-09-08,Returned,Good,0.0,0,2024,2024-09
1793,Shannon Richardson,Understanding Fire,Science,Danielle Johnson,2024-09-02,2024-09-16,2024-09-10,Returned,Good,0.0,0,2024,2024-09
1557,Diana Mitchell,Murder at Millbrook,Mystery,Patricia Miller,2024-09-02,2024-09-16,2024-09-11,Returned,Good,0.0,0,2024,2024-09
810,Christopher Walker,The History of Ocean,History,Patricia Miller,2024-09-02,2024-09-16,,Active,,301.0,603,2024,2024-09
1447,Benjamin Wood,Little Star,Children,Jill Rhodes,2024-08-31,2024-09-14,2024-09-19,Returned,Good,2.5,5,2024,2024-08
1837,Kathy Obrien,Ocean Explained,Science,Jill Rhodes,2024-08-30,2024-09-13,2024-09-15,Returned,Damaged,1.0,2,2024,2024-08
1824,James White,The Science of Star,Science,Danielle Johnson,2024-08-30,2024-09-13,2024-09-05,Returned,Good,0.0,0,2024,2024-08
1691,John Dawson,Modern Fire,Technology,Patricia Miller,2024-08-30,2024-09-13,2024-09-11,Returned,Good,0.0,0,2024,2024-08
712,Heather Taylor,Understanding Dream,Science,Joshua Walker,2024-08-29,2024-09-12,2024-09-28,Returned,Good,8.0,16,2024,2024-08
971,Natasha Decker,Little Star,Children,Robert Johnson,2024-08-28,2024-09-11,,Active,,303.5,608,2024,2024-08
699,Angela Gonzales,The Philosophy of Star,Philosophy,Patricia Miller,2024-08-28,2024-09-11,2024-09-23,Returned,Good,6.0,12,2024,2024-08
1745,Stacy Holloway,Light: A Chronicle,History,Robert Johnson,2024-08-27,2024-09-10,2024-09-25,Returned,Good,7.5,15,2024,2024-08
1390,Robert Hawkins,Murder at Clearwater,Mystery,Jill Rhodes,2024-08-27,2024-09-10,2024-09-20,Returned,Good,5.0,10,2024,2024-08
1017,Rebekah Hill,Little Storm,Children,Patricia Miller,2024-08-27,2024-09-10,2024-09-10,Returned,Good,0.0,0,2024,2024-08
1116,Lawrence Floyd,The Science of Dream,Science,Joshua Walker,2024-08-25,2024-09-08,2024-08-27,Returned,Good,0.0,0,2024,2024-08
565,Ryan Clark,Leading with River,Business,Jill Rhodes,2024-08-25,2024-09-08,2024-09-05,Returned,Good,0.0,0,2024,2024-08
711,Tara Webster,The Power of Shadow,Self-Help,Danielle Johnson,2024-08-24,2024-09-07,2024-09-03,Returned,Good,0.0,0,2024,2024-08
1524,Michael Turner,The Science of Fire,Science,Patricia Miller,2024-08-23,2024-09-06,2024-09-10,Returned,Good,2.0,4,2024,2024-08
58,Sabrina Weaver,Lost River,History,Jill Rhodes,2024-08-23,2024-09-06,,Active,,306.0,613,2024,2024-08
1376,Benjamin Wood,Missing River,Mystery,Danielle Johnson,2024-08-22,2024-09-05,2024-09-17,Returned,Good,6.0,12,2024,2024-08
235,Tracey Wilson,The Shadow Handbook,Technology,Danielle Johnson,2024-08-22,2024-09-05,,Active,,306.5,614,2024,2024-08
1318,Whitney Green,Master Your Star,Self-Help,Joshua Walker,2024-08-21,2024-09-04,2024-08-22,Returned,Good,0.0,0,2024,2024-08
241,Karen Evans,Modern Shadow,Technology,Patricia Miller,2024-08-21,2024-09-04,2024-09-05,Returned,Good,0.5,1,2024,2024-08
1856,Alexander Benson,A Story of Mountain,Fiction,Jill Rhodes,2024-08-20,2024-09-03,2024-09-14,Returned,Good,5.5,11,2024,2024-08
1486,Shawn Garcia,Murder at Riverdale,Mystery,Robert Johnson,2024-08-20,2024-09-03,,Active,,307.5,616,2024,2024-08
1015,Lisa Evans,Little Storm,Children,Joshua Walker,2024-08-20,2024-09-03,2024-09-03,Returned,Good,0.0,0,2024,2024-08
1933,Tyler Dixon,Lost Dream,History,Jill Rhodes,2024-08-18,2024-09-01,,Active,,308.5,618,2024,2024-08
813,Kathy Obrien,The History of Path,History,Robert Johnson,2024-08-14,2024-08-28,2024-09-12,Returned,Damaged,7.5,15,2024,2024-08
1916,Barbara Ray,Little Storm,Children,Patricia Miller,2024-08-13,2024-08-27,2024-09-06,Returned,Damaged,5.0,10,2024,2024-08
1335,Danielle Dean,On Light,Philosophy,Jill Rhodes,2024-08-12,2024-08-26,2024-09-04,Returned,Good,4.5,9,2024,2024-08
158,Frank Perez,The Adventures of Ocean,Children,Danielle Johnson,2024-08-10,2024-08-24,2024-08-11,Returned,Good,0.0,0,2024,2024-08
630,Lisa Adams,Mountain in Practice,Technology,Jill Rhodes,2024-08-09,2024-08-23,2024-08-14,Returned,Good,0.0,0,2024,2024-08
1160,Paula Dominguez,Finding Autumn Gallagher,Biography,Danielle Johnson,2024-08-08,2024-08-22,2024-09-05,Returned,Good,7.0,14,2024,2024-08
330,Joshua White,River Goes to School,Children,Joshua Walker,2024-08-08,2024-08-22,2024-08-22,Returned,Good,0.0,0,2024,2024-08
1733,Brandi Bender,On Dream,Philosophy,Patricia Miller,2024-08-07,2024-08-21,,Active,,314.0,629,2024,2024-08
1377,Andrea Jones,Storm Goes to School,Children,Patricia Miller,2024-08-07,2024-08-21,2024-08-14,Returned,Good,0.0,0,2024,2024-08
845,Daisy Smith,The Life of Eric Carlson,Biography,Danielle Johnson,2024-08-07,2024-08-21,,Active,,314.0,629,2024,2024-08
69,Brandon Kim,Lost Path,History,Jill Rhodes,2024-08-07,2024-08-21,2024-08-17,Returned,Good,0.0,0,2024,2024-08
1350,Paula Dominguez,Ocean Explained,Science,Robert Johnson,2024-08-06,2024-08-20,2024-08-12,Returned,Good,0.0,0,2024,2024-08
891,Matthew Castro,The History of Path,History,Danielle Johnson,2024-08-06,2024-08-20,,Active,,314.5,630,2024,2024-08
1901,Danielle Dean,On Light,Philosophy,Danielle Johnson,2024-08-05,2024-08-19,2024-08-29,Returned,Good,5.0,10,2024,2024-08
647,Paula Dominguez,The Last Fire,Fiction,Danielle Johnson,2024-08-05,2024-08-19,2024-08-18,Returned,Good,0.0,0,2024,2024-08
344,Jennifer Brock,Little Shadow,Children,Patricia Miller,2024-08-05,2024-08-19,2024-09-02,Returned,Good,7.0,14,2024,2024-08
741,Bryan Wiggins,The Rise of Light,History,Patricia Miller,2024-08-02,2024-08-16,2024-08-18,Returned,Good,1.0,2,2024,2024-08
1677,Nathan Richards,Little River,Children,Patricia Miller,2024-08-01,2024-08-15,2024-08-30,Returned,Damaged,7.5,15,2024,2024-08
1352,Jeremy Johnson,In the Words of Erika Hayes,Biography,Jill Rhodes,2024-07-31,2024-08-14,2024-08-16,Returned,Good,1.0,2,2024,2024-07
525,Charles Schultz,Thinking About Storm,Philosophy,Danielle Johnson,2024-07-31,2024-08-14,,Active,,317.5,636,2024,2024-07
56,Kristin Walter,Dream in Business,Business,Robert Johnson,2024-07-31,2024-08-14,2024-08-01,Returned,Good,0.0,0,2024,2024-07
641,Rebecca Martin,Storm in Practice,Technology,Joshua Walker,2024-07-30,2024-08-13,,Active,,318.0,637,2024,2024-07
1431,Christopher Fry,The Rise of Dream,History,Patricia Miller,2024-07-29,2024-08-12,2024-08-27,Returned,Lost,7.5,15,2024,2024-07
583,Charlene Hahn,James Lee: A Memoir,Biography,Patricia Miller,2024-07-28,2024-08-11,,Active,,319.0,639,2024,2024-07
341,Brandon Flynn,The Adventures of Shadow,Children,Patricia Miller,2024-07-28,2024-08-11,2024-08-19,Returned,Good,4.0,8,2024,2024-07
42,Robert Barr,My First Path,Children,Jill Rhodes,2024-07-28,2024-08-11,2024-07-30,Returned,Good,0.0,0,2024,2024-07
1442,Kristen Leon,Path in Practice,Technology,Danielle Johnson,2024-07-27,2024-08-10,,Active,,319.5,640,2024,2024-07
313,Alan Rodriguez,Mountain Every Day,Self-Help,Robert Johnson,2024-07-27,2024-08-10,,Active,,319.5,640,2024,2024-07
1998,Hannah Bowers,Shadow: A Chronicle,History,Robert Johnson,2024-07-26,2024-08-09,2024-08-19,Returned,Good,5.0,10,2024,2024-07
1509,Travis Watts,A Story of Mountain,Fiction,Robert Johnson,2024-07-26,2024-08-09,2024-08-08,Returned,Good,0.0,0,2024,2024-07
1429,April Mcintyre,On Shadow,Philosophy,Joshua Walker,2024-07-26,2024-08-09,2024-08-11,Returned,Good,1.0,2,2024,2024-07
1482,Amanda Oconnell,The Golden Secret,Mystery,Joshua Walker,2024-07-24,2024-08-07,2024-07-26,Returned,Good,0.0,0,2024,2024-07
426,Daniel James,Master Your Dream,Self-Help,Jill Rhodes,2024-07-24,2024-08-07,2024-08-13,Returned,Good,3.0,6,2024,2024-07
1547,James White,The Rise of Star,History,Robert Johnson,2024-07-23,2024-08-06,2024-08-14,Returned,Good,4.0,8,2024,2024-07
1239,Travis Watts,Little Star,Children,Joshua Walker,2024-07-22,2024-08-05,2024-07-30,Returned,Good,0.0,0,2024,2024-07
931,Jeremy Johnson,The Life of John Wang,Biography,Robert Johnson,2024-07-21,2024-08-04,2024-08-24,Returned,Good,10.0,20,2024,2024-07
1869,Paul Scott,The Last Ocean,Fiction,Patricia Miller,2024-07-20,2024-08-03,,Active,,323.0,647,2024,2024-07
1825,Shawn Garcia,Modern Storm,Technology,Danielle Johnson,2024-07-20,2024-08-03,2024-08-11,Returned,Good,4.0,8,2024,2024-07
1002,Kathy Obrien,A Story of River,Fiction,Danielle Johnson,2024-07-20,2024-08-03,2024-08-08,Returned,Good,2.5,5,2024,2024-07
351,Bryan Wiggins,Modern Fire,Technology,Danielle Johnson,2024-07-20,2024-08-03,2024-07-29,Returned,Good,0.0,0,2024,2024-07
188,Jennifer Rodriguez,Little Shadow,Children,Joshua Walker,2024-07-20,2024-08-03,2024-08-10,Returned,Good,3.5,7,2024,2024-07
1051,James West,Light Goes to School,Children,Joshua Walker,2024-07-18,2024-08-01,2024-08-10,Returned,Good,4.5,9,2024,2024-07
670,Brian Simmons,The History of Mountain,History,Danielle Johnson,2024-07-17,2024-07-31,2024-08-14,Returned,Good,7.0,14,2024,2024-07
598,Thomas Carlson,The Life of Allison Simmons,Biography,Danielle Johnson,2024-07-17,2024-07-31,2024-08-02,Returned,Good,1.0,2,2024,2024-07
1103,Tommy Lee,The Adventures of Storm,Children,Robert Johnson,2024-07-16,2024-07-30,2024-07-24,Returned,Damaged,0.0,0,2024,2024-07
1890,Randy Velasquez,The Golden Secret,Mystery,Danielle Johnson,2024-07-15,2024-07-29,2024-07-17,Returned,Good,0.0,0,2024,2024-07
1118,Cindy Jimenez,Ocean Explained,Science,Jill Rhodes,2024-07-15,2024-07-29,2024-08-07,Returned,Lost,4.5,9,2024,2024-07
348,Paula Dominguez,Principles of Dream,Science,Danielle Johnson,2024-07-15,2024-07-29,2024-07-21,Returned,Good,0.0,0,2024,2024-07
493,Johnathan Gilbert,The Last Shadow,Fiction,Jill Rhodes,2024-07-13,2024-07-27,2024-07-22,Returned,Good,0.0,0,2024,2024-07
65,Paul Scott,The Adventures of Storm,Children,Danielle Johnson,2024-07-10,2024-07-24,2024-07-27,Returned,Good,1.5,3,2024,2024-07
1357,Travis Brown,The Rise of Star,History,Robert Johnson,2024-07-09,2024-07-23,,Active,,328.5,658,2024,2024-07
1770,Kathy Obrien,The Science of Storm,Science,Joshua Walker,2024-07-07,2024-07-21,2024-07-24,Returned,Good,1.5,3,2024,2024-07
1698,Craig Hall,The Ocean Handbook,Technology,Joshua Walker,2024-07-05,2024-07-19,,Active,,330.5,662,2024,2024-07
1516,John Davis,The River Strategy,Business,Danielle Johnson,2024-07-04,2024-07-18,2024-07-17,Returned,Good,0.0,0,2024,2024-07
1882,Ann Shea,The History of Light,History,Patricia Miller,2024-07-02,2024-07-16,2024-07-09,Returned,Good,0.0,0,2024,2024-07
942,Laura Martin,The Mountain Handbook,Technology,Joshua Walker,2024-07-02,2024-07-16,2024-07-30,Returned,Good,7.0,14,2024,2024-07
381,Christine Becker,Storm in Practice,Technology,Joshua Walker,2024-07-02,2024-07-16,2024-07-23,Returned,Good,3.5,7,2024,2024-07
535,Kristine Lane,A Story of River,Fiction,Patricia Miller,2024-07-01,2024-07-15,,Active,,332.5,666,2024,2024-07
858,Edward Cuevas,The Life of Eric Carlson,Biography,Robert Johnson,2024-06-30,2024-07-14,2024-08-01,Returned,Good,9.0,18,2024,2024-06
1162,Kristen Strickland,The Fire Handbook,Technology,Robert Johnson,2024-06-29,2024-07-13,2024-07-22,Returned,Damaged,4.5,9,2024,2024-06
78,Jennifer Coleman,The Life of Allison Simmons,Biography,Jill Rhodes,2024-06-26,2024-07-10,2024-07-05,Returned,Good,0.0,0,2024,2024-06
1883,Tracy Griffin,The Rise of Ocean,History,Patricia Miller,2024-06-25,2024-07-09,2024-07-20,Returned,Good,5.5,11,2024,2024-06
1284,Becky Knight,The Last Shadow,Fiction,Patricia Miller,2024-06-24,2024-07-08,2024-07-11,Returned,Damaged,1.5,3,2024,2024-06
769,Diana Mitchell,On Light,Philosophy,Joshua Walker,2024-06-24,2024-07-08,2024-06-29,Returned,Good,0.0,0,2024,2024-06
705,Brandon Kim,On Light,Philosophy,Joshua Walker,2024-06-23,2024-07-07,2024-06-28,Returned,Good,0.0,0,2024,2024-06
797,April Mcintyre,Principles of Star,Science,Patricia Miller,2024-06-21,2024-07-05,2024-06-28,Returned,Good,0.0,0,2024,2024-06
1534,Brandi Bender,Murder at Westgate,Mystery,Robert Johnson,2024-06-20,2024-07-04,2024-06-21,Returned,Good,0.0,0,2024,2024-06
578,Regina Turner,The History of Light,History,Joshua Walker,2024-06-18,2024-07-02,,Active,,339.0,679,2024,2024-06
33,Randy Brooks,Little River,Children,Patricia Miller,2024-06-18,2024-07-02,2024-07-22,Returned,Good,10.0,20,2024,2024-06
1924,Timothy Hinton,Understanding Shadow,Science,Danielle Johnson,2024-06-16,2024-06-30,2024-07-14,Returned,Good,7.0,14,2024,2024-06
1590,James White,Valerie Nguyen: A Memoir,Biography,Jill Rhodes,2024-06-15,2024-06-29,,Active,,340.5,682,2024,2024-06
1047,Becky Knight,Principles of Shadow,Science,Joshua Walker,2024-06-14,2024-06-28,2024-06-23,Returned,Good,0.0,0,2024,2024-06
1606,Stephen Madden,Missing Shadow,Mystery,Robert Johnson,2024-06-12,2024-06-26,2024-06-23,Returned,Good,0.0,0,2024,2024-06
1550,Linda Jarvis,The Science of Path,Science,Patricia Miller,2024-06-12,2024-06-26,2024-06-18,Returned,Damaged,0.0,0,2024,2024-06
925,Erica Cruz,The Light Handbook,Technology,Danielle Johnson,2024-06-12,2024-06-26,2024-07-09,Returned,Good,6.5,13,2024,2024-06
338,Craig Hall,Leading with Light,Business,Danielle Johnson,2024-06-11,2024-06-25,2024-07-11,Returned,Good,8.0,16,2024,2024-06
1962,James Washington,The Rise of Ocean,History,Patricia Miller,2024-06-10,2024-06-24,2024-06-30,Returned,Damaged,3.0,6,2024,2024-06
1800,Michelle Cochran,The Science of Dream,Science,Robert Johnson,2024-06-10,2024-06-24,2024-07-12,Returned,Good,9.0,18,2024,2024-06
1739,Shawn Garcia,A Story of River,Fiction,Patricia Miller,2024-06-10,2024-06-24,,Active,,343.0,687,2024,2024-06
1383,Michelle Cochran,In the Words of William Griffin,Biography,Jill Rhodes,2024-06-10,2024-06-24,2024-07-05,Returned,Good,5.5,11,2024,2024-06
499,Kristin Walter,A Story of Path,Fiction,Robert Johnson,2024-06-10,2024-06-24,2024-07-10,Returned,Good,8.0,16,2024,2024-06
466,Omar Padilla,River and Meaning,Philosophy,Jill Rhodes,2024-06-10,2024-06-24,2024-06-15,Returned,Good,0.0,0,2024,2024-06
30,Nicole Moore,Little Storm,Children,Robert Johnson,2024-06-10,2024-06-24,2024-06-27,Returned,Good,1.5,3,2024,2024-06
333,Paul White,My First Storm,Children,Joshua Walker,2024-06-09,2024-06-23,2024-07-09,Returned,Good,8.0,16,2024,2024-06
345,Jennifer Coleman,Path Goes to School,Children,Jill Rhodes,2024-06-08,2024-06-22,2024-06-18,Returned,Damaged,0.0,0,2024,2024-06
1574,Andrea Stephens,Master Your Storm,Self-Help,Robert Johnson,2024-06-07,2024-06-21,2024-06-14,Returned,Lost,0.0,0,2024,2024-06
691,Jessica Hansen,Finding Autumn Gallagher,Biography,Robert Johnson,2024-06-07,2024-06-21,,Active,,344.5,690,2024,2024-06
1068,Christopher Fry,Mastering Path,Technology,Patricia Miller,2024-06-06,2024-06-20,,Active,,345.0,691,2024,2024-06
460,Dylan Jackson,Dream and Meaning,Philosophy,Jill Rhodes,2024-06-05,2024-06-19,2024-06-26,Returned,Good,3.5,7,2024,2024-06
704,Andrew Smith,Understanding River,Science,Patricia Miller,2024-06-04,2024-06-18,2024-07-06,Returned,Good,9.0,18,2024,2024-06
1674,Linda Wolfe,The Science of Star,Science,Danielle Johnson,2024-06-03,2024-06-17,,Active,,346.5,694,2024,2024-06
285,Kathryn Weaver,On Ocean,Philosophy,Jill Rhodes,2024-06-03,2024-06-17,2024-06-21,Returned,Good,2.0,4,2024,2024-06
1247,Stacy Holloway,The Life of Matthew Evans,Biography,Danielle Johnson,2024-06-02,2024-06-16,2024-06-13,Returned,Lost,0.0,0,2024,2024-06
1191,Dylan Jackson,The Last Dream,Fiction,Jill Rhodes,2024-06-02,2024-06-16,2024-06-17,Returned,Good,0.5,1,2024,2024-06
501,Andrea Stephens,Darren Huynh: A Memoir,Biography,Joshua Walker,2024-06-02,2024-06-16,,Active,,347.0,695,2024,2024-06
1398,Nicole Moore,The Secret Secret,Mystery,Patricia Miller,2024-06-01,2024-06-15,,Active,,347.5,696,2024,2024-06
1257,Ann Rodriguez,The Science of Storm,Science,Joshua Walker,2024-05-31,2024-06-14,2024-06-21,Returned,Good,3.5,7,2024,2024-05
1820,Andrew Willis,Lost Star,History,Jill Rhodes,2024-05-27,2024-06-10,2024-06-27,Returned,Good,8.5,17,2024,2024-05
1439,Rachel Greene,The Light Handbook,Technology,Patricia Miller,2024-05-27,2024-06-10,2024-06-03,Returned,Good,0.0,0,2024,2024-05
896,Andrew Willis,Principles of Ocean,Science,Jill Rhodes,2024-05-27,2024-06-10,,Active,,350.0,701,2024,2024-05
1114,Courtney Conner,Ancient Ocean,Fiction,Patricia Miller,2024-05-26,2024-06-09,2024-06-07,Returned,Lost,0.0,0,2024,2024-05
955,Erica Dillon,On Light,Philosophy,Joshua Walker,2024-05-24,2024-06-07,2024-06-16,Returned,Good,4.5,9,2024,2024-05
1548,Sabrina Weaver,The Case of the Silent Star,Mystery,Jill Rhodes,2024-05-23,2024-06-06,2024-06-01,Returned,Good,0.0,0,2024,2024-05
1263,Joshua Evans,The Last Dream,Fiction,Robert Johnson,2024-05-23,2024-06-06,2024-06-26,Returned,Good,10.0,20,2024,2024-05
911,April Mcintyre,The Last Ocean,Fiction,Joshua Walker,2024-05-23,2024-06-06,2024-06-05,Returned,Good,0.0,0,2024,2024-05
1033,Amanda Oconnell,Master Your Ocean,Self-Help,Robert Johnson,2024-05-22,2024-06-05,2024-06-13,Returned,Good,4.0,8,2024,2024-05
542,Kristine Lane,Leading with River,Business,Robert Johnson,2024-05-20,2024-06-03,2024-06-19,Returned,Good,8.0,16,2024,2024-05
432,Joyce Malone,Shadow and Meaning,Philosophy,Joshua Walker,2024-05-19,2024-06-02,2024-06-06,Returned,Good,2.0,4,2024,2024-05
882,Andrea Stephens,Mountain Every Day,Self-Help,Danielle Johnson,2024-05-18,2024-06-01,2024-05-27,Returned,Good,0.0,0,2024,2024-05
1790,Linda Wolfe,Ocean Explained,Science,Joshua Walker,2024-05-16,2024-05-30,2024-06-09,Returned,Good,5.0,10,2024,2024-05
477,Yolanda Smith,Star Explained,Science,Joshua Walker,2024-05-16,2024-05-30,2024-05-23,Returned,Good,0.0,0,2024,2024-05
1388,Jeremy Johnson,Leading with Light,Business,Patricia Miller,2024-05-15,2024-05-29,2024-06-04,Returned,Good,3.0,6,2024,2024-05
887,Kristine Lane,Master Your Ocean,Self-Help,Danielle Johnson,2024-05-15,2024-05-29,2024-05-26,Returned,Good,0.0,0,2024,2024-05
679,Amy Lopez,The Last Dream,Fiction,Danielle Johnson,2024-05-14,2024-05-28,2024-05-27,Returned,Good,0.0,0,2024,2024-05
559,Edward Reyes,The Art of Light,Business,Danielle Johnson,2024-05-14,2024-05-28,2024-05-19,Returned,Good,0.0,0,2024,2024-05
88,Dylan Becker,Ocean Explained,Science,Danielle Johnson,2024-05-14,2024-05-28,2024-06-17,Returned,Good,10.0,20,2024,2024-05
1578,Ryan Clark,Shadow in Business,Business,Robert Johnson,2024-05-13,2024-05-27,,Active,,357.0,715,2024,2024-05
610,Audrey Aguirre,Dream in Practice,Technology,Robert Johnson,2024-05-13,2024-05-27,2024-06-02,Returned,Damaged,3.0,6,2024,2024-05
70,Ashley Krause,Mountain Every Day,Self-Help,Jill Rhodes,2024-05-13,2024-05-27,2024-06-08,Returned,Good,6.0,12,2024,2024-05
271,Thomas Carlson,My First Ocean,Children,Jill Rhodes,2024-05-12,2024-05-26,2024-05-31,Returned,Good,2.5,5,2024,2024-05
1038,Robert Silva,Ancient Ocean,Fiction,Jill Rhodes,2024-05-11,2024-05-25,2024-06-10,Returned,Good,8.0,16,2024,2024-05
658,Erica Dillon,The Dream Strategy,Business,Jill Rhodes,2024-05-10,2024-05-24,2024-05-31,Returned,Good,3.5,7,2024,2024-05
1279,Tara Webster,Principles of Path,Science,Jill Rhodes,2024-05-09,2024-05-23,,Active,,359.0,719,2024,2024-05
193,Danielle Dean,The Star Strategy,Business,Danielle Johnson,2024-05-09,2024-05-23,2024-06-07,Returned,Good,7.5,15,2024,2024-05
1246,Courtney Conner,A Story of Storm,Fiction,Danielle Johnson,2024-05-07,2024-05-21,2024-06-07,Returned,Good,8.5,17,2024,2024-05
1421,Amanda Oconnell,Path and Meaning,Philosophy,Joshua Walker,2024-05-06,2024-05-20,,Active,,360.5,722,2024,2024-05
1313,Bryan Wiggins,The Science of Dream,Science,Robert Johnson,2024-05-06,2024-05-20,2024-05-25,Returned,Good,2.5,5,2024,2024-05
877,Jennifer Coleman,Mastering River,Technology,Robert Johnson,2024-05-06,2024-05-20,2024-05-18,Returned,Good,0.0,0,2024,2024-05
408,Lori Davis,The Star Handbook,Technology,Danielle Johnson,2024-05-04,2024-05-18,2024-05-09,Returned,Good,0.0,0,2024,2024-05
396,Andrea Jones,In the Words of Joseph Chapman,Biography,Jill Rhodes,2024-05-04,2024-05-18,2024-05-20,Returned,Good,1.0,2,2024,2024-05
1981,Samuel Roberson,Shadow in Practice,Technology,Robert Johnson,2024-05-03,2024-05-17,2024-05-23,Returned,Good,3.0,6,2024,2024-05
1478,Nicole James,Leading with River,Business,Robert Johnson,2024-05-03,2024-05-17,2024-05-21,Returned,Good,2.0,4,2024,2024-05
564,Shawn Garcia,The Rise of Ocean,History,Patricia Miller,2024-05-03,2024-05-17,,Active,,362.0,725,2024,2024-05
200,Kathy Obrien,My First Ocean,Children,Danielle Johnson,2024-05-03,2024-05-17,,Active,,362.0,725,2024,2024-05
138,Jose Williams,The History of Ocean,History,Patricia Miller,2024-05-03,2024-05-17,,Active,,362.0,725,2024,2024-05
325,John Scott,Murder at Riverdale,Mystery,Jill Rhodes,2024-05-02,2024-05-16,2024-06-02,Returned,Good,8.5,17,2024,2024-05
1968,Matthew Miranda,Mastering Path,Technology,Jill Rhodes,2024-05-01,2024-05-15,2024-05-23,Returned,Good,4.0,8,2024,2024-05
567,Michael Rodriguez,In the Words of Angela Robinson,Biography,Danielle Johnson,2024-05-01,2024-05-15,,Active,,363.0,727,2024,2024-05
1599,Jeremiah Peterson,Principles of Storm,Science,Patricia Miller,2024-04-28,2024-05-12,2024-05-11,Returned,Good,0.0,0,2024,2024-04
1840,Brian Simmons,Murder at Stonehaven,Mystery,Robert Johnson,2024-04-26,2024-05-10,2024-04-29,Returned,Good,0.0,0,2024,2024-04
1092,Nicole Moore,A Story of Storm,Fiction,Robert Johnson,2024-04-26,2024-05-10,2024-05-04,Returned,Good,0.0,0,2024,2024-04
25,Brian Cooper,The Ocean Strategy,Business,Joshua Walker,2024-04-26,2024-05-10,2024-05-27,Returned,Good,8.5,17,2024,2024-04
178,Courtney Conner,Leading with Path,Business,Jill Rhodes,2024-04-25,2024-05-09,2024-05-08,Returned,Good,0.0,0,2024,2024-04
1912,Susan Hall,Mastering Star,Technology,Robert Johnson,2024-04-24,2024-05-08,2024-05-14,Returned,Good,3.0,6,2024,2024-04
83,Timothy Carroll,The Science of Path,Science,Jill Rhodes,2024-04-24,2024-05-08,2024-05-14,Returned,Good,3.0,6,2024,2024-04
44,Heather Taylor,Finding Autumn Gallagher,Biography,Jill Rhodes,2024-04-24,2024-05-08,,Active,,366.5,734,2024,2024-04
448,Andrew Smith,Missing River,Mystery,Jill Rhodes,2024-04-23,2024-05-07,2024-05-09,Returned,Good,1.0,2,2024,2024-04
1675,Audrey Aguirre,Mastering Storm,Technology,Patricia Miller,2024-04-20,2024-05-04,2024-05-05,Returned,Lost,0.5,1,2024,2024-04
1649,Manuel Lee,The Life of Allison Simmons,Biography,Jill Rhodes,2024-04-18,2024-05-02,2024-05-15,Returned,Good,6.5,13,2024,2024-04
1251,Amanda Oconnell,The Science of Fire,Science,Patricia Miller,2024-04-17,2024-05-01,2024-05-15,Returned,Good,7.0,14,2024,2024-04
23,Manuel Lee,Missing River,Mystery,Jill Rhodes,2024-04-17,2024-05-01,2024-04-27,Returned,Good,0.0,0,2024,2024-04
1615,Joyce Malone,The Path Strategy,Business,Patricia Miller,2024-04-14,2024-04-28,2024-05-15,Returned,Good,8.5,17,2024,2024-04
1531,Andrea Jones,Broken Storm,Fiction,Joshua Walker,2024-04-14,2024-04-28,2024-05-09,Returned,Good,5.5,11,2024,2024-04
427,Timothy Carroll,The Last Dream,Fiction,Robert Johnson,2024-04-14,2024-04-28,2024-05-12,Returned,Good,7.0,14,2024,2024-04
1709,Kristine Lane,The Case of the Lost Path,Mystery,Patricia Miller,2024-04-13,2024-04-27,2024-04-22,Returned,Damaged,0.0,0,2024,2024-04
868,Brandon Flynn,Modern Shadow,Technology,Robert Johnson,2024-04-13,2024-04-27,2024-04-19,Returned,Good,0.0,0,2024,2024-04
1852,Julie Hernandez,Lost Path,History,Robert Johnson,2024-04-12,2024-04-26,2024-04-23,Returned,Good,0.0,0,2024,2024-04
1450,Margaret Turner,The Light Strategy,Business,Robert Johnson,2024-04-11,2024-04-25,2024-04-22,Returned,Lost,0.0,0,2024,2024-04
710,Linda Jarvis,The Power of Storm,Self-Help,Patricia Miller,2024-04-10,2024-04-24,,Active,,373.5,748,2024,2024-04
1635,Robert Johnson,Thinking About Ocean,Philosophy,Patricia Miller,2024-04-07,2024-04-21,2024-04-13,Returned,Good,0.0,0,2024,2024-04
1423,Kathryn Weaver,The Fire Strategy,Business,Joshua Walker,2024-04-07,2024-04-21,2024-05-07,Returned,Good,8.0,16,2024,2024-04
1996,Gary Richardson,The Rise of Dream,History,Robert Johnson,2024-04-04,2024-04-18,2024-04-17,Returned,Good,0.0,0,2024,2024-04
1424,Robert Hawkins,Principles of Storm,Science,Joshua Walker,2024-03-30,2024-04-13,2024-04-21,Returned,Good,4.0,8,2024,2024-03
1065,Andrea Stephens,Star Every Day,Self-Help,Robert Johnson,2024-03-30,2024-04-13,,Active,,379.0,759,2024,2024-03
1378,Becky Knight,My First Mountain,Children,Joshua Walker,2024-03-29,2024-04-12,2024-04-17,Returned,Good,2.5,5,2024,2024-03
135,Susan Hall,Shadow: A Chronicle,History,Robert Johnson,2024-03-29,2024-04-12,2024-04-12,Returned,Good,0.0,0,2024,2024-03
1185,Jeremiah Peterson,The Light Handbook,Technology,Jill Rhodes,2024-03-28,2024-04-11,2024-04-05,Returned,Good,0.0,0,2024,2024-03
1136,Ashley Krause,Master Your Dream,Self-Help,Patricia Miller,2024-03-28,2024-04-11,,Active,,380.0,761,2024,2024-03
144,Shannon Richardson,My First Ocean,Children,Robert Johnson,2024-03-28,2024-04-11,2024-04-23,Returned,Good,6.0,12,2024,2024-03
46,Jennifer Coleman,Murder at Ashford,Mystery,Danielle Johnson,2024-03-28,2024-04-11,2024-04-19,Returned,Good,4.0,8,2024,2024-03
1406,Daisy Smith,My First Shadow,Children,Robert Johnson,2024-03-27,2024-04-10,,Active,,380.5,762,2024,2024-03
531,Paul Scott,Master Your Star,Self-Help,Joshua Walker,2024-03-27,2024-04-10,2024-04-10,Returned,Good,0.0,0,2024,2024-03
1385,Nathan Richards,Master Your Star,Self-Help,Joshua Walker,2024-03-26,2024-04-09,2024-04-02,Returned,Good,0.0,0,2024,2024-03
991,Steven Lara,Path and Meaning,Philosophy,Jill Rhodes,2024-03-26,2024-04-09,2024-04-16,Returned,Good,3.5,7,2024,2024-03
1303,Mario Mcdonald,The Dark Secret,Mystery,Danielle Johnson,2024-03-24,2024-04-07,2024-04-22,Returned,Good,7.5,15,2024,2024-03
1609,Lawrence Floyd,The Life of Michael Knapp,Biography,Joshua Walker,2024-03-22,2024-04-05,2024-04-20,Returned,Good,7.5,15,2024,2024-03
1498,Matthew Castro,The Last Shadow,Fiction,Patricia Miller,2024-03-22,2024-04-05,,Active,,383.0,767,2024,2024-03
429,Lawrence Floyd,The Life of Michelle Richard,Biography,Danielle Johnson,2024-03-22,2024-04-05,2024-03-28,Returned,Good,0.0,0,2024,2024-03
1654,Deborah Parker,Leading with River,Business,Danielle Johnson,2024-03-19,2024-04-02,,Active,,384.5,770,2024,2024-03
524,Brian Cooper,Fire Goes to School,Children,Danielle Johnson,2024-03-18,2024-04-01,2024-03-25,Returned,Good,0.0,0,2024,2024-03
1166,Cody Simmons,The Rise of Shadow,History,Jill Rhodes,2024-03-17,2024-03-31,2024-04-17,Returned,Good,8.5,17,2024,2024-03
836,April Mcintyre,Ocean and Meaning,Philosophy,Robert Johnson,2024-03-17,2024-03-31,2024-04-07,Returned,Good,3.5,7,2024,2024-03
1868,Peter Gamble,The Science of Storm,Science,Robert Johnson,2024-03-16,2024-03-30,2024-03-29,Returned,Good,0.0,0,2024,2024-03
586,Matthew Miranda,Path: A Chronicle,History,Danielle Johnson,2024-03-16,2024-03-30,2024-03-26,Returned,Damaged,0.0,0,2024,2024-03
187,Paula Dominguez,Little Storm,Children,Joshua Walker,2024-03-16,2024-03-30,2024-04-14,Returned,Good,7.5,15,2024,2024-03
834,Benjamin Wood,The Philosophy of Dream,Philosophy,Robert Johnson,2024-03-14,2024-03-28,2024-04-14,Returned,Lost,8.5,17,2024,2024-03
1866,Joseph Young,Missing Ocean,Mystery,Joshua Walker,2024-03-13,2024-03-27,2024-03-31,Returned,Damaged,2.0,4,2024,2024-03
556,Danielle White,Murder at Riverdale,Mystery,Robert Johnson,2024-03-13,2024-03-27,2024-03-14,Returned,Good,0.0,0,2024,2024-03
242,Kathy Beard,Principles of Star,Science,Jill Rhodes,2024-03-13,2024-03-27,2024-04-04,Returned,Good,4.0,8,2024,2024-03
1298,Brenda Smith,Leading with Fire,Business,Robert Johnson,2024-03-12,2024-03-26,2024-04-01,Returned,Good,3.0,6,2024,2024-03
1045,Gary Richardson,A Story of Path,Fiction,Robert Johnson,2024-03-12,2024-03-26,2024-04-07,Returned,Good,6.0,12,2024,2024-03
445,Benjamin Wood,River Goes to School,Children,Danielle Johnson,2024-03-12,2024-03-26,2024-04-06,Returned,Good,5.5,11,2024,2024-03
1953,April Mcintyre,Little Storm,Children,Joshua Walker,2024-03-11,2024-03-25,,Active,,388.5,778,2024,2024-03
732,Lori Davis,The Adventures of Mountain,Children,Jill Rhodes,2024-03-11,2024-03-25,2024-03-23,Returned,Good,0.0,0,2024,2024-03
725,Rebecca Lee,A Story of Mountain,Fiction,Patricia Miller,2024-03-11,2024-03-25,2024-03-19,Returned,Good,0.0,0,2024,2024-03
363,Dale Sandoval,Ocean Explained,Science,Danielle Johnson,2024-03-11,2024-03-25,,Active,,388.5,778,2024,2024-03
1183,Robert Johnson,Shadow and Meaning,Philosophy,Jill Rhodes,2024-03-10,2024-03-24,2024-03-15,Returned,Good,0.0,0,2024,2024-03
747,Angela Gonzales,The Life of Eric Carlson,Biography,Danielle Johnson,2024-03-10,2024-03-24,2024-04-08,Returned,Good,7.5,15,2024,2024-03
627,Lori Davis,Missing Dream,Mystery,Jill Rhodes,2024-03-09,2024-03-23,2024-03-19,Returned,Good,0.0,0,2024,2024-03
726,Nathan Richards,The Shadow Handbook,Technology,Danielle Johnson,2024-03-07,2024-03-21,,Active,,390.5,782,2024,2024-03
1248,David Howard,The History of Path,History,Robert Johnson,2024-03-05,2024-03-19,,Active,,391.5,784,2024,2024-03
1684,Timothy Carroll,On Light,Philosophy,Joshua Walker,2024-03-01,2024-03-15,2024-03-13,Returned,Good,0.0,0,2024,2024-03
15,John Wells,On Mountain,Philosophy,Patricia Miller,2024-02-29,2024-03-14,2024-03-02,Returned,Good,0.0,0,2024,2024-02
782,Lisa Evans,Master Your Storm,Self-Help,Danielle Johnson,2024-02-28,2024-03-13,,Active,,394.5,790,2024,2024-02
97,Courtney Conner,Shadow and Meaning,Philosophy,Joshua Walker,2024-02-28,2024-03-13,2024-03-28,Returned,Good,7.5,15,2024,2024-02
1256,Andrew Smith,The Secret Secret,Mystery,Jill Rhodes,2024-02-26,2024-03-11,2024-03-09,Returned,Damaged,0.0,0,2024,2024-02
929,Matthew Miranda,The Life of Dawn Martinez,Biography,Robert Johnson,2024-02-26,2024-03-11,2024-03-22,Returned,Good,5.5,11,2024,2024-02
1425,Manuel Lee,Lost Ocean,History,Danielle Johnson,2024-02-25,2024-03-10,2024-03-23,Returned,Lost,6.5,13,2024,2024-02
968,Manuel Lee,Master Your Storm,Self-Help,Joshua Walker,2024-02-24,2024-03-09,2024-03-27,Returned,Good,9.0,18,2024,2024-02
1484,James West,On Light,Philosophy,Patricia Miller,2024-02-23,2024-03-08,2024-03-07,Returned,Good,0.0,0,2024,2024-02
994,Omar Padilla,On Light,Philosophy,Robert Johnson,2024-02-22,2024-03-07,2024-02-25,Returned,Good,0.0,0,2024,2024-02
1894,Sara Little,The Hidden Secret,Mystery,Danielle Johnson,2024-02-21,2024-03-06,2024-03-07,Returned,Good,0.5,1,2024,2024-02
1644,Jeremiah Peterson,A Story of Path,Fiction,Danielle Johnson,2024-02-21,2024-03-06,2024-02-29,Returned,Damaged,0.0,0,2024,2024-02
137,Susan Hall,In the Words of Amanda Sharp,Biography,Robert Johnson,2024-02-21,2024-03-06,2024-02-25,Returned,Damaged,0.0,0,2024,2024-02
1235,Craig Hall,The Art of Dream,Business,Joshua Walker,2024-02-20,2024-03-05,2024-02-26,Returned,Damaged,0.0,0,2024,2024-02
739,Kaitlyn Navarro,The Adventures of Mountain,Children,Patricia Miller,2024-02-20,2024-03-05,2024-03-17,Returned,Good,6.0,12,2024,2024-02
1521,Jennifer Rodriguez,Little Shadow,Children,Danielle Johnson,2024-02-18,2024-03-03,,Active,,399.5,800,2024,2024-02
423,Morgan Alexander,The Storm Handbook,Technology,Jill Rhodes,2024-02-17,2024-03-02,2024-03-21,Returned,Good,9.5,19,2024,2024-02
689,Jeffrey Morgan,Modern Storm,Technology,Joshua Walker,2024-02-16,2024-03-01,2024-02-24,Returned,Good,0.0,0,2024,2024-02
251,Morgan Alexander,Modern Shadow,Technology,Robert Johnson,2024-02-16,2024-03-01,2024-02-20,Returned,Good,0.0,0,2024,2024-02
191,Rachel Greene,The History of Storm,History,Joshua Walker,2024-02-15,2024-02-29,2024-02-18,Returned,Good,0.0,0,2024,2024-02
666,Edward Reyes,Star in Business,Business,Danielle Johnson,2024-02-12,2024-02-26,2024-02-17,Returned,Good,0.0,0,2024,2024-02
1832,Laura Hansen,The Art of Shadow,Business,Joshua Walker,2024-02-11,2024-02-25,2024-02-23,Returned,Good,0.0,0,2024,2024-02
1300,Manuel Lee,The Rise of Dream,History,Patricia Miller,2024-02-11,2024-02-25,2024-02-17,Returned,Good,0.0,0,2024,2024-02
840,Mario Mcdonald,The Storm Strategy,Business,Joshua Walker,2024-02-11,2024-02-25,,Active,,403.0,807,2024,2024-02
3,Melissa Rivas,Principles of Shadow,Science,Jill Rhodes,2024-02-10,2024-02-24,,Active,,403.5,808,2024,2024-02
801,Diana Mitchell,The Adventures of Mountain,Children,Danielle Johnson,2024-02-09,2024-02-23,2024-02-27,Returned,Damaged,2.0,4,2024,2024-02
1681,Steven Frye,Missing Shadow,Mystery,Patricia Miller,2024-02-07,2024-02-21,2024-02-21,Returned,Good,0.0,0,2024,2024-02
1541,David Howard,A Story of Mountain,Fiction,Patricia Miller,2024-02-07,2024-02-21,2024-02-10,Returned,Good,0.0,0,2024,2024-02
479,Jeffery Brock,In the Words of Angela Robinson,Biography,Robert Johnson,2024-02-07,2024-02-21,2024-02-15,Returned,Good,0.0,0,2024,2024-02
609,Kristin Walter,Star Every Day,Self-Help,Jill Rhodes,2024-02-06,2024-02-20,2024-03-09,Returned,Good,9.0,18,2024,2024-02
1085,Jennifer Rodriguez,The Science of Dream,Science,Danielle Johnson,2024-02-05,2024-02-19,,Active,,406.0,813,2024,2024-02
1007,Zachary Mccoy,Understanding Fire,Science,Jill Rhodes,2024-02-05,2024-02-19,2024-03-03,Returned,Good,6.5,13,2024,2024-02
1839,Erica Cruz,The Life of Eric Carlson,Biography,Robert Johnson,2024-02-04,2024-02-18,2024-03-06,Returned,Good,8.5,17,2024,2024-02
1802,Andrea Jones,The Power of Storm,Self-Help,Joshua Walker,2024-02-04,2024-02-18,2024-02-28,Returned,Good,5.0,10,2024,2024-02
1145,Randy Velasquez,Shadow: A Chronicle,History,Robert Johnson,2024-02-04,2024-02-18,2024-02-23,Returned,Good,2.5,5,2024,2024-02
1034,Danielle Dean,The Science of Star,Science,Patricia Miller,2024-02-04,2024-02-18,2024-02-15,Returned,Good,0.0,0,2024,2024-02
1400,Ann Rodriguez,My First Mountain,Children,Jill Rhodes,2024-02-03,2024-02-17,2024-02-10,Returned,Good,0.0,0,2024,2024-02
1302,Natasha Decker,Missing Shadow,Mystery,Patricia Miller,2024-02-03,2024-02-17,2024-02-10,Returned,Good,0.0,0,2024,2024-02
1363,Alexander King,Ocean: A Chronicle,History,Jill Rhodes,2024-02-02,2024-02-16,2024-02-05,Returned,Good,0.0,0,2024,2024-02
1527,Daniel Diaz,Broken River,Fiction,Jill Rhodes,2024-02-01,2024-02-15,2024-02-12,Returned,Good,0.0,0,2024,2024-02
919,Ryan Swanson,The Art of Light,Business,Robert Johnson,2024-02-01,2024-02-15,2024-02-19,Returned,Good,2.0,4,2024,2024-02
1922,Rachel Greene,In the Words of Erika Hayes,Biography,Robert Johnson,2024-01-31,2024-02-14,2024-02-26,Returned,Good,6.0,12,2024,2024-01
94,Nathan Richards,Murder at Millbrook,Mystery,Patricia Miller,2024-01-31,2024-02-14,2024-02-03,Returned,Good,0.0,0,2024,2024-01
1479,Sabrina Weaver,Little Storm,Children,Jill Rhodes,2024-01-30,2024-02-13,2024-02-21,Returned,Good,4.0,8,2024,2024-01
1944,Nicole James,Mastering Fire,Technology,Jill Rhodes,2024-01-29,2024-02-12,2024-02-14,Returned,Good,1.0,2,2024,2024-01
1731,Shannon Richardson,Thinking About Light,Philosophy,Patricia Miller,2024-01-29,2024-02-12,2024-03-01,Returned,Good,9.0,18,2024,2024-01
1428,Deborah Dawson,Little Storm,Children,Danielle Johnson,2024-01-29,2024-02-12,2024-02-23,Returned,Good,5.5,11,2024,2024-01
1253,Janet Williams,The Science of Storm,Science,Robert Johnson,2024-01-28,2024-02-11,2024-02-27,Returned,Good,8.0,16,2024,2024-01
1415,Michael Turner,Lost Star,History,Robert Johnson,2024-01-27,2024-02-10,2024-02-17,Returned,Good,3.5,7,2024,2024-01
608,Tracy Griffin,On Mountain,Philosophy,Danielle Johnson,2024-01-27,2024-02-10,2024-01-30,Returned,Good,0.0,0,2024,2024-01
121,Shannon Richardson,The Science of Shadow,Science,Patricia Miller,2024-01-26,2024-02-09,2024-01-30,Returned,Good,0.0,0,2024,2024-01
806,Christopher Jordan,The Science of Fire,Science,Joshua Walker,2024-01-25,2024-02-08,2024-02-25,Returned,Good,8.5,17,2024,2024-01
1776,Jennifer Garcia,Little Fire,Children,Robert Johnson,2024-01-24,2024-02-07,2024-02-04,Returned,Good,0.0,0,2024,2024-01
1905,Timothy Gibson,Missing Shadow,Mystery,Robert Johnson,2024-01-23,2024-02-06,2024-02-10,Returned,Good,2.0,4,2024,2024-01
1202,Dylan Becker,When Dream Falls,Fiction,Jill Rhodes,2024-01-22,2024-02-05,2024-02-10,Returned,Good,2.5,5,2024,2024-01
1062,James Stewart,Shadow Explained,Science,Joshua Walker,2024-01-18,2024-02-01,2024-02-01,Returned,Good,0.0,0,2024,2024-01
1752,Samuel Roberson,The Rise of Ocean,History,Joshua Walker,2024-01-16,2024-01-30,,Active,,416.0,833,2024,2024-01
1680,Sarah Gibson,The Life of Eric Carlson,Biography,Robert Johnson,2024-01-15,2024-01-29,,Active,,416.5,834,2024,2024-01
1941,Paula Dominguez,The Path Handbook,Technology,Robert Johnson,2024-01-14,2024-01-28,2024-02-09,Returned,Good,6.0,12,2024,2024-01
1570,Brittany Hood,River and Meaning,Philosophy,Robert Johnson,2024-01-13,2024-01-27,2024-02-14,Returned,Good,9.0,18,2024,2024-01
1240,Timothy Carroll,My First Ocean,Children,Patricia Miller,2024-01-12,2024-01-26,2024-02-14,Returned,Good,9.5,19,2024,2024-01
329,Jonathan Reyes,The Golden Secret,Mystery,Robert Johnson,2024-01-12,2024-01-26,,Active,,418.0,837,2024,2024-01
1987,Christopher Fry,The Life of Steven Hicks,Biography,Joshua Walker,2024-01-11,2024-01-25,2024-01-30,Returned,Good,2.5,5,2024,2024-01
1337,Jeremy Johnson,Leading with Ocean,Business,Patricia Miller,2024-01-10,2024-01-24,2024-01-11,Returned,Good,0.0,0,2024,2024-01
972,Brandon Flynn,Master Your River,Self-Help,Jill Rhodes,2024-01-10,2024-01-24,,Active,,419.0,839,2024,2024-01
803,Tyler Dixon,When River Falls,Fiction,Joshua Walker,2024-01-10,2024-01-24,2024-02-04,Returned,Good,5.5,11,2024,2024-01
601,Timothy Hinton,Modern Fire,Technology,Joshua Walker,2024-01-10,2024-01-24,2024-01-20,Returned,Good,0.0,0,2024,2024-01
958,Kathy Beard,Mastering Fire,Technology,Danielle Johnson,2024-01-09,2024-01-23,,Active,,419.5,840,2024,2024-01
1672,Charles Schultz,Becoming Ancient,Self-Help,Robert Johnson,2024-01-08,2024-01-22,2024-01-27,Returned,Good,2.5,5,2024,2024-01
260,Dana Cox,Path Every Day,Self-Help,Patricia Miller,2024-01-08,2024-01-22,,Active,,420.0,841,2024,2024-01
1520,John Davis,The Philosophy of Shadow,Philosophy,Robert Johnson,2024-01-07,2024-01-21,2024-02-09,Returned,Good,9.5,19,2024,2024-01
1178,Cody Simmons,The Fire Handbook,Technology,Danielle Johnson,2024-01-07,2024-01-21,2024-01-12,Returned,Good,0.0,0,2024,2024-01
1123,Paula Dominguez,Understanding Storm,Science,Patricia Miller,2024-01-07,2024-01-21,2024-01-13,Returned,Good,0.0,0,2024,2024-01
175,Wendy Sanders,Ocean: A Chronicle,History,Danielle Johnson,2024-01-06,2024-01-20,2024-02-06,Returned,Good,8.5,17,2024,2024-01
1073,Rebecca Martin,The Light Handbook,Technology,Joshua Walker,2024-01-03,2024-01-17,2024-01-17,Returned,Good,0.0,0,2024,2024-01
1602,Margaret Robertson,The Power of River,Self-Help,Robert Johnson,2024-01-02,2024-01-16,2024-01-11,Returned,Good,0.0,0,2024,2024-01
1122,Dylan Becker,The Life of Eric Carlson,Biography,Joshua Walker,2024-01-02,2024-01-16,2024-01-18,Returned,Good,1.0,2,2024,2024-01
400,Brandi Bender,A Story of Ocean,Fiction,Joshua Walker,2024-01-02,2024-01-16,2024-01-20,Returned,Good,2.0,4,2024,2024-01
1180,Nicole James,The Light Handbook,Technology,Jill Rhodes,2024-01-01,2024-01-15,2024-01-10,Returned,Good,0.0,0,2024,2024-01
518,Andrea Stephens,Light: A Chronicle,History,Patricia Miller,2024-01-01,2024-01-15,,Active,,423.5,848,2024,2024-01
238,Jennifer Garcia,Ocean Explained,Science,Robert Johnson,2023-12-30,2024-01-13,2024-01-12,Returned,Good,0.0,0,2023,2023-12
1514,Paige Alvarez,Becoming Lost,Self-Help,Joshua Walker,2023-12-29,2024-01-12,2024-01-27,Returned,Good,7.5,15,2023,2023-12
543,John Wise,The Science of Storm,Science,Jill Rhodes,2023-12-29,2024-01-12,2024-01-04,Returned,Good,0.0,0,2023,2023-12
1522,Christine Becker,The History of Mountain,History,Danielle Johnson,2023-12-28,2024-01-11,2024-01-17,Returned,Good,3.0,6,2023,2023-12
1142,Lori Davis,Modern Shadow,Technology,Patricia Miller,2023-12-27,2024-01-10,2024-01-23,Returned,Damaged,6.5,13,2023,2023-12
597,Deborah Parker,My First Mountain,Children,Robert Johnson,2023-12-27,2024-01-10,2024-01-04,Returned,Good,0.0,0,2023,2023-12
1909,Kevin Hardy,The Last Dream,Fiction,Robert Johnson,2023-12-26,2024-01-09,2024-01-21,Returned,Good,6.0,12,2023,2023-12
1266,Christopher Jordan,The Science of Shadow,Science,Danielle Johnson,2023-12-26,2024-01-09,,Active,,426.5,854,2023,2023-12
47,Danielle Dean,The Adventures of Storm,Children,Jill Rhodes,2023-12-26,2024-01-09,2024-01-13,Returned,Good,2.0,4,2023,2023-12
1740,Benjamin Wood,Little Storm,Children,Danielle Johnson,2023-12-25,2024-01-08,,Active,,427.0,855,2023,2023-12
1003,Christopher Jordan,The Rise of Dream,History,Jill Rhodes,2023-12-25,2024-01-08,2024-01-06,Returned,Good,0.0,0,2023,2023-12
36,Samuel Roberson,Ocean Goes to School,Children,Patricia Miller,2023-12-25,2024-01-08,2024-01-20,Returned,Good,6.0,12,2023,2023-12
4,Erica Dillon,Principles of Shadow,Science,Patricia Miller,2023-12-24,2024-01-07,,Active,,427.5,856,2023,2023-12
1072,Kevin Hardy,The Science of Fire,Science,Robert Johnson,2023-12-23,2024-01-06,2023-12-31,Returned,Good,0.0,0,2023,2023-12
1195,Kathy Beard,On Storm,Philosophy,Jill Rhodes,2023-12-22,2024-01-05,2024-01-19,Returned,Damaged,7.0,14,2023,2023-12
636,Barbara Ray,Murder at Stonehaven,Mystery,Patricia Miller,2023-12-21,2024-01-04,,Active,,429.0,859,2023,2023-12
914,Lisa Adams,Jeffery Hernandez: A Memoir,Biography,Jill Rhodes,2023-12-20,2024-01-03,2024-01-05,Returned,Good,1.0,2,2023,2023-12
1661,Barbara Ray,Master Your Storm,Self-Help,Joshua Walker,2023-12-19,2024-01-02,2023-12-23,Returned,Good,0.0,0,2023,2023-12
1228,Michelle Cochran,Lost Dream,History,Joshua Walker,2023-12-18,2024-01-01,2024-01-20,Returned,Good,9.5,19,2023,2023-12
211,Charlene Hahn,My First Shadow,Children,Jill Rhodes,2023-12-18,2024-01-01,2024-01-01,Returned,Good,0.0,0,2023,2023-12
1022,Susan Hall,Finding Leslie Sims,Biography,Joshua Walker,2023-12-17,2023-12-31,,Active,,431.0,863,2023,2023-12
872,Lawrence Floyd,The Golden Secret,Mystery,Robert Johnson,2023-12-16,2023-12-30,2024-01-04,Returned,Good,2.5,5,2023,2023-12
1892,Kathy Obrien,Star Every Day,Self-Help,Jill Rhodes,2023-12-15,2023-12-29,2024-01-08,Returned,Damaged,5.0,10,2023,2023-12
1064,Kevin Miller,A Story of River,Fiction,Danielle Johnson,2023-12-15,2023-12-29,2024-01-03,Returned,Good,2.5,5,2023,2023-12
148,Charlene Hahn,Principles of Mountain,Science,Jill Rhodes,2023-12-15,2023-12-29,2024-01-07,Returned,Good,4.5,9,2023,2023-12
418,Christopher Jordan,Stacy Mcbride: A Memoir,Biography,Robert Johnson,2023-12-14,2023-12-28,2024-01-16,Returned,Good,9.5,19,2023,2023-12
328,Kathy Obrien,My First Mountain,Children,Jill Rhodes,2023-12-14,2023-12-28,2023-12-30,Returned,Good,1.0,2,2023,2023-12
1804,Christine Becker,Star Every Day,Self-Help,Patricia Miller,2023-12-13,2023-12-27,2023-12-23,Returned,Good,0.0,0,2023,2023-12
1607,Erica Cruz,Lost Storm,History,Danielle Johnson,2023-12-13,2023-12-27,2023-12-23,Returned,Good,0.0,0,2023,2023-12
1579,Angela Gonzales,The Art of Shadow,Business,Danielle Johnson,2023-12-13,2023-12-27,2024-01-11,Returned,Good,7.5,15,2023,2023-12
924,James Stewart,The Adventures of Shadow,Children,Robert Johnson,2023-12-13,2023-12-27,,Active,,433.0,867,2023,2023-12
82,Ashley Krause,On Light,Philosophy,Jill Rhodes,2023-12-13,2023-12-27,2023-12-28,Returned,Good,0.5,1,2023,2023-12
55,Joshua White,The Art of Dream,Business,Robert Johnson,2023-12-13,2023-12-27,2023-12-25,Returned,Good,0.0,0,2023,2023-12
1373,Karen Evans,The Adventures of Mountain,Children,Joshua Walker,2023-12-10,2023-12-24,2023-12-21,Returned,Good,0.0,0,2023,2023-12
386,Andrew Willis,Master Your River,Self-Help,Jill Rhodes,2023-12-08,2023-12-22,2024-01-06,Returned,Good,7.5,15,2023,2023-12
1699,Lawrence Floyd,A Story of Ocean,Fiction,Robert Johnson,2023-12-06,2023-12-20,,Active,,436.5,874,2023,2023-12
375,Robert Silva,Fire in Business,Business,Jill Rhodes,2023-12-06,2023-12-20,2024-01-04,Returned,Good,7.5,15,2023,2023-12
84,Diana Mitchell,The Power of Mountain,Self-Help,Joshua Walker,2023-12-06,2023-12-20,2023-12-07,Returned,Good,0.0,0,2023,2023-12
66,Amy Lopez,The Power of River,Self-Help,Jill Rhodes,2023-12-06,2023-12-20,2023-12-14,Returned,Good,0.0,0,2023,2023-12
1768,Brian Miller,Little Fire,Children,Patricia Miller,2023-12-05,2023-12-19,2024-01-06,Returned,Good,9.0,18,2023,2023-12
71,John Terry,Thinking About Shadow,Philosophy,Joshua Walker,2023-12-05,2023-12-19,2023-12-26,Returned,Good,3.5,7,2023,2023-12
1885,Lawrence Floyd,Star Every Day,Self-Help,Robert Johnson,2023-12-03,2023-12-17,2024-01-04,Returned,Good,9.0,18,2023,2023-12
1858,Jesus Baker,Modern River,Technology,Patricia Miller,2023-12-03,2023-12-17,2023-12-08,Returned,Good,0.0,0,2023,2023-12
1473,Brenda Smith,Leading with Path,Business,Patricia Miller,2023-12-03,2023-12-17,2023-12-15,Returned,Good,0.0,0,2023,2023-12
1453,Courtney Conner,Storm Goes to School,Children,Danielle Johnson,2023-12-03,2023-12-17,2023-12-17,Returned,Good,0.0,0,2023,2023-12
1021,Jesus Baker,Master Your Storm,Self-Help,Patricia Miller,2023-12-02,2023-12-16,,Active,,438.5,878,2023,2023-12
1808,Deborah Dawson,The River Strategy,Business,Robert Johnson,2023-12-01,2023-12-15,2023-12-12,Returned,Good,0.0,0,2023,2023-12
1660,Courtney Conner,Stacy Mcbride: A Memoir,Biography,Joshua Walker,2023-12-01,2023-12-15,,Active,,439.0,879,2023,2023-12
680,Danielle White,Understanding Fire,Science,Danielle Johnson,2023-12-01,2023-12-15,2024-01-01,Returned,Good,8.5,17,2023,2023-12
546,Robert Hawkins,The History of Mountain,History,Jill Rhodes,2023-12-01,2023-12-15,,Active,,439.0,879,2023,2023-12
1213,John Scott,Ocean Explained,Science,Danielle Johnson,2023-11-30,2023-12-14,2023-12-28,Returned,Good,7.0,14,2023,2023-11
247,Kevin Miller,When Ocean Falls,Fiction,Danielle Johnson,2023-11-29,2023-12-13,2023-12-27,Returned,Good,7.0,14,2023,2023-11
623,Lawrence Floyd,Missing Shadow,Mystery,Danielle Johnson,2023-11-28,2023-12-12,2023-12-25,Returned,Good,6.5,13,2023,2023-11
571,Erica Dillon,Little Storm,Children,Jill Rhodes,2023-11-28,2023-12-12,2023-12-01,Returned,Good,0.0,0,2023,2023-11
1618,Kevin Hardy,The Secret Secret,Mystery,Danielle Johnson,2023-11-27,2023-12-11,2023-12-04,Returned,Good,0.0,0,2023,2023-11
1285,Lisa Adams,Leading with Light,Business,Joshua Walker,2023-11-27,2023-12-11,2023-11-30,Returned,Good,0.0,0,2023,2023-11
716,Jeremy Johnson,A Story of River,Fiction,Jill Rhodes,2023-11-27,2023-12-11,2023-12-25,Returned,Good,7.0,14,2023,2023-11
998,Tyler Dixon,The Philosophy of Path,Philosophy,Joshua Walker,2023-11-26,2023-12-10,2023-12-24,Returned,Good,7.0,14,2023,2023-11
219,Omar Padilla,The Storm Handbook,Technology,Danielle Johnson,2023-11-26,2023-12-10,,Active,,441.5,884,2023,2023-11
1990,Daniel James,Principles of Path,Science,Patricia Miller,2023-11-23,2023-12-07,2023-12-23,Returned,Good,8.0,16,2023,2023-11
1705,Sabrina Weaver,The Philosophy of Path,Philosophy,Patricia Miller,2023-11-23,2023-12-07,2023-12-23,Returned,Good,8.0,16,2023,2023-11
1218,Robert Barr,The Path Handbook,Technology,Jill Rhodes,2023-11-23,2023-12-07,2023-11-26,Returned,Good,0.0,0,2023,2023-11
570,Adam Macias,The Art of Dream,Business,Danielle Johnson,2023-11-23,2023-12-07,2023-12-08,Returned,Good,0.5,1,2023,2023-11
1546,Manuel Lee,The Star Strategy,Business,Robert Johnson,2023-11-22,2023-12-06,2023-12-04,Returned,Good,0.0,0,2023,2023-11
1231,Kiara Mullins,Principles of River,Science,Jill Rhodes,2023-11-18,2023-12-02,,Active,,445.5,892,2023,2023-11
759,Ashley Peterson,The Case of the Golden Light,Mystery,Danielle Johnson,2023-11-18,2023-12-02,2023-12-17,Returned,Good,7.5,15,2023,2023-11
216,Dale Sandoval,Lost Dream,History,Robert Johnson,2023-11-18,2023-12-02,2023-12-15,Returned,Damaged,6.5,13,2023,2023-11
1779,Tara Webster,The Path Handbook,Technology,Jill Rhodes,2023-11-17,2023-12-01,2023-12-04,Returned,Good,1.5,3,2023,2023-11
577,Cindy Jimenez,Shadow Explained,Science,Jill Rhodes,2023-11-17,2023-12-01,,Active,,446.0,893,2023,2023-11
358,Laura Hansen,The Power of Fire,Self-Help,Joshua Walker,2023-11-17,2023-12-01,2023-11-25,Returned,Good,0.0,0,2023,2023-11
296,Edward Reyes,Darren Huynh: A Memoir,Biography,Patricia Miller,2023-11-13,2023-11-27,,Active,,448.0,897,2023,2023-11
1304,Tara Johnson,Leading with River,Business,Jill Rhodes,2023-11-12,2023-11-26,2023-11-18,Returned,Good,0.0,0,2023,2023-11
758,Robert Barr,A Story of Fire,Fiction,Joshua Walker,2023-11-12,2023-11-26,2023-12-03,Returned,Lost,3.5,7,2023,2023-11
1291,Riley Morgan,Mountain in Practice,Technology,Jill Rhodes,2023-11-10,2023-11-24,2023-11-26,Returned,Damaged,1.0,2,2023,2023-11
918,Robert Barr,Missing Shadow,Mystery,Joshua Walker,2023-11-10,2023-11-24,2023-12-04,Returned,Good,5.0,10,2023,2023-11
1926,Charles Schultz,Becoming Lost,Self-Help,Patricia Miller,2023-11-08,2023-11-22,2023-12-07,Returned,Good,7.5,15,2023,2023-11
1610,Paula Dominguez,The Adventures of Mountain,Children,Jill Rhodes,2023-11-08,2023-11-22,2023-12-11,Returned,Damaged,9.5,19,2023,2023-11
527,Patrick Torres,The History of Dream,History,Danielle Johnson,2023-11-06,2023-11-20,,Active,,451.5,904,2023,2023-11
476,Regina Turner,The Rise of Star,History,Jill Rhodes,2023-11-06,2023-11-20,,Active,,451.5,904,2023,2023-11
204,Renee Jones,Shadow and Meaning,Philosophy,Jill Rhodes,2023-11-06,2023-11-20,2023-12-10,Returned,Good,10.0,20,2023,2023-11
1468,Andrea Stephens,The Storm Handbook,Technology,Joshua Walker,2023-11-05,2023-11-19,2023-12-08,Returned,Good,9.5,19,2023,2023-11
1937,Jennifer Wilson,Principles of Storm,Science,Jill Rhodes,2023-11-04,2023-11-18,,Active,,452.5,906,2023,2023-11
672,James West,Becoming Ancient,Self-Help,Robert Johnson,2023-11-04,2023-11-18,2023-11-11,Returned,Good,0.0,0,2023,2023-11
695,Edward Cuevas,Little Storm,Children,Joshua Walker,2023-11-03,2023-11-17,2023-11-21,Returned,Good,2.0,4,2023,2023-11
1966,Rebecca Martin,Understanding River,Science,Joshua Walker,2023-11-01,2023-11-15,2023-11-29,Returned,Good,7.0,14,2023,2023-11
1678,Brandi Bender,Jeffery Hernandez: A Memoir,Biography,Jill Rhodes,2023-10-30,2023-11-13,2023-11-08,Returned,Good,0.0,0,2023,2023-10
245,Joyce Malone,Murder at Westgate,Mystery,Danielle Johnson,2023-10-30,2023-11-13,2023-11-04,Returned,Good,0.0,0,2023,2023-10
1477,Jeremiah Peterson,The Science of Storm,Science,Joshua Walker,2023-10-29,2023-11-12,,Active,,455.5,912,2023,2023-10
528,Manuel Lee,Mountain Explained,Science,Patricia Miller,2023-10-28,2023-11-11,,Active,,456.0,913,2023,2023-10
147,John Terry,The Life of Rebecca Bailey,Biography,Patricia Miller,2023-10-25,2023-11-08,2023-10-31,Returned,Good,0.0,0,2023,2023-10
1773,Cody Simmons,The Light Handbook,Technology,Jill Rhodes,2023-10-24,2023-11-07,2023-11-19,Returned,Good,6.0,12,2023,2023-10
1591,Tara Webster,Missing Shadow,Mystery,Joshua Walker,2023-10-24,2023-11-07,2023-11-06,Returned,Good,0.0,0,2023,2023-10
656,Andrew Smith,Path in Practice,Technology,Danielle Johnson,2023-10-24,2023-11-07,2023-11-20,Returned,Good,6.5,13,2023,2023-10
1430,Lori Davis,Master Your Storm,Self-Help,Joshua Walker,2023-10-23,2023-11-06,2023-10-28,Returned,Damaged,0.0,0,2023,2023-10
453,Peter Gamble,The Ocean Handbook,Technology,Patricia Miller,2023-10-23,2023-11-06,2023-11-24,Returned,Good,9.0,18,2023,2023-10
1309,John Dawson,In the Words of Mark Garner,Biography,Joshua Walker,2023-10-22,2023-11-05,2023-11-22,Returned,Good,8.5,17,2023,2023-10
698,Timothy Hinton,The Rise of Light,History,Joshua Walker,2023-10-22,2023-11-05,2023-11-25,Returned,Good,10.0,20,2023,2023-10
1075,Alan Rodriguez,Fire: A Chronicle,History,Robert Johnson,2023-10-21,2023-11-04,,Active,,459.5,920,2023,2023-10
230,James Stewart,Murder at Millbrook,Mystery,Joshua Walker,2023-10-20,2023-11-03,2023-11-08,Returned,Good,2.5,5,2023,2023-10
446,Amanda Oconnell,A Story of Dream,Fiction,Jill Rhodes,2023-10-19,2023-11-02,2023-10-22,Returned,Good,0.0,0,2023,2023-10
964,Omar Padilla,In the Words of Daniel Howell,Biography,Joshua Walker,2023-10-18,2023-11-01,2023-11-16,Returned,Good,7.5,15,2023,2023-10
828,Jennifer Garcia,Broken Storm,Fiction,Robert Johnson,2023-10-18,2023-11-01,2023-10-26,Returned,Good,0.0,0,2023,2023-10
1843,Jeremy Johnson,Ocean Explained,Science,Joshua Walker,2023-10-17,2023-10-31,,Active,,461.5,924,2023,2023-10
1471,Tina King,Little Storm,Children,Danielle Johnson,2023-10-16,2023-10-30,,Active,,462.0,925,2023,2023-10
1203,Randy Velasquez,The Power of River,Self-Help,Jill Rhodes,2023-10-16,2023-10-30,2023-11-18,Returned,Good,9.5,19,2023,2023-10
1069,Brian Hayes,Evan Myers: A Memoir,Biography,Jill Rhodes,2023-10-15,2023-10-29,2023-11-09,Returned,Good,5.5,11,2023,2023-10
639,John Davis,The Hidden Secret,Mystery,Robert Johnson,2023-10-14,2023-10-28,,Active,,463.0,927,2023,2023-10
384,Michelle Wells,Leading with Storm,Business,Patricia Miller,2023-10-13,2023-10-27,2023-11-15,Returned,Damaged,9.5,19,2023,2023-10
1735,James West,The Science of Dream,Science,Joshua Walker,2023-10-11,2023-10-25,2023-10-21,Returned,Good,0.0,0,2023,2023-10
1686,Sara Little,River in Business,Business,Patricia Miller,2023-10-11,2023-10-25,2023-10-20,Returned,Good,0.0,0,2023,2023-10
866,Nathan Richards,Principles of Dream,Science,Joshua Walker,2023-10-10,2023-10-24,,Active,,465.0,931,2023,2023-10
403,Matthew Miranda,The Power of Storm,Self-Help,Jill Rhodes,2023-10-10,2023-10-24,,Active,,465.0,931,2023,2023-10
160,Brandon Kim,The Light Strategy,Business,Danielle Johnson,2023-10-09,2023-10-23,2023-10-15,Returned,Good,0.0,0,2023,2023-10
128,Timothy Carroll,Becoming Lost,Self-Help,Jill Rhodes,2023-10-08,2023-10-22,2023-10-29,Returned,Good,3.5,7,2023,2023-10
990,Kevin Miller,My First Shadow,Children,Danielle Johnson,2023-10-07,2023-10-21,2023-10-27,Returned,Good,3.0,6,2023,2023-10
441,Kristin Walter,When Ocean Falls,Fiction,Patricia Miller,2023-10-07,2023-10-21,,Active,,466.5,934,2023,2023-10
545,Whitney Green,When Ocean Falls,Fiction,Jill Rhodes,2023-10-05,2023-10-19,2023-11-04,Returned,Good,8.0,16,2023,2023-10
1689,Catherine Morris,Murder at Stonehaven,Mystery,Danielle Johnson,2023-10-04,2023-10-18,,Active,,468.0,937,2023,2023-10
822,Thomas Carlson,Leading with Star,Business,Joshua Walker,2023-10-04,2023-10-18,,Active,,468.0,937,2023,2023-10
713,Brandi Bender,Storm in Practice,Technology,Danielle Johnson,2023-10-04,2023-10-18,,Active,,468.0,937,2023,2023-10
288,Melanie Young,The Adventures of Star,Children,Joshua Walker,2023-10-04,2023-10-18,2023-10-05,Returned,Good,0.0,0,2023,2023-10
269,Joshua White,Finding Karla Willis,Biography,Robert Johnson,2023-10-02,2023-10-16,2023-10-24,Returned,Good,4.0,8,2023,2023-10
167,Thomas Carlson,Shadow Explained,Science,Patricia Miller,2023-10-02,2023-10-16,,Active,,469.0,939,2023,2023-10
1897,Michelle Rivera,On Mountain,Philosophy,Patricia Miller,2023-10-01,2023-10-15,2023-10-06,Returned,Good,0.0,0,2023,2023-10
1616,Tyler Dixon,The Case of the Broken River,Mystery,Danielle Johnson,2023-09-30,2023-10-14,2023-10-28,Returned,Good,7.0,14,2023,2023-09
1384,Brian Hayes,River in Business,Business,Jill Rhodes,2023-09-30,2023-10-14,2023-10-31,Returned,Good,8.5,17,2023,2023-09
772,Christopher Walker,Understanding Path,Science,Patricia Miller,2023-09-30,2023-10-14,2023-10-13,Returned,Good,0.0,0,2023,2023-09
823,Mario Mcdonald,The Life of Allison Simmons,Biography,Danielle Johnson,2023-09-29,2023-10-13,2023-10-12,Returned,Good,0.0,0,2023,2023-09
661,Sara Little,Finding Leslie Sims,Biography,Jill Rhodes,2023-09-29,2023-10-13,2023-10-06,Returned,Good,0.0,0,2023,2023-09
1826,Andrea Jones,Broken Storm,Fiction,Jill Rhodes,2023-09-27,2023-10-11,2023-10-26,Returned,Good,7.5,15,2023,2023-09
727,Christopher Fry,The Shadow Handbook,Technology,Joshua Walker,2023-09-27,2023-10-11,2023-10-28,Returned,Good,8.5,17,2023,2023-09
761,Kathy Beard,The Science of Star,Science,Danielle Johnson,2023-09-25,2023-10-09,2023-10-23,Returned,Good,7.0,14,2023,2023-09
1480,Shannon Richardson,When River Falls,Fiction,Patricia Miller,2023-09-23,2023-10-07,2023-10-19,Returned,Good,6.0,12,2023,2023-09
1638,Dana Cox,A Story of Ocean,Fiction,Danielle Johnson,2023-09-21,2023-10-05,,Active,,474.5,950,2023,2023-09
1446,Tara Johnson,Little Star,Children,Jill Rhodes,2023-09-21,2023-10-05,,Active,,474.5,950,2023,2023-09
1220,Michael Rodriguez,Master Your River,Self-Help,Danielle Johnson,2023-09-21,2023-10-05,2023-10-12,Returned,Good,3.5,7,2023,2023-09
1958,Steven Lara,Understanding Fire,Science,Robert Johnson,2023-09-20,2023-10-04,2023-10-16,Returned,Good,6.0,12,2023,2023-09
701,Margaret Robertson,The Mountain Handbook,Technology,Joshua Walker,2023-09-19,2023-10-03,2023-10-14,Returned,Good,5.5,11,2023,2023-09
879,Angela Gonzales,Thinking About Shadow,Philosophy,Joshua Walker,2023-09-18,2023-10-02,2023-09-24,Returned,Damaged,0.0,0,2023,2023-09
715,Mario Mcdonald,The Science of Dream,Science,Joshua Walker,2023-09-18,2023-10-02,,Active,,476.0,953,2023,2023-09
140,Kayla Griffin,Darren Huynh: A Memoir,Biography,Danielle Johnson,2023-09-17,2023-10-01,2023-10-08,Returned,Good,3.5,7,2023,2023-09
1090,Michelle Cochran,On Mountain,Philosophy,Danielle Johnson,2023-09-16,2023-09-30,2023-10-08,Returned,Good,4.0,8,2023,2023-09
632,Sean Montes,The Science of Fire,Science,Joshua Walker,2023-09-16,2023-09-30,2023-10-15,Returned,Good,7.5,15,2023,2023-09
1855,Brandi Bender,Lost Shadow,History,Jill Rhodes,2023-09-14,2023-09-28,,Active,,478.0,957,2023,2023-09
1640,Kathryn Weaver,Thinking About Storm,Philosophy,Danielle Johnson,2023-09-13,2023-09-27,2023-10-06,Returned,Damaged,4.5,9,2023,2023-09
773,Danielle Dean,Principles of River,Science,Joshua Walker,2023-09-13,2023-09-27,2023-10-12,Returned,Damaged,7.5,15,2023,2023-09
437,Melanie Young,A Story of Mountain,Fiction,Joshua Walker,2023-09-13,2023-09-27,2023-09-20,Returned,Good,0.0,0,2023,2023-09
708,Ryan Clark,The Life of Cynthia Gregory,Biography,Jill Rhodes,2023-09-12,2023-09-26,2023-09-30,Returned,Good,2.0,4,2023,2023-09
550,Kathy Beard,Fire and Meaning,Philosophy,Patricia Miller,2023-09-12,2023-09-26,2023-09-21,Returned,Good,0.0,0,2023,2023-09
222,Margaret Robertson,Star Every Day,Self-Help,Patricia Miller,2023-09-12,2023-09-26,2023-10-02,Returned,Good,3.0,6,2023,2023-09
1299,Brian Hayes,Understanding Dream,Science,Danielle Johnson,2023-09-11,2023-09-25,2023-09-24,Returned,Good,0.0,0,2023,2023-09
1137,Cindy Jimenez,The Fire Handbook,Technology,Jill Rhodes,2023-09-11,2023-09-25,2023-09-23,Returned,Good,0.0,0,2023,2023-09
922,Corey Martin,Storm in Practice,Technology,Jill Rhodes,2023-09-10,2023-09-24,2023-09-23,Returned,Good,0.0,0,2023,2023-09
591,Kristen Strickland,Principles of Path,Science,Joshua Walker,2023-09-10,2023-09-24,2023-10-02,Returned,Good,4.0,8,2023,2023-09
282,Brandi Bender,The Case of the Silent Fire,Mystery,Patricia Miller,2023-09-10,2023-09-24,2023-09-25,Returned,Good,0.5,1,2023,2023-09
1151,Ryan Clark,Little River,Children,Joshua Walker,2023-09-09,2023-09-23,2023-09-10,Returned,Good,0.0,0,2023,2023-09
1139,Whitney Green,River Goes to School,Children,Joshua Walker,2023-09-09,2023-09-23,2023-09-29,Returned,Good,3.0,6,2023,2023-09
857,Brian Simmons,Scott Norman: A Memoir,Biography,Joshua Walker,2023-09-08,2023-09-22,2023-10-12,Returned,Damaged,10.0,20,2023,2023-09
1977,Erica Dillon,Understanding River,Science,Jill Rhodes,2023-09-07,2023-09-21,,Active,,481.5,964,2023,2023-09
717,Joyce Malone,My First Mountain,Children,Robert Johnson,2023-09-06,2023-09-20,2023-09-08,Returned,Good,0.0,0,2023,2023-09
254,Brian Cooper,A Story of Ocean,Fiction,Jill Rhodes,2023-09-06,2023-09-20,2023-09-26,Returned,Damaged,3.0,6,2023,2023-09
217,Jeffery Brock,On Shadow,Philosophy,Robert Johnson,2023-09-06,2023-09-20,2023-09-27,Returned,Good,3.5,7,2023,2023-09
85,Lawrence Floyd,A Story of Ocean,Fiction,Patricia Miller,2023-09-06,2023-09-20,2023-10-04,Returned,Good,7.0,14,2023,2023-09
472,Michael Turner,My First Shadow,Children,Robert Johnson,2023-09-03,2023-09-17,,Active,,483.5,968,2023,2023-09
1791,Whitney Green,Leading with River,Business,Danielle Johnson,2023-09-02,2023-09-16,2023-09-10,Returned,Good,0.0,0,2023,2023-09
1396,Natasha Decker,Ocean Explained,Science,Jill Rhodes,2023-09-02,2023-09-16,2023-09-10,Returned,Good,0.0,0,2023,2023-09
1052,Manuel Lee,The Philosophy of Ocean,Philosophy,Joshua Walker,2023-09-01,2023-09-15,2023-09-17,Returned,Good,1.0,2,2023,2023-09
826,Dale Sandoval,When River Falls,Fiction,Joshua Walker,2023-08-31,2023-09-14,,Active,,485.0,971,2023,2023-08
1592,Dylan Jackson,Ocean and Meaning,Philosophy,Robert Johnson,2023-08-30,2023-09-13,2023-09-11,Returned,Good,0.0,0,2023,2023-08
587,Jeffery Brock,The Storm Handbook,Technology,Robert Johnson,2023-08-29,2023-09-12,2023-09-18,Returned,Good,3.0,6,2023,2023-08
1483,Danielle White,Lost Star,History,Jill Rhodes,2023-08-27,2023-09-10,,Active,,487.0,975,2023,2023-08
973,Hannah Bowers,When Mountain Falls,Fiction,Joshua Walker,2023-08-27,2023-09-10,2023-09-23,Returned,Good,6.5,13,2023,2023-08
293,Paula Dominguez,Murder at Stonehaven,Mystery,Jill Rhodes,2023-08-27,2023-09-10,2023-09-01,Returned,Good,0.0,0,2023,2023-08
1919,Gary Richardson,My First Mountain,Children,Robert Johnson,2023-08-26,2023-09-09,2023-09-28,Returned,Good,9.5,19,2023,2023-08
1232,Kristen Strickland,Missing Ocean,Mystery,Patricia Miller,2023-08-26,2023-09-09,2023-09-06,Returned,Good,0.0,0,2023,2023-08
1896,Paul Scott,The Rise of Shadow,History,Joshua Walker,2023-08-24,2023-09-07,2023-09-21,Returned,Good,7.0,14,2023,2023-08
735,Benjamin Wood,Modern Storm,Technology,Robert Johnson,2023-08-21,2023-09-04,2023-08-26,Returned,Good,0.0,0,2023,2023-08
367,Nathan Richards,When Dream Falls,Fiction,Danielle Johnson,2023-08-21,2023-09-04,2023-08-23,Returned,Good,0.0,0,2023,2023-08
1949,Danielle Dean,The Art of Dream,Business,Joshua Walker,2023-08-20,2023-09-03,,Active,,490.5,982,2023,2023-08
838,Timothy Carroll,The Rise of Light,History,Patricia Miller,2023-08-20,2023-09-03,,Active,,490.5,982,2023,2023-08
1010,Jeremy Johnson,Alejandro Campbell: A Memoir,Biography,Danielle Johnson,2023-08-19,2023-09-02,2023-09-14,Returned,Good,6.0,12,2023,2023-08
820,Erica Dillon,Principles of Star,Science,Danielle Johnson,2023-08-19,2023-09-02,2023-08-25,Returned,Good,0.0,0,2023,2023-08
1974,Margaret Turner,Little Shadow,Children,Robert Johnson,2023-08-18,2023-09-01,2023-09-17,Returned,Good,8.0,16,2023,2023-08
90,John Wells,The Case of the Broken River,Mystery,Joshua Walker,2023-08-17,2023-08-31,2023-09-16,Returned,Good,8.0,16,2023,2023-08
1859,Lisa Adams,Understanding Ocean,Science,Jill Rhodes,2023-08-15,2023-08-29,2023-08-30,Returned,Good,0.5,1,2023,2023-08
1258,Joshua Evans,Finding Leslie Sims,Biography,Danielle Johnson,2023-08-13,2023-08-27,2023-09-11,Returned,Good,7.5,15,2023,2023-08
1111,Cynthia Faulkner,Leading with Storm,Business,Robert Johnson,2023-08-13,2023-08-27,2023-08-20,Returned,Good,0.0,0,2023,2023-08
731,Mario Mcdonald,Light: A Chronicle,History,Danielle Johnson,2023-08-13,2023-08-27,2023-09-12,Returned,Good,8.0,16,2023,2023-08
561,Jennifer Wilson,Light Explained,Science,Joshua Walker,2023-08-13,2023-08-27,2023-09-13,Returned,Good,8.5,17,2023,2023-08
1907,Peter Gamble,Light in Practice,Technology,Danielle Johnson,2023-08-12,2023-08-26,2023-09-13,Returned,Good,9.0,18,2023,2023-08
961,Johnathan Gilbert,The History of Path,History,Robert Johnson,2023-08-11,2023-08-25,2023-08-18,Returned,Good,0.0,0,2023,2023-08
1801,Angela Gonzales,The History of Light,History,Danielle Johnson,2023-08-10,2023-08-24,2023-09-03,Returned,Good,5.0,10,2023,2023-08
184,Stephen Madden,The Ocean Strategy,Business,Jill Rhodes,2023-08-09,2023-08-23,2023-09-06,Returned,Good,7.0,14,2023,2023-08
1653,Daniel Diaz,On Path,Philosophy,Patricia Miller,2023-08-07,2023-08-21,2023-08-26,Returned,Good,2.5,5,2023,2023-08
1080,Margaret Robertson,The Rise of Dream,History,Danielle Johnson,2023-08-07,2023-08-21,2023-08-08,Returned,Damaged,0.0,0,2023,2023-08
89,Jeremiah Peterson,Mountain Every Day,Self-Help,Jill Rhodes,2023-08-07,2023-08-21,2023-08-25,Returned,Good,2.0,4,2023,2023-08
1875,Brian Miller,The History of Mountain,History,Jill Rhodes,2023-08-06,2023-08-20,2023-08-21,Returned,Good,0.5,1,2023,2023-08
131,Luis Acosta,Scott Norman: A Memoir,Biography,Danielle Johnson,2023-08-06,2023-08-20,2023-09-09,Returned,Good,10.0,20,2023,2023-08
1076,Amy Lopez,Dream Explained,Science,Patricia Miller,2023-08-04,2023-08-18,2023-09-07,Returned,Good,10.0,20,2023,2023-08
778,Brandi Bender,A Story of Dream,Fiction,Patricia Miller,2023-08-04,2023-08-18,2023-09-04,Returned,Good,8.5,17,2023,2023-08
1757,April Mcintyre,The Life of Roberto Roberts,Biography,Robert Johnson,2023-08-02,2023-08-16,2023-08-27,Returned,Good,5.5,11,2023,2023-08
1634,Corey Martin,Principles of Shadow,Science,Joshua Walker,2023-08-02,2023-08-16,2023-08-31,Returned,Good,7.5,15,2023,2023-08
1272,Michelle Rivera,My First Ocean,Children,Patricia Miller,2023-08-02,2023-08-16,2023-08-08,Returned,Damaged,0.0,0,2023,2023-08
244,Brandi Bender,The Hidden Secret,Mystery,Joshua Walker,2023-08-02,2023-08-16,2023-08-11,Returned,Good,0.0,0,2023,2023-08
1744,Ann Shea,The Shadow Handbook,Technology,Robert Johnson,2023-08-01,2023-08-15,2023-08-25,Returned,Good,5.0,10,2023,2023-08
494,Johnathan Gilbert,The Science of Storm,Science,Jill Rhodes,2023-08-01,2023-08-15,2023-08-28,Returned,Good,6.5,13,2023,2023-08
637,Alan Rodriguez,Understanding Shadow,Science,Robert Johnson,2023-07-31,2023-08-14,2023-08-05,Returned,Good,0.0,0,2023,2023-07
1703,Barbara Ray,Murder at Millbrook,Mystery,Robert Johnson,2023-07-28,2023-08-11,,Active,,502.0,1005,2023,2023-07
1488,Cynthia Benjamin,Little Storm,Children,Joshua Walker,2023-07-28,2023-08-11,,Active,,502.0,1005,2023,2023-07
165,Tommy Lee,Thinking About Ocean,Philosophy,Robert Johnson,2023-07-28,2023-08-11,2023-08-19,Returned,Damaged,4.0,8,2023,2023-07
60,Andrew Willis,Jeffery Hernandez: A Memoir,Biography,Patricia Miller,2023-07-27,2023-08-10,2023-08-05,Returned,Lost,0.0,0,2023,2023-07
742,Stephen Madden,Master Your Ocean,Self-Help,Patricia Miller,2023-07-26,2023-08-09,,Active,,503.0,1007,2023,2023-07
1861,Jose Williams,Modern Mountain,Technology,Patricia Miller,2023-07-25,2023-08-08,2023-08-22,Returned,Good,7.0,14,2023,2023-07
1556,Jeremiah Peterson,Modern Ocean,Technology,Joshua Walker,2023-07-25,2023-08-08,2023-08-20,Returned,Good,6.0,12,2023,2023-07
1991,Kevin Miller,Storm Goes to School,Children,Robert Johnson,2023-07-24,2023-08-07,2023-08-16,Returned,Good,4.5,9,2023,2023-07
1460,Michael Rodriguez,The Life of Rebecca Bailey,Biography,Robert Johnson,2023-07-23,2023-08-06,2023-08-05,Returned,Good,0.0,0,2023,2023-07
651,Ashley Krause,The Mountain Handbook,Technology,Danielle Johnson,2023-07-23,2023-08-06,2023-08-24,Returned,Good,9.0,18,2023,2023-07
480,Brian Hayes,The Adventures of Storm,Children,Joshua Walker,2023-07-23,2023-08-06,,Active,,504.5,1010,2023,2023-07
1163,Alexander King,Thinking About Shadow,Philosophy,Patricia Miller,2023-07-22,2023-08-05,2023-08-02,Returned,Good,0.0,0,2023,2023-07
360,Lisa Adams,Murder at Clearwater,Mystery,Patricia Miller,2023-07-22,2023-08-05,2023-08-15,Returned,Good,5.0,10,2023,2023-07
1562,Travis Brown,My First Dream,Children,Joshua Walker,2023-07-20,2023-08-03,2023-08-15,Returned,Good,6.0,12,2023,2023-07
1126,Michelle Wells,Master Your Shadow,Self-Help,Patricia Miller,2023-07-20,2023-08-03,2023-07-23,Returned,Good,0.0,0,2023,2023-07
1405,Jennifer Brock,Mountain: A Chronicle,History,Patricia Miller,2023-07-17,2023-07-31,2023-07-29,Returned,Good,0.0,0,2023,2023-07
1321,Courtney Conner,The Last Ocean,Fiction,Joshua Walker,2023-07-17,2023-07-31,2023-08-14,Returned,Good,7.0,14,2023,2023-07
1083,Whitney Green,Lost Mountain,History,Jill Rhodes,2023-07-17,2023-07-31,2023-08-09,Returned,Good,4.5,9,2023,2023-07
1788,Frank Perez,My First Ocean,Children,Danielle Johnson,2023-07-16,2023-07-30,,Active,,508.0,1017,2023,2023-07
1485,Frank Perez,Murder at Clearwater,Mystery,Patricia Miller,2023-07-16,2023-07-30,2023-08-01,Returned,Good,1.0,2,2023,2023-07
1972,Nicole Moore,Mastering Fire,Technology,Robert Johnson,2023-07-15,2023-07-29,2023-08-18,Returned,Lost,10.0,20,2023,2023-07
1124,Peter Gamble,Little River,Children,Danielle Johnson,2023-07-15,2023-07-29,,Active,,508.5,1018,2023,2023-07
458,Brenda Smith,The Science of Storm,Science,Jill Rhodes,2023-07-14,2023-07-28,2023-08-17,Returned,Good,10.0,20,2023,2023-07
433,Travis Watts,Shadow: A Chronicle,History,Robert Johnson,2023-07-14,2023-07-28,2023-08-09,Returned,Good,6.0,12,2023,2023-07
1105,Jose Williams,The Broken Secret,Mystery,Patricia Miller,2023-07-13,2023-07-27,2023-07-17,Returned,Good,0.0,0,2023,2023-07
1567,Tara Webster,Mountain in Practice,Technology,Jill Rhodes,2023-07-12,2023-07-26,,Active,,510.0,1021,2023,2023-07
80,Alexander King,The Dark Secret,Mystery,Robert Johnson,2023-07-12,2023-07-26,2023-07-21,Returned,Damaged,0.0,0,2023,2023-07
404,Johnathan Gilbert,Finding Autumn Gallagher,Biography,Jill Rhodes,2023-07-10,2023-07-24,2023-08-03,Returned,Good,5.0,10,2023,2023-07
1190,Julie Hernandez,A Story of Ocean,Fiction,Joshua Walker,2023-07-09,2023-07-23,2023-07-16,Returned,Good,0.0,0,2023,2023-07
1208,Jeffrey Morgan,A Story of River,Fiction,Danielle Johnson,2023-07-08,2023-07-22,2023-08-02,Returned,Good,5.5,11,2023,2023-07
1147,Catherine Morris,Finding Jennifer Marshall,Biography,Danielle Johnson,2023-07-08,2023-07-22,,Active,,512.0,1025,2023,2023-07
1018,James Stewart,Modern Shadow,Technology,Patricia Miller,2023-07-07,2023-07-21,2023-07-19,Returned,Good,0.0,0,2023,2023-07
1900,Melissa Rivas,The River Handbook,Technology,Danielle Johnson,2023-07-06,2023-07-20,,Active,,513.0,1027,2023,2023-07
265,Brittany Hood,Lost River,History,Robert Johnson,2023-07-06,2023-07-20,2023-07-30,Returned,Good,5.0,10,2023,2023-07
1041,Erica Dillon,River Goes to School,Children,Jill Rhodes,2023-07-03,2023-07-17,,Active,,514.5,1030,2023,2023-07
463,Shannon Richardson,The Science of Shadow,Science,Patricia Miller,2023-07-03,2023-07-17,,Active,,514.5,1030,2023,2023-07
1798,Margaret Turner,Murder at Riverdale,Mystery,Joshua Walker,2023-07-02,2023-07-16,2023-07-20,Returned,Damaged,2.0,4,2023,2023-07
1408,Brian Simmons,The Shadow Handbook,Technology,Jill Rhodes,2023-07-01,2023-07-15,2023-07-22,Returned,Good,3.5,7,2023,2023-07
1931,Riley Morgan,The Last Dream,Fiction,Danielle Johnson,2023-06-28,2023-07-12,2023-07-03,Returned,Good,0.0,0,2023,2023-06
962,Joseph Young,Broken River,Fiction,Jill Rhodes,2023-06-28,2023-07-12,,Active,,517.0,1035,2023,2023-06
456,Kimberly Bryant,The Philosophy of River,Philosophy,Jill Rhodes,2023-06-28,2023-07-12,2023-07-24,Returned,Good,6.0,12,2023,2023-06
1589,Tara Webster,Darren Huynh: A Memoir,Biography,Joshua Walker,2023-06-27,2023-07-11,,Active,,517.5,1036,2023,2023-06
1356,Deborah Parker,Dream in Business,Business,Patricia Miller,2023-06-26,2023-07-10,2023-07-19,Returned,Good,4.5,9,2023,2023-06
936,Cynthia Benjamin,Little River,Children,Robert Johnson,2023-06-25,2023-07-09,2023-07-22,Returned,Damaged,6.5,13,2023,2023-06
1601,Cynthia Benjamin,Modern River,Technology,Jill Rhodes,2023-06-24,2023-07-08,2023-07-18,Returned,Damaged,5.0,10,2023,2023-06
907,Christopher Jordan,A Story of Dream,Fiction,Danielle Johnson,2023-06-24,2023-07-08,,Active,,519.0,1039,2023,2023-06
1545,Alan Rodriguez,Becoming Ancient,Self-Help,Robert Johnson,2023-06-23,2023-07-07,2023-07-01,Returned,Good,0.0,0,2023,2023-06
1027,Daniel James,The Adventures of Mountain,Children,Patricia Miller,2023-06-23,2023-07-07,2023-06-24,Returned,Lost,0.0,0,2023,2023-06
1212,Michael Rodriguez,Dream Explained,Science,Jill Rhodes,2023-06-22,2023-07-06,,Active,,520.0,1041,2023,2023-06
283,Cynthia Benjamin,Star Explained,Science,Patricia Miller,2023-06-22,2023-07-06,2023-07-20,Returned,Good,7.0,14,2023,2023-06
687,Joshua Evans,The Case of the Dark River,Mystery,Joshua Walker,2023-06-21,2023-07-05,2023-07-13,Returned,Good,4.0,8,2023,2023-06
503,Nicole Moore,Thinking About Storm,Philosophy,Jill Rhodes,2023-06-21,2023-07-05,2023-07-20,Returned,Damaged,7.5,15,2023,2023-06
786,Melanie Young,Thinking About Storm,Philosophy,Joshua Walker,2023-06-20,2023-07-04,2023-06-30,Returned,Good,0.0,0,2023,2023-06
709,Alexander Benson,When Star Falls,Fiction,Robert Johnson,2023-06-19,2023-07-03,2023-07-09,Returned,Good,3.0,6,2023,2023-06
1617,Joseph Young,The Philosophy of Shadow,Philosophy,Joshua Walker,2023-06-18,2023-07-02,2023-07-03,Returned,Good,0.5,1,2023,2023-06
1243,Ashley Peterson,When Star Falls,Fiction,Robert Johnson,2023-06-18,2023-07-02,2023-07-10,Returned,Good,4.0,8,2023,2023-06
374,Mario Mcdonald,When Fire Falls,Fiction,Patricia Miller,2023-06-18,2023-07-02,2023-07-02,Returned,Good,0.0,0,2023,2023-06
1435,Catherine Hamilton,My First Dream,Children,Patricia Miller,2023-06-17,2023-07-01,,Active,,522.5,1046,2023,2023-06
1089,Brian Baker,Mountain: A Chronicle,History,Danielle Johnson,2023-06-16,2023-06-30,,Active,,523.0,1047,2023,2023-06
399,Brittany Hood,On Path,Philosophy,Danielle Johnson,2023-06-16,2023-06-30,2023-06-20,Returned,Good,0.0,0,2023,2023-06
1392,Brian Miller,Stacy Mcbride: A Memoir,Biography,Robert Johnson,2023-06-13,2023-06-27,2023-07-13,Returned,Good,8.0,16,2023,2023-06
295,Robert Barr,Finding John Lucero,Biography,Jill Rhodes,2023-06-12,2023-06-26,2023-06-17,Returned,Good,0.0,0,2023,2023-06
1673,Randy Brooks,The Science of Shadow,Science,Patricia Miller,2023-06-11,2023-06-25,,Active,,525.5,1052,2023,2023-06
624,Jonathan Reyes,Missing Mountain,Mystery,Patricia Miller,2023-06-11,2023-06-25,2023-06-18,Returned,Good,0.0,0,2023,2023-06
1004,Dale Sandoval,Principles of Star,Science,Patricia Miller,2023-06-09,2023-06-23,2023-07-08,Returned,Good,7.5,15,2023,2023-06
674,Stacy Holloway,On Ocean,Philosophy,Robert Johnson,2023-06-09,2023-06-23,2023-07-10,Returned,Good,8.5,17,2023,2023-06
625,Cynthia Faulkner,Missing Mountain,Mystery,Joshua Walker,2023-06-08,2023-06-22,2023-06-18,Returned,Good,0.0,0,2023,2023-06
485,Kyle Sanders,The Last Fire,Fiction,Patricia Miller,2023-06-08,2023-06-22,2023-06-24,Returned,Good,1.0,2,2023,2023-06
783,Riley Morgan,Leading with Storm,Business,Patricia Miller,2023-06-07,2023-06-21,2023-06-30,Returned,Good,4.5,9,2023,2023-06
286,Lisa Adams,A Story of Mountain,Fiction,Danielle Johnson,2023-06-07,2023-06-21,2023-07-03,Returned,Good,6.0,12,2023,2023-06
212,Danielle White,The Adventures of Star,Children,Jill Rhodes,2023-06-06,2023-06-20,2023-06-26,Returned,Good,3.0,6,2023,2023-06
478,Samuel Roberson,Storm: A Chronicle,History,Patricia Miller,2023-06-05,2023-06-19,,Active,,528.5,1058,2023,2023-06
1338,Kristen Leon,The Golden Secret,Mystery,Jill Rhodes,2023-06-04,2023-06-18,2023-06-05,Returned,Good,0.0,0,2023,2023-06
1119,Paul Scott,The Science of Storm,Science,Patricia Miller,2023-06-04,2023-06-18,2023-06-05,Returned,Good,0.0,0,2023,2023-06
26,Amy Lopez,Path Every Day,Self-Help,Patricia Miller,2023-06-04,2023-06-18,,Active,,529.0,1059,2023,2023-06
1829,Kimberly Bryant,Leading with River,Business,Danielle Johnson,2023-06-03,2023-06-17,2023-07-07,Returned,Good,10.0,20,2023,2023-06
789,Matthew Miranda,Master Your Mountain,Self-Help,Patricia Miller,2023-06-02,2023-06-16,2023-07-05,Returned,Damaged,9.5,19,2023,2023-06
1558,Susan Hall,Scott Norman: A Memoir,Biography,Danielle Johnson,2023-05-30,2023-06-13,2023-06-19,Returned,Good,3.0,6,2023,2023-05
740,Luis Acosta,In the Words of Amanda Sharp,Biography,Danielle Johnson,2023-05-29,2023-06-12,2023-06-07,Returned,Good,0.0,0,2023,2023-05
1173,Tina Ferguson,Mountain in Practice,Technology,Robert Johnson,2023-05-28,2023-06-11,2023-06-02,Returned,Good,0.0,0,2023,2023-05
96,Andrea Jones,The Storm Handbook,Technology,Joshua Walker,2023-05-28,2023-06-11,,Active,,532.5,1066,2023,2023-05
41,Kimberly Bryant,The Science of Storm,Science,Robert Johnson,2023-05-28,2023-06-11,2023-06-22,Returned,Good,5.5,11,2023,2023-05
1940,Sean Montes,Master Your Mountain,Self-Help,Joshua Walker,2023-05-25,2023-06-08,2023-06-04,Returned,Damaged,0.0,0,2023,2023-05
1888,Amanda Oconnell,Principles of Path,Science,Jill Rhodes,2023-05-25,2023-06-08,2023-06-09,Returned,Good,0.5,1,2023,2023-05
1584,Brian Cooper,Missing River,Mystery,Jill Rhodes,2023-05-25,2023-06-08,2023-05-29,Returned,Good,0.0,0,2023,2023-05
1525,Rebecca Martin,My First Shadow,Children,Joshua Walker,2023-05-25,2023-06-08,2023-05-26,Returned,Good,0.0,0,2023,2023-05
1397,Lisa Evans,River and Meaning,Philosophy,Patricia Miller,2023-05-25,2023-06-08,2023-06-01,Returned,Good,0.0,0,2023,2023-05
1135,Robert Silva,Ocean Explained,Science,Jill Rhodes,2023-05-25,2023-06-08,,Active,,534.0,1069,2023,2023-05
906,James White,Star in Practice,Technology,Patricia Miller,2023-05-23,2023-06-06,2023-06-25,Returned,Good,9.5,19,2023,2023-05
1153,Kristin Walter,River Explained,Science,Danielle Johnson,2023-05-22,2023-06-05,2023-06-22,Returned,Good,8.5,17,2023,2023-05
1902,Charles Schultz,On Light,Philosophy,Joshua Walker,2023-05-19,2023-06-02,2023-06-09,Returned,Good,3.5,7,2023,2023-05
1596,Erica Dillon,The Power of Mountain,Self-Help,Danielle Johnson,2023-05-19,2023-06-02,2023-06-06,Returned,Good,2.0,4,2023,2023-05
182,Robert Hawkins,Mastering Dream,Technology,Danielle Johnson,2023-05-19,2023-06-02,2023-06-14,Returned,Lost,6.0,12,2023,2023-05
1597,Erica Dillon,The Last Path,Fiction,Joshua Walker,2023-05-18,2023-06-01,,Active,,537.5,1076,2023,2023-05
621,Samuel Roberson,Understanding Fire,Science,Joshua Walker,2023-05-18,2023-06-01,,Active,,537.5,1076,2023,2023-05
579,Travis Watts,The Star Strategy,Business,Danielle Johnson,2023-05-18,2023-06-01,,Active,,537.5,1076,2023,2023-05
1242,Stacy Holloway,Leading with Path,Business,Robert Johnson,2023-05-17,2023-05-31,2023-06-13,Returned,Good,6.5,13,2023,2023-05
977,Paul White,Dream in Practice,Technology,Danielle Johnson,2023-05-17,2023-05-31,2023-06-13,Returned,Good,6.5,13,2023,2023-05
843,Deborah Dawson,Murder at Westgate,Mystery,Patricia Miller,2023-05-17,2023-05-31,2023-06-02,Returned,Good,1.0,2,2023,2023-05
1441,Brian Simmons,Mountain Explained,Science,Joshua Walker,2023-05-13,2023-05-27,2023-05-27,Returned,Good,0.0,0,2023,2023-05
1942,Kristen Leon,Principles of Ocean,Science,Danielle Johnson,2023-05-12,2023-05-26,2023-06-12,Returned,Damaged,8.5,17,2023,2023-05
1816,John Terry,A Story of Fire,Fiction,Jill Rhodes,2023-05-11,2023-05-25,2023-05-31,Returned,Good,3.0,6,2023,2023-05
595,Joshua White,The Science of Storm,Science,Jill Rhodes,2023-05-10,2023-05-24,,Active,,541.5,1084,2023,2023-05
814,Kevin Miller,The Science of Storm,Science,Robert Johnson,2023-05-09,2023-05-23,2023-05-20,Returned,Good,0.0,0,2023,2023-05
1102,Morgan Alexander,The Art of Shadow,Business,Danielle Johnson,2023-05-08,2023-05-22,2023-06-07,Returned,Good,8.0,16,2023,2023-05
989,Danielle White,On Ocean,Philosophy,Danielle Johnson,2023-05-08,2023-05-22,2023-05-11,Returned,Good,0.0,0,2023,2023-05
690,John Davis,A Story of Dream,Fiction,Patricia Miller,2023-05-07,2023-05-21,2023-05-31,Returned,Good,5.0,10,2023,2023-05
1881,Christopher Jordan,When River Falls,Fiction,Danielle Johnson,2023-05-05,2023-05-19,2023-06-02,Returned,Good,7.0,14,2023,2023-05
999,Lori Davis,The Life of Cody Hopkins,Biography,Patricia Miller,2023-05-05,2023-05-19,2023-05-10,Returned,Damaged,0.0,0,2023,2023-05
35,Ryan Clark,The Power of Mountain,Self-Help,Jill Rhodes,2023-05-05,2023-05-19,2023-05-16,Returned,Good,0.0,0,2023,2023-05
663,Jennifer Coleman,Leading with River,Business,Patricia Miller,2023-05-04,2023-05-18,,Active,,544.5,1090,2023,2023-05
1543,Courtney Conner,Missing Mountain,Mystery,Danielle Johnson,2023-05-03,2023-05-17,2023-05-24,Returned,Good,3.5,7,2023,2023-05
763,Peter Gamble,The Power of Fire,Self-Help,Danielle Johnson,2023-05-03,2023-05-17,,Active,,545.0,1091,2023,2023-05
196,Michael Rodriguez,Thinking About Shadow,Philosophy,Patricia Miller,2023-05-03,2023-05-17,2023-06-03,Returned,Good,8.5,17,2023,2023-05
860,Anthony Alvarez,When Mountain Falls,Fiction,Danielle Johnson,2023-05-01,2023-05-15,2023-05-11,Returned,Good,0.0,0,2023,2023-05
484,Johnathan Gilbert,Shadow and Meaning,Philosophy,Robert Johnson,2023-04-30,2023-05-14,,Active,,546.5,1094,2023,2023-04
474,Shawn Garcia,Principles of Star,Science,Joshua Walker,2023-04-29,2023-05-13,2023-06-01,Returned,Damaged,9.5,19,2023,2023-04
1188,Anthony Alvarez,When Mountain Falls,Fiction,Danielle Johnson,2023-04-28,2023-05-12,2023-05-01,Returned,Good,0.0,0,2023,2023-04
1418,Sean Montes,Light Goes to School,Children,Patricia Miller,2023-04-26,2023-05-10,2023-05-05,Returned,Good,0.0,0,2023,2023-04
809,Yolanda Smith,On Dream,Philosophy,Patricia Miller,2023-04-24,2023-05-08,2023-05-20,Returned,Good,6.0,12,2023,2023-04
669,Frank Perez,A Story of Storm,Fiction,Patricia Miller,2023-04-23,2023-05-07,,Active,,550.0,1101,2023,2023-04
314,Kimberly Bryant,Dream Goes to School,Children,Robert Johnson,2023-04-23,2023-05-07,,Active,,550.0,1101,2023,2023-04
1225,Frank Perez,The Power of Shadow,Self-Help,Danielle Johnson,2023-04-22,2023-05-06,2023-04-25,Returned,Good,0.0,0,2023,2023-04
107,Morgan Alexander,When Fire Falls,Fiction,Patricia Miller,2023-04-22,2023-05-06,2023-05-15,Returned,Good,4.5,9,2023,2023-04
1327,John Davis,Shadow in Practice,Technology,Danielle Johnson,2023-04-20,2023-05-04,,Active,,551.5,1104,2023,2023-04
1276,Tina King,A Story of Ocean,Fiction,Jill Rhodes,2023-04-20,2023-05-04,,Active,,551.5,1104,2023,2023-04
969,Andrea Stephens,River and Meaning,Philosophy,Robert Johnson,2023-04-17,2023-05-01,2023-05-14,Returned,Good,6.5,13,2023,2023-04
336,Bryan Wiggins,In the Words of Allison Adams,Biography,Jill Rhodes,2023-04-17,2023-05-01,2023-05-08,Returned,Good,3.5,7,2023,2023-04
343,Rebecca Lee,The Rise of Dream,History,Robert Johnson,2023-04-16,2023-04-30,2023-05-20,Returned,Good,10.0,20,2023,2023-04
1523,Jennifer Wilson,A Story of Ocean,Fiction,Jill Rhodes,2023-04-15,2023-04-29,,Active,,554.0,1109,2023,2023-04
910,John Scott,The Light Handbook,Technology,Joshua Walker,2023-04-15,2023-04-29,2023-05-11,Returned,Good,6.0,12,2023,2023-04
1833,Brian Cooper,Modern Fire,Technology,Patricia Miller,2023-04-14,2023-04-28,2023-04-22,Returned,Good,0.0,0,2023,2023-04
1646,Kristen Leon,Modern Path,Technology,Patricia Miller,2023-04-13,2023-04-27,2023-05-09,Returned,Good,6.0,12,2023,2023-04
1459,Tina King,The Adventures of Star,Children,Joshua Walker,2023-04-13,2023-04-27,2023-05-13,Returned,Good,8.0,16,2023,2023-04
1496,Michelle Rivera,On Light,Philosophy,Patricia Miller,2023-04-12,2023-04-26,2023-05-04,Returned,Good,4.0,8,2023,2023-04
1936,Patrick Torres,In the Words of Daniel Howell,Biography,Joshua Walker,2023-04-09,2023-04-23,,Active,,557.0,1115,2023,2023-04
264,Robert Hawkins,When Ocean Falls,Fiction,Jill Rhodes,2023-04-08,2023-04-22,2023-04-09,Returned,Good,0.0,0,2023,2023-04
1848,Charlene Hahn,Murder at Stonehaven,Mystery,Jill Rhodes,2023-04-07,2023-04-21,,Active,,558.0,1117,2023,2023-04
1537,Kristine Lane,The Shadow Handbook,Technology,Joshua Walker,2023-04-07,2023-04-21,2023-04-14,Returned,Good,0.0,0,2023,2023-04
886,Ryan Clark,The Power of Storm,Self-Help,Robert Johnson,2023-04-06,2023-04-20,2023-04-30,Returned,Good,5.0,10,2023,2023-04
1210,Catherine Hamilton,When Dream Falls,Fiction,Danielle Johnson,2023-04-05,2023-04-19,2023-04-17,Returned,Good,0.0,0,2023,2023-04
1605,Kevin Hardy,The Dark Secret,Mystery,Robert Johnson,2023-04-04,2023-04-18,2023-04-08,Returned,Good,0.0,0,2023,2023-04
1753,Edward Reyes,Ocean Explained,Science,Joshua Walker,2023-04-03,2023-04-17,2023-04-24,Returned,Good,3.5,7,2023,2023-04
411,Michael Bruce,Thinking About Storm,Philosophy,Danielle Johnson,2023-04-01,2023-04-15,2023-04-11,Returned,Good,0.0,0,2023,2023-04
132,Michael Bruce,In the Words of Jason Mercer,Biography,Jill Rhodes,2023-03-31,2023-04-14,2023-04-21,Returned,Good,3.5,7,2023,2023-03
1409,Erica Dillon,Dream Every Day,Self-Help,Jill Rhodes,2023-03-29,2023-04-12,2023-04-17,Returned,Good,2.5,5,2023,2023-03
1928,Catherine Hamilton,The Science of Star,Science,Patricia Miller,2023-03-28,2023-04-11,2023-04-17,Returned,Good,3.0,6,2023,2023-03
750,April Mcintyre,Fire Goes to School,Children,Danielle Johnson,2023-03-28,2023-04-11,,Active,,563.0,1127,2023,2023-03
1108,Kevin Hardy,Understanding Path,Science,Danielle Johnson,2023-03-26,2023-04-09,2023-03-29,Returned,Good,0.0,0,2023,2023-03
1813,Diana Mitchell,The History of Dream,History,Patricia Miller,2023-03-25,2023-04-08,2023-04-21,Returned,Good,6.5,13,2023,2023-03
1099,Morgan Alexander,Murder at Westgate,Mystery,Joshua Walker,2023-03-25,2023-04-08,,Active,,564.5,1130,2023,2023-03
984,Christine Becker,Storm in Practice,Technology,Danielle Johnson,2023-03-25,2023-04-08,2023-03-30,Returned,Good,0.0,0,2023,2023-03
1419,Regina Turner,The Science of Mountain,Science,Patricia Miller,2023-03-24,2023-04-07,2023-04-01,Returned,Good,0.0,0,2023,2023-03
1222,Steven Lara,Murder at Riverdale,Mystery,Robert Johnson,2023-03-23,2023-04-06,2023-03-29,Returned,Good,0.0,0,2023,2023-03
349,Courtney Conner,Modern River,Technology,Patricia Miller,2023-03-23,2023-04-06,2023-04-11,Returned,Good,2.5,5,2023,2023-03
890,Kayla Griffin,Mastering River,Technology,Patricia Miller,2023-03-22,2023-04-05,,Active,,566.0,1133,2023,2023-03
1742,Timothy Hinton,The Last Dream,Fiction,Patricia Miller,2023-03-20,2023-04-03,2023-03-21,Returned,Damaged,0.0,0,2023,2023-03
996,Jesus Baker,Understanding Fire,Science,Joshua Walker,2023-03-18,2023-04-01,,Active,,568.0,1137,2023,2023-03
1464,Cindy Jimenez,The Path Handbook,Technology,Robert Johnson,2023-03-17,2023-03-31,2023-04-06,Returned,Good,3.0,6,2023,2023-03
1642,Brian Cooper,Dream in Business,Business,Danielle Johnson,2023-03-16,2023-03-30,2023-03-28,Returned,Damaged,0.0,0,2023,2023-03
421,Kimberly Bryant,The Rise of Mountain,History,Danielle Johnson,2023-03-15,2023-03-29,,Active,,569.5,1140,2023,2023-03
1690,Steven Lara,The Life of Shane Torres,Biography,Joshua Walker,2023-03-13,2023-03-27,2023-03-18,Returned,Good,0.0,0,2023,2023-03
1474,Morgan Alexander,My First Mountain,Children,Joshua Walker,2023-03-13,2023-03-27,2023-04-02,Returned,Good,3.0,6,2023,2023-03
1104,Michael Turner,Leading with Star,Business,Patricia Miller,2023-03-11,2023-03-25,2023-04-13,Returned,Good,9.5,19,2023,2023-03
1316,Barbara Ray,Little Storm,Children,Patricia Miller,2023-03-08,2023-03-22,,Active,,573.0,1147,2023,2023-03
75,Shannon Richardson,Ocean and Meaning,Philosophy,Danielle Johnson,2023-03-08,2023-03-22,2023-03-15,Returned,Good,0.0,0,2023,2023-03
714,Andrew Smith,Finding John Lucero,Biography,Patricia Miller,2023-03-06,2023-03-20,2023-03-08,Returned,Good,0.0,0,2023,2023-03
568,Andrea Stephens,Ocean Explained,Science,Joshua Walker,2023-03-05,2023-03-19,2023-03-07,Returned,Good,0.0,0,2023,2023-03
1676,Stacy Holloway,The Philosophy of River,Philosophy,Jill Rhodes,2023-03-03,2023-03-17,,Active,,575.5,1152,2023,2023-03
390,Ann Shea,Ocean Explained,Science,Joshua Walker,2023-03-02,2023-03-16,2023-04-05,Returned,Lost,10.0,20,2023,2023-03
1360,Brian Cooper,Modern River,Technology,Jill Rhodes,2023-03-01,2023-03-15,2023-04-03,Returned,Good,9.5,19,2023,2023-03
700,Craig Hall,Lost Shadow,History,Danielle Johnson,2023-03-01,2023-03-15,2023-03-14,Returned,Good,0.0,0,2023,2023-03
1511,Charles Schultz,The Last Fire,Fiction,Joshua Walker,2023-02-27,2023-03-13,2023-03-06,Returned,Good,0.0,0,2023,2023-02
1563,Daniel Diaz,Understanding Shadow,Science,Joshua Walker,2023-02-26,2023-03-12,2023-03-16,Returned,Good,2.0,4,2023,2023-02
416,Regina Turner,Master Your Storm,Self-Help,Robert Johnson,2023-02-25,2023-03-11,2023-03-10,Returned,Good,0.0,0,2023,2023-02
1874,Shannon Richardson,Ocean: A Chronicle,History,Patricia Miller,2023-02-24,2023-03-10,2023-02-28,Returned,Good,0.0,0,2023,2023-02
1648,Wendy Allen,The Last Ocean,Fiction,Jill Rhodes,2023-02-24,2023-03-10,,Active,,579.0,1159,2023,2023-02
1758,Jeremy Johnson,On Storm,Philosophy,Jill Rhodes,2023-02-23,2023-03-09,2023-02-25,Returned,Good,0.0,0,2023,2023-02
1187,Valerie Jones,Master Your River,Self-Help,Joshua Walker,2023-02-23,2023-03-09,2023-03-17,Returned,Damaged,4.0,8,2023,2023-02
1229,Rachel Greene,My First Mountain,Children,Joshua Walker,2023-02-22,2023-03-08,2023-03-18,Returned,Good,5.0,10,2023,2023-02
1049,Benjamin Wood,Stacy Mcbride: A Memoir,Biography,Jill Rhodes,2023-02-22,2023-03-08,2023-02-24,Returned,Good,0.0,0,2023,2023-02
1205,James White,The Storm Handbook,Technology,Danielle Johnson,2023-02-21,2023-03-07,,Active,,580.5,1162,2023,2023-02
194,Tina King,Murder at Clearwater,Mystery,Joshua Walker,2023-02-20,2023-03-06,2023-03-09,Returned,Good,1.5,3,2023,2023-02
49,Sabrina Weaver,Missing River,Mystery,Joshua Walker,2023-02-20,2023-03-06,,Active,,581.0,1163,2023,2023-02
455,Susan Hall,Jeffery Hernandez: A Memoir,Biography,Patricia Miller,2023-02-18,2023-03-04,2023-02-23,Returned,Good,0.0,0,2023,2023-02
223,Andrew Willis,The Case of the Ancient Light,Mystery,Danielle Johnson,2023-02-18,2023-03-04,,Active,,582.0,1165,2023,2023-02
117,David Howard,Master Your Star,Self-Help,Danielle Johnson,2023-02-18,2023-03-04,2023-03-03,Returned,Good,0.0,0,2023,2023-02
1755,John Dawson,Thinking About Fire,Philosophy,Robert Johnson,2023-02-14,2023-02-28,,Active,,584.0,1169,2023,2023-02
1492,Ryan Swanson,Principles of Ocean,Science,Robert Johnson,2023-02-14,2023-02-28,2023-03-15,Returned,Good,7.5,15,2023,2023-02
1175,Ashley Krause,The Path Strategy,Business,Robert Johnson,2023-02-14,2023-02-28,2023-03-18,Returned,Good,9.0,18,2023,2023-02
491,Renee Jones,The Last River,Fiction,Patricia Miller,2023-02-14,2023-02-28,2023-03-07,Returned,Good,3.5,7,2023,2023-02
337,Margaret Robertson,The Life of Allison Simmons,Biography,Patricia Miller,2023-02-14,2023-02-28,2023-03-01,Returned,Good,0.5,1,2023,2023-02
1013,Luis Acosta,The Star Strategy,Business,Patricia Miller,2023-02-13,2023-02-27,2023-02-18,Returned,Good,0.0,0,2023,2023-02
1831,Johnathan Gilbert,Alejandro Campbell: A Memoir,Biography,Danielle Johnson,2023-02-12,2023-02-26,2023-02-28,Returned,Good,1.0,2,2023,2023-02
67,Melanie Young,The Science of Shadow,Science,Robert Johnson,2023-02-12,2023-02-26,2023-02-24,Returned,Lost,0.0,0,2023,2023-02
1371,Paula Dominguez,The Last Dream,Fiction,Robert Johnson,2023-02-11,2023-02-25,,Active,,585.5,1172,2023,2023-02
908,Jennifer Coleman,Ancient Ocean,Fiction,Patricia Miller,2023-02-11,2023-02-25,2023-02-18,Returned,Good,0.0,0,2023,2023-02
1761,Samuel Roberson,Mastering Dream,Technology,Jill Rhodes,2023-02-10,2023-02-24,2023-03-12,Returned,Good,8.0,16,2023,2023-02
1542,Catherine Hamilton,The Storm Handbook,Technology,Danielle Johnson,2023-02-10,2023-02-24,,Active,,586.0,1173,2023,2023-02
1078,Jennifer Wilson,Missing Mountain,Mystery,Jill Rhodes,2023-02-10,2023-02-24,2023-03-14,Returned,Good,9.0,18,2023,2023-02
1719,Jonathan Reyes,Murder at Millbrook,Mystery,Patricia Miller,2023-02-09,2023-02-23,2023-03-13,Returned,Good,9.0,18,2023,2023-02
1973,Jeremiah Peterson,The Power of Path,Self-Help,Robert Johnson,2023-02-07,2023-02-21,2023-02-10,Returned,Good,0.0,0,2023,2023-02
146,Luis Acosta,The Science of Fire,Science,Robert Johnson,2023-02-06,2023-02-20,2023-03-12,Returned,Good,10.0,20,2023,2023-02
779,Renee Jones,Leading with Mountain,Business,Patricia Miller,2023-02-05,2023-02-19,2023-02-18,Returned,Good,0.0,0,2023,2023-02
986,Andrew Willis,When Ocean Falls,Fiction,Patricia Miller,2023-02-03,2023-02-17,2023-02-10,Returned,Good,0.0,0,2023,2023-02
38,Samuel Roberson,The Last Dream,Fiction,Robert Johnson,2023-02-03,2023-02-17,2023-03-01,Returned,Good,6.0,12,2023,2023-02
1106,Brittany Hood,The Last Ocean,Fiction,Patricia Miller,2023-02-02,2023-02-16,2023-02-28,Returned,Good,6.0,12,2023,2023-02
209,Wendy Sanders,The Last Dream,Fiction,Jill Rhodes,2023-02-01,2023-02-15,2023-02-03,Returned,Good,0.0,0,2023,2023-02
1710,Margaret Turner,Fire in Business,Business,Robert Johnson,2023-01-31,2023-02-14,2023-02-18,Returned,Good,2.0,4,2023,2023-01
921,Manuel Lee,Murder at Westgate,Mystery,Joshua Walker,2023-01-31,2023-02-14,2023-02-07,Returned,Good,0.0,0,2023,2023-01
290,Shawn Garcia,My First Storm,Children,Jill Rhodes,2023-01-31,2023-02-14,2023-02-06,Returned,Good,0.0,0,2023,2023-01
1850,Hannah Bowers,The Mountain Handbook,Technology,Danielle Johnson,2023-01-30,2023-02-13,2023-02-23,Returned,Good,5.0,10,2023,2023-01
1061,Paul Scott,The Power of Path,Self-Help,Danielle Johnson,2023-01-30,2023-02-13,2023-02-01,Returned,Good,0.0,0,2023,2023-01
1476,Charles Schultz,My First Fire,Children,Joshua Walker,2023-01-29,2023-02-12,2023-02-09,Returned,Good,0.0,0,2023,2023-01
1403,Gary Richardson,The Light Strategy,Business,Danielle Johnson,2023-01-28,2023-02-11,2023-02-17,Returned,Good,3.0,6,2023,2023-01
923,Charles Schultz,Dream Every Day,Self-Help,Joshua Walker,2023-01-28,2023-02-11,2023-02-14,Returned,Damaged,1.5,3,2023,2023-01
654,Sarah Gibson,The Power of Storm,Self-Help,Jill Rhodes,2023-01-28,2023-02-11,,Active,,592.5,1186,2023,2023-01
1817,Joshua White,On Ocean,Philosophy,Danielle Johnson,2023-01-27,2023-02-10,2023-01-29,Returned,Good,0.0,0,2023,2023-01
1336,Alan Rodriguez,Lost Dream,History,Robert Johnson,2023-01-27,2023-02-10,2023-02-08,Returned,Damaged,0.0,0,2023,2023-01
553,Deborah Dawson,The Last Dream,Fiction,Robert Johnson,2023-01-26,2023-02-09,2023-02-25,Returned,Good,8.0,16,2023,2023-01
899,Wendy Allen,When Star Falls,Fiction,Danielle Johnson,2023-01-24,2023-02-07,2023-02-02,Returned,Good,0.0,0,2023,2023-01
1992,Amanda Oconnell,Modern Path,Technology,Patricia Miller,2023-01-23,2023-02-06,2023-02-09,Returned,Good,1.5,3,2023,2023-01
694,Valerie Jones,Lost Dream,History,Robert Johnson,2023-01-23,2023-02-06,,Active,,595.0,1191,2023,2023-01
1844,Julie Hernandez,A Story of Mountain,Fiction,Joshua Walker,2023-01-22,2023-02-05,2023-02-22,Returned,Good,8.5,17,2023,2023-01
909,Adam Macias,The Hidden Secret,Mystery,Joshua Walker,2023-01-22,2023-02-05,,Active,,595.5,1192,2023,2023-01
1999,Ann Rodriguez,The Power of Mountain,Self-Help,Patricia Miller,2023-01-21,2023-02-04,2023-02-13,Returned,Good,4.5,9,2023,2023-01
1723,Jennifer Garcia,In the Words of Joseph Chapman,Biography,Danielle Johnson,2023-01-21,2023-02-04,2023-02-11,Returned,Good,3.5,7,2023,2023-01
362,Linda Wolfe,Finding Autumn Gallagher,Biography,Danielle Johnson,2023-01-21,2023-02-04,,Active,,596.0,1193,2023,2023-01
1544,Kevin Miller,Principles of Storm,Science,Jill Rhodes,2023-01-20,2023-02-03,2023-02-15,Returned,Good,6.0,12,2023,2023-01
1365,Kevin Hardy,On Storm,Philosophy,Danielle Johnson,2023-01-19,2023-02-02,,Active,,597.0,1195,2023,2023-01
1113,Brian Cooper,The Adventures of Path,Children,Joshua Walker,2023-01-19,2023-02-02,2023-02-18,Returned,Good,8.0,16,2023,2023-01
723,Alexander Benson,Master Your Fire,Self-Help,Danielle Johnson,2023-01-18,2023-02-01,2023-02-12,Returned,Good,5.5,11,2023,2023-01
462,Deborah Dawson,The Rise of Light,History,Robert Johnson,2023-01-18,2023-02-01,2023-02-01,Returned,Good,0.0,0,2023,2023-01
110,Lawrence Floyd,Finding Kevin Little,Biography,Robert Johnson,2023-01-18,2023-02-01,2023-02-08,Returned,Good,3.5,7,2023,2023-01
1717,Shannon Richardson,The Power of Path,Self-Help,Danielle Johnson,2023-01-16,2023-01-30,2023-01-22,Returned,Good,0.0,0,2023,2023-01
796,Robert Hawkins,Little Star,Children,Joshua Walker,2023-01-16,2023-01-30,2023-01-28,Returned,Good,0.0,0,2023,2023-01
1657,Lisa Evans,The Last Path,Fiction,Patricia Miller,2023-01-13,2023-01-27,2023-01-18,Returned,Good,0.0,0,2023,2023-01
1155,Susan Hall,Principles of Path,Science,Patricia Miller,2023-01-12,2023-01-26,,Active,,600.5,1202,2023,2023-01
1020,Jessica Hansen,The Philosophy of River,Philosophy,Jill Rhodes,2023-01-12,2023-01-26,,Active,,600.5,1202,2023,2023-01
176,Alexander Benson,Mountain Every Day,Self-Help,Jill Rhodes,2023-01-12,2023-01-26,,Active,,600.5,1202,2023,2023-01
1140,Deborah Dawson,The Star Handbook,Technology,Robert Johnson,2023-01-11,2023-01-25,2023-02-08,Returned,Good,7.0,14,2023,2023-01
1865,Christopher Fry,The Power of Dream,Self-Help,Jill Rhodes,2023-01-10,2023-01-24,,Active,,601.5,1204,2023,2023-01
1828,Timothy Carroll,The Adventures of Path,Children,Robert Johnson,2023-01-07,2023-01-21,2023-02-01,Returned,Good,5.5,11,2023,2023-01
943,Julie Hernandez,Shadow: A Chronicle,History,Patricia Miller,2023-01-07,2023-01-21,2023-01-19,Returned,Good,0.0,0,2023,2023-01
853,John Davis,The Light Strategy,Business,Danielle Johnson,2023-01-06,2023-01-20,,Active,,603.5,1208,2023,2023-01
520,Jesus Baker,The Power of Fire,Self-Help,Jill Rhodes,2023-01-05,2023-01-19,,Active,,604.0,1209,2023,2023-01
1245,Mario Mcdonald,Shadow: A Chronicle,History,Joshua Walker,2023-01-04,2023-01-18,,Active,,604.5,1210,2023,2023-01
1058,Robert Hawkins,Mountain Every Day,Self-Help,Joshua Walker,2023-01-04,2023-01-18,2023-01-16,Returned,Good,0.0,0,2023,2023-01
208,Kayla Griffin,Missing Shadow,Mystery,Patricia Miller,2023-01-04,2023-01-18,,Active,,604.5,1210,2023,2023-01
544,Natasha Decker,The Broken Secret,Mystery,Patricia Miller,2023-01-03,2023-01-17,2023-01-29,Returned,Good,6.0,12,2023,2023-01
510,Amy Lopez,Mastering Storm,Technology,Robert Johnson,2023-01-03,2023-01-17,2023-02-05,Returned,Good,9.5,19,2023,2023-01
832,Erica Dillon,Ocean and Meaning,Philosophy,Danielle Johnson,2023-01-02,2023-01-16,,Active,,605.5,1212,2023,2023-01
298,Danielle White,The Hidden Secret,Mystery,Patricia Miller,2023-01-01,2023-01-15,2023-01-08,Returned,Good,0.0,0,2023,2023-01
1764,Kevin Hardy,My First Fire,Children,Patricia Miller,2022-12-31,2023-01-14,2023-01-03,Returned,Good,0.0,0,2022,2022-12
1354,Brandon Kim,Leading with Storm,Business,Jill Rhodes,2022-12-31,2023-01-14,2023-01-21,Returned,Good,3.5,7,2022,2022-12
745,Charles Schultz,Storm: A Chronicle,History,Jill Rhodes,2022-12-31,2023-01-14,2023-01-03,Returned,Damaged,0.0,0,2022,2022-12
297,Deborah Parker,The Philosophy of Star,Philosophy,Jill Rhodes,2022-12-31,2023-01-14,2023-02-01,Returned,Lost,9.0,18,2022,2022-12
1355,Dana Cox,Becoming Secret,Self-Help,Joshua Walker,2022-12-29,2023-01-12,,Active,,607.5,1216,2022,2022-12
938,Steven Lara,The Philosophy of Fire,Philosophy,Jill Rhodes,2022-12-28,2023-01-11,2022-12-30,Returned,Good,0.0,0,2022,2022-12
1721,Dylan Jackson,In the Words of Jason Mercer,Biography,Danielle Johnson,2022-12-27,2023-01-10,,Active,,608.5,1218,2022,2022-12
334,Daniel Diaz,On Path,Philosophy,Robert Johnson,2022-12-27,2023-01-10,2022-12-29,Returned,Good,0.0,0,2022,2022-12
250,Brenda Smith,Principles of Dream,Science,Patricia Miller,2022-12-27,2023-01-10,2023-01-22,Returned,Good,6.0,12,2022,2022-12
871,Sandra Romero,The Power of Storm,Self-Help,Danielle Johnson,2022-12-26,2023-01-09,2023-01-15,Returned,Good,3.0,6,2022,2022-12
214,John Wise,Lost Dream,History,Danielle Johnson,2022-12-26,2023-01-09,2023-01-17,Returned,Damaged,4.0,8,2022,2022-12
357,Ann Rodriguez,Missing Mountain,Mystery,Jill Rhodes,2022-12-25,2023-01-08,2022-12-30,Returned,Good,0.0,0,2022,2022-12
569,Deborah Parker,The Shadow Strategy,Business,Joshua Walker,2022-12-24,2023-01-07,,Active,,610.0,1221,2022,2022-12
1174,Andrew Willis,Principles of River,Science,Danielle Johnson,2022-12-23,2023-01-06,2023-01-21,Returned,Good,7.5,15,2022,2022-12
1864,Brandi Bender,Shadow: A Chronicle,History,Robert Johnson,2022-12-22,2023-01-05,2023-01-10,Returned,Good,2.5,5,2022,2022-12
136,Shawn Garcia,On Dream,Philosophy,Patricia Miller,2022-12-21,2023-01-04,2022-12-28,Returned,Good,0.0,0,2022,2022-12
844,Michael Bruce,Murder at Millbrook,Mystery,Robert Johnson,2022-12-20,2023-01-03,2023-01-14,Returned,Good,5.5,11,2022,2022-12
1374,Brian Simmons,The Rise of Fire,History,Joshua Walker,2022-12-19,2023-01-02,2022-12-25,Returned,Good,0.0,0,2022,2022-12
420,Angela Gonzales,Murder at Millbrook,Mystery,Jill Rhodes,2022-12-18,2023-01-01,,Active,,613.0,1227,2022,2022-12
370,John Wise,The Science of Fire,Science,Jill Rhodes,2022-12-18,2023-01-01,2023-01-02,Returned,Good,0.5,1,2022,2022-12
234,Joshua Evans,The Path Strategy,Business,Joshua Walker,2022-12-17,2022-12-31,2023-01-08,Returned,Good,4.0,8,2022,2022-12
1697,Nicole James,The River Strategy,Business,Patricia Miller,2022-12-16,2022-12-30,2023-01-09,Returned,Damaged,5.0,10,2022,2022-12
1044,Ann Shea,Missing Mountain,Mystery,Jill Rhodes,2022-12-16,2022-12-30,,Active,,614.0,1229,2022,2022-12
873,Michael Rodriguez,Principles of Star,Science,Danielle Johnson,2022-12-16,2022-12-30,2023-01-10,Returned,Good,5.5,11,2022,2022-12
794,Manuel Lee,Murder at Ashford,Mystery,Patricia Miller,2022-12-16,2022-12-30,2022-12-28,Returned,Good,0.0,0,2022,2022-12
498,Omar Padilla,The Case of the Lost Storm,Mystery,Jill Rhodes,2022-12-15,2022-12-29,,Active,,614.5,1230,2022,2022-12
157,Jessica Hansen,Dream Every Day,Self-Help,Jill Rhodes,2022-12-15,2022-12-29,2022-12-28,Returned,Good,0.0,0,2022,2022-12
149,James West,Finding John Lucero,Biography,Jill Rhodes,2022-12-13,2022-12-27,,Active,,615.5,1232,2022,2022-12
1893,Deborah Parker,Murder at Riverdale,Mystery,Joshua Walker,2022-12-12,2022-12-26,2023-01-15,Returned,Good,10.0,20,2022,2022-12
1887,Ann Shea,Broken Fire,Fiction,Patricia Miller,2022-12-11,2022-12-25,2022-12-25,Returned,Good,0.0,0,2022,2022-12
1899,Andrea Jones,The Last Dream,Fiction,Patricia Miller,2022-12-10,2022-12-24,2022-12-23,Returned,Good,0.0,0,2022,2022-12
775,Rebekah Hill,The Ocean Strategy,Business,Patricia Miller,2022-12-10,2022-12-24,2023-01-07,Returned,Good,7.0,14,2022,2022-12
697,Anthony Alvarez,Lost Path,History,Danielle Johnson,2022-12-09,2022-12-23,2023-01-11,Returned,Good,9.5,19,2022,2022-12
575,Ann Rodriguez,River Goes to School,Children,Danielle Johnson,2022-12-09,2022-12-23,2022-12-23,Returned,Damaged,0.0,0,2022,2022-12
1910,Jessica Hansen,Dream and Meaning,Philosophy,Patricia Miller,2022-12-08,2022-12-22,2023-01-09,Returned,Good,9.0,18,2022,2022-12
1704,James West,Master Your Fire,Self-Help,Jill Rhodes,2022-12-08,2022-12-22,2022-12-24,Returned,Good,1.0,2,2022,2022-12
1286,Tracy Griffin,Master Your Storm,Self-Help,Robert Johnson,2022-12-08,2022-12-22,2022-12-16,Returned,Damaged,0.0,0,2022,2022-12
926,Adam Macias,Little Storm,Children,Danielle Johnson,2022-12-08,2022-12-22,2022-12-17,Returned,Good,0.0,0,2022,2022-12
1030,Nathan Richards,The Rise of Light,History,Robert Johnson,2022-12-07,2022-12-21,2022-12-21,Returned,Good,0.0,0,2022,2022-12
554,Brian Hayes,The Philosophy of Dream,Philosophy,Danielle Johnson,2022-12-07,2022-12-21,,Active,,618.5,1238,2022,2022-12
1946,Cynthia Faulkner,My First Path,Children,Robert Johnson,2022-12-04,2022-12-18,2022-12-25,Returned,Good,3.5,7,2022,2022-12
1317,Bryan Wiggins,Path Goes to School,Children,Joshua Walker,2022-12-03,2022-12-17,2023-01-03,Returned,Good,8.5,17,2022,2022-12
1370,Christine Becker,The Science of Storm,Science,Danielle Johnson,2022-12-02,2022-12-16,2022-12-22,Returned,Damaged,3.0,6,2022,2022-12
177,Lawrence Floyd,Ocean Explained,Science,Joshua Walker,2022-12-02,2022-12-16,2022-12-05,Returned,Good,0.0,0,2022,2022-12
1472,Rachel Greene,Mountain Every Day,Self-Help,Patricia Miller,2022-12-01,2022-12-15,2022-12-29,Returned,Good,7.0,14,2022,2022-12
952,Tara Johnson,Lost Dream,History,Patricia Miller,2022-12-01,2022-12-15,2023-01-01,Returned,Good,8.5,17,2022,2022-12
517,Lisa Evans,Mountain Every Day,Self-Help,Jill Rhodes,2022-12-01,2022-12-15,2022-12-29,Returned,Good,7.0,14,2022,2022-12
87,Jennifer Wilson,The Mountain Handbook,Technology,Joshua Walker,2022-12-01,2022-12-15,2022-12-26,Returned,Good,5.5,11,2022,2022-12
605,Lawrence Floyd,The Science of Shadow,Science,Patricia Miller,2022-11-30,2022-12-14,2022-12-09,Returned,Good,0.0,0,2022,2022-11
406,James White,The Last Shadow,Fiction,Jill Rhodes,2022-11-30,2022-12-14,2022-12-10,Returned,Good,0.0,0,2022,2022-11
192,Jose Williams,Becoming Ancient,Self-Help,Joshua Walker,2022-11-29,2022-12-13,,Active,,622.5,1246,2022,2022-11
1986,Daisy Smith,On Path,Philosophy,Patricia Miller,2022-11-28,2022-12-12,,Active,,623.0,1247,2022,2022-11
1838,Cody Simmons,Finding Dr. Virginia Cunningham,Biography,Danielle Johnson,2022-11-28,2022-12-12,2022-12-10,Returned,Good,0.0,0,2022,2022-11
898,Brian Simmons,Murder at Stonehaven,Mystery,Patricia Miller,2022-11-28,2022-12-12,2022-12-26,Returned,Good,7.0,14,2022,2022-11
373,Wendy Allen,Modern River,Technology,Joshua Walker,2022-11-27,2022-12-11,2022-11-30,Returned,Lost,0.0,0,2022,2022-11
29,Steven Frye,Lost Path,History,Danielle Johnson,2022-11-26,2022-12-10,2022-11-27,Returned,Good,0.0,0,2022,2022-11
900,Shannon Richardson,Murder at Stonehaven,Mystery,Danielle Johnson,2022-11-25,2022-12-09,2022-12-26,Returned,Damaged,8.5,17,2022,2022-11
1778,Andrew Willis,Lost Storm,History,Patricia Miller,2022-11-24,2022-12-08,,Active,,625.0,1251,2022,2022-11
1692,Cindy Jimenez,A Story of Mountain,Fiction,Robert Johnson,2022-11-24,2022-12-08,,Active,,625.0,1251,2022,2022-11
332,Nicole James,Missing Shadow,Mystery,Joshua Walker,2022-11-24,2022-12-08,2022-11-27,Returned,Good,0.0,0,2022,2022-11
1554,Jonathan Reyes,A Story of Storm,Fiction,Jill Rhodes,2022-11-22,2022-12-06,2022-12-03,Returned,Good,0.0,0,2022,2022-11
1503,Hannah Bowers,Dream and Meaning,Philosophy,Robert Johnson,2022-11-21,2022-12-05,2022-11-27,Returned,Good,0.0,0,2022,2022-11
1532,Margaret Turner,The Life of Roberto Roberts,Biography,Joshua Walker,2022-11-20,2022-12-04,2022-12-13,Returned,Damaged,4.5,9,2022,2022-11
1683,Jennifer Brock,Fire: A Chronicle,History,Robert Johnson,2022-11-17,2022-12-01,2022-12-21,Returned,Good,10.0,20,2022,2022-11
1904,Matthew Miranda,The Dream Strategy,Business,Patricia Miller,2022-11-16,2022-11-30,,Active,,629.0,1259,2022,2022-11
151,Wendy Sanders,A Story of River,Fiction,Jill Rhodes,2022-11-16,2022-11-30,2022-11-22,Returned,Good,0.0,0,2022,2022-11
1814,Morgan Alexander,The Last Dream,Fiction,Patricia Miller,2022-11-15,2022-11-29,,Active,,629.5,1260,2022,2022-11
1133,Adam Macias,Fire in Business,Business,Robert Johnson,2022-11-14,2022-11-28,,Active,,630.0,1261,2022,2022-11
718,Robert Silva,Shadow and Meaning,Philosophy,Joshua Walker,2022-11-11,2022-11-25,,Active,,631.5,1264,2022,2022-11
1050,Deborah Dawson,Finding John Lucero,Biography,Robert Johnson,2022-11-10,2022-11-24,2022-11-16,Returned,Good,0.0,0,2022,2022-11
1772,Ann Rodriguez,The Philosophy of Fire,Philosophy,Joshua Walker,2022-11-09,2022-11-23,,Active,,632.5,1266,2022,2022-11
173,Michael Bruce,The Power of Mountain,Self-Help,Jill Rhodes,2022-11-08,2022-11-22,2022-11-15,Returned,Good,0.0,0,2022,2022-11
1528,Randy Brooks,Dream and Meaning,Philosophy,Robert Johnson,2022-11-07,2022-11-21,2022-11-19,Returned,Good,0.0,0,2022,2022-11
1491,Laura Hansen,My First Ocean,Children,Patricia Miller,2022-11-07,2022-11-21,,Active,,633.5,1268,2022,2022-11
302,Ashley Peterson,Star Explained,Science,Jill Rhodes,2022-11-07,2022-11-21,2022-12-03,Returned,Good,6.0,12,2022,2022-11
1736,Courtney Conner,Path: A Chronicle,History,Joshua Walker,2022-11-06,2022-11-20,2022-11-18,Returned,Good,0.0,0,2022,2022-11
1508,Erica Dillon,My First Fire,Children,Patricia Miller,2022-11-05,2022-11-19,2022-11-20,Returned,Good,0.5,1,2022,2022-11
1307,Karen Evans,Shadow: A Chronicle,History,Jill Rhodes,2022-11-05,2022-11-19,2022-12-02,Returned,Good,6.5,13,2022,2022-11
960,Ann Shea,The Storm Handbook,Technology,Patricia Miller,2022-11-04,2022-11-18,,Active,,635.0,1271,2022,2022-11
1737,Natasha Decker,The Fire Strategy,Business,Patricia Miller,2022-11-03,2022-11-17,2022-11-16,Returned,Good,0.0,0,2022,2022-11
16,Dylan Jackson,Modern Shadow,Technology,Patricia Miller,2022-11-03,2022-11-17,2022-11-15,Returned,Good,0.0,0,2022,2022-11
614,James Stewart,Understanding River,Science,Patricia Miller,2022-11-02,2022-11-16,,Active,,636.0,1273,2022,2022-11
301,Natasha Decker,The Philosophy of Ocean,Philosophy,Patricia Miller,2022-11-01,2022-11-15,2022-11-02,Returned,Damaged,0.0,0,2022,2022-11
371,Cynthia Faulkner,Finding John Lucero,Biography,Danielle Johnson,2022-10-31,2022-11-14,2022-11-30,Returned,Damaged,8.0,16,2022,2022-10
143,Gary Richardson,A Story of Path,Fiction,Patricia Miller,2022-10-31,2022-11-14,2022-11-06,Returned,Good,0.0,0,2022,2022-10
1121,Johnathan Gilbert,Modern Mountain,Technology,Danielle Johnson,2022-10-30,2022-11-13,,Active,,637.5,1276,2022,2022-10
385,Ashley Peterson,Fire and Meaning,Philosophy,Patricia Miller,2022-10-30,2022-11-13,2022-11-27,Returned,Good,7.0,14,2022,2022-10
152,Catherine Morris,My First Path,Children,Robert Johnson,2022-10-30,2022-11-13,,Active,,637.5,1276,2022,2022-10
827,Joseph Young,Fire Goes to School,Children,Patricia Miller,2022-10-29,2022-11-12,2022-11-08,Returned,Good,0.0,0,2022,2022-10
677,Joshua White,Storm and Meaning,Philosophy,Joshua Walker,2022-10-29,2022-11-12,2022-11-20,Returned,Good,4.0,8,2022,2022-10
1328,Jesus Baker,The Last Ocean,Fiction,Robert Johnson,2022-10-28,2022-11-11,2022-11-28,Returned,Good,8.5,17,2022,2022-10
10,Kristine Lane,Light: A Chronicle,History,Robert Johnson,2022-10-28,2022-11-11,2022-11-14,Returned,Damaged,1.5,3,2022,2022-10
1867,Dale Sandoval,In the Words of Karen Martinez,Biography,Jill Rhodes,2022-10-27,2022-11-10,2022-11-01,Returned,Good,0.0,0,2022,2022-10
1754,Frank Perez,Principles of Storm,Science,Robert Johnson,2022-10-27,2022-11-10,2022-11-17,Returned,Good,3.5,7,2022,2022-10
869,Jose Williams,In the Words of Daniel Howell,Biography,Jill Rhodes,2022-10-27,2022-11-10,,Active,,639.0,1279,2022,2022-10
417,Travis Brown,Thinking About Storm,Philosophy,Danielle Johnson,2022-10-26,2022-11-09,,Active,,639.5,1280,2022,2022-10
1846,Stacy Holloway,The Last Dream,Fiction,Robert Johnson,2022-10-25,2022-11-08,,Active,,640.0,1281,2022,2022-10
1598,Stephen Madden,When Ocean Falls,Fiction,Joshua Walker,2022-10-25,2022-11-08,2022-11-10,Returned,Damaged,1.0,2,2022,2022-10
1025,Ashley Peterson,My First Mountain,Children,Robert Johnson,2022-10-24,2022-11-07,2022-11-14,Returned,Good,3.5,7,2022,2022-10
1927,Melissa Estrada,The Life of Rebecca Bailey,Biography,Joshua Walker,2022-10-19,2022-11-02,2022-11-01,Returned,Good,0.0,0,2022,2022-10
1915,Michael Bruce,The Mountain Handbook,Technology,Joshua Walker,2022-10-19,2022-11-02,2022-11-03,Returned,Damaged,0.5,1,2022,2022-10
633,Melissa Estrada,The Light Handbook,Technology,Joshua Walker,2022-10-19,2022-11-02,2022-10-30,Returned,Good,0.0,0,2022,2022-10
185,Catherine Morris,The Adventures of Star,Children,Robert Johnson,2022-10-19,2022-11-02,2022-11-17,Returned,Good,7.5,15,2022,2022-10
1734,Brandi Bender,The Rise of Shadow,History,Joshua Walker,2022-10-18,2022-11-01,2022-11-12,Returned,Good,5.5,11,2022,2022-10
1157,Melissa Estrada,The Philosophy of Dream,Philosophy,Joshua Walker,2022-10-18,2022-11-01,,Active,,643.5,1288,2022,2022-10
233,Steven Frye,The Power of River,Self-Help,Jill Rhodes,2022-10-17,2022-10-31,,Active,,644.0,1289,2022,2022-10
638,Luis Acosta,Dream in Business,Business,Danielle Johnson,2022-10-14,2022-10-28,2022-11-01,Returned,Good,2.0,4,2022,2022-10
1862,Dana Cox,The Star Strategy,Business,Robert Johnson,2022-10-13,2022-10-27,,Active,,646.0,1293,2022,2022-10
389,Brian Hayes,The Life of Steven Hicks,Biography,Patricia Miller,2022-10-13,2022-10-27,,Active,,646.0,1293,2022,2022-10
134,Dale Sandoval,The Shadow Strategy,Business,Joshua Walker,2022-10-11,2022-10-25,2022-10-27,Returned,Good,1.0,2,2022,2022-10
1132,Jeffery Wagner,My First Ocean,Children,Jill Rhodes,2022-10-10,2022-10-24,2022-10-29,Returned,Good,2.5,5,2022,2022-10
1091,Brandon Kim,The Adventures of Ocean,Children,Joshua Walker,2022-10-10,2022-10-24,2022-10-18,Returned,Good,0.0,0,2022,2022-10
582,Jonathan Reyes,In the Words of Ariana Wallace,Biography,Joshua Walker,2022-10-10,2022-10-24,,Active,,647.5,1296,2022,2022-10
169,Johnathan Gilbert,Finding Autumn Gallagher,Biography,Joshua Walker,2022-10-10,2022-10-24,2022-11-13,Returned,Damaged,10.0,20,2022,2022-10
1806,Kathy Obrien,River and Meaning,Philosophy,Jill Rhodes,2022-10-09,2022-10-23,2022-11-01,Returned,Good,4.5,9,2022,2022-10
947,Cindy Jimenez,Lost Mountain,History,Robert Johnson,2022-10-09,2022-10-23,2022-10-10,Returned,Good,0.0,0,2022,2022-10
762,Frank Perez,Thinking About Shadow,Philosophy,Danielle Johnson,2022-10-09,2022-10-23,2022-10-28,Returned,Good,2.5,5,2022,2022-10
675,Timothy Carroll,River Every Day,Self-Help,Joshua Walker,2022-10-09,2022-10-23,2022-10-13,Returned,Good,0.0,0,2022,2022-10
320,Johnathan Gilbert,On Path,Philosophy,Robert Johnson,2022-10-09,2022-10-23,2022-10-23,Returned,Good,0.0,0,2022,2022-10
1329,Rebecca Martin,My First Mountain,Children,Danielle Johnson,2022-10-08,2022-10-22,2022-11-06,Returned,Good,7.5,15,2022,2022-10
470,Danielle White,Missing Shadow,Mystery,Jill Rhodes,2022-10-07,2022-10-21,2022-10-25,Returned,Good,2.0,4,2022,2022-10
262,James White,The History of Dream,History,Patricia Miller,2022-10-06,2022-10-20,2022-11-02,Returned,Good,6.5,13,2022,2022-10
1696,Brenda Smith,Dream Explained,Science,Danielle Johnson,2022-10-05,2022-10-19,,Active,,650.0,1301,2022,2022-10
443,Matthew Miranda,In the Words of Angela Robinson,Biography,Patricia Miller,2022-10-03,2022-10-17,2022-10-28,Returned,Good,5.5,11,2022,2022-10
261,Charles Schultz,Murder at Ashford,Mystery,Joshua Walker,2022-10-03,2022-10-17,2022-10-05,Returned,Good,0.0,0,2022,2022-10
613,Peter Gamble,The Adventures of Storm,Children,Robert Johnson,2022-09-29,2022-10-13,2022-11-01,Returned,Good,9.5,19,2022,2022-09
1216,Brandon Kim,Dream Goes to School,Children,Joshua Walker,2022-09-28,2022-10-12,,Active,,653.5,1308,2022,2022-09
949,Valerie Jones,Modern Storm,Technology,Danielle Johnson,2022-09-28,2022-10-12,2022-10-04,Returned,Good,0.0,0,2022,2022-09
511,Brian Miller,A Story of Ocean,Fiction,Patricia Miller,2022-09-28,2022-10-12,2022-11-01,Returned,Good,10.0,20,2022,2022-09
509,Luis Acosta,The Last River,Fiction,Jill Rhodes,2022-09-28,2022-10-12,,Active,,653.5,1308,2022,2022-09
168,Kristen Leon,The Philosophy of Path,Philosophy,Robert Johnson,2022-09-27,2022-10-11,2022-10-06,Returned,Good,0.0,0,2022,2022-09
1295,Peter Gamble,The Power of Shadow,Self-Help,Patricia Miller,2022-09-26,2022-10-10,,Active,,654.5,1310,2022,2022-09
534,Karen Evans,On Storm,Philosophy,Robert Johnson,2022-09-26,2022-10-10,2022-10-03,Returned,Good,0.0,0,2022,2022-09
1706,Jose Williams,The Star Handbook,Technology,Danielle Johnson,2022-09-25,2022-10-09,,Active,,655.0,1311,2022,2022-09
920,Catherine Hamilton,Ocean Explained,Science,Danielle Johnson,2022-09-25,2022-10-09,2022-10-03,Returned,Good,0.0,0,2022,2022-09
692,Tina Ferguson,Murder at Clearwater,Mystery,Joshua Walker,2022-09-25,2022-10-09,2022-10-08,Returned,Good,0.0,0,2022,2022-09
1372,John Wise,Path and Meaning,Philosophy,Joshua Walker,2022-09-24,2022-10-08,2022-09-28,Returned,Lost,0.0,0,2022,2022-09
412,James Cruz,When Fire Falls,Fiction,Joshua Walker,2022-09-24,2022-10-08,,Active,,655.5,1312,2022,2022-09
207,Mario Mcdonald,The History of Mountain,History,Jill Rhodes,2022-09-23,2022-10-07,2022-10-25,Returned,Good,9.0,18,2022,2022-09
1287,Kathy Beard,The Hidden Secret,Mystery,Jill Rhodes,2022-09-22,2022-10-06,2022-09-24,Returned,Damaged,0.0,0,2022,2022-09
529,Brittany Hood,A Story of Path,Fiction,Robert Johnson,2022-09-22,2022-10-06,2022-09-26,Returned,Good,0.0,0,2022,2022-09
1651,Luis Acosta,Mastering Storm,Technology,Patricia Miller,2022-09-21,2022-10-05,2022-10-06,Returned,Good,0.5,1,2022,2022-09
1387,Courtney Conner,Lost Light,History,Jill Rhodes,2022-09-21,2022-10-05,2022-10-16,Returned,Good,5.5,11,2022,2022-09
1535,Andrea Jones,In the Words of David Cooper,Biography,Jill Rhodes,2022-09-20,2022-10-04,2022-10-14,Returned,Damaged,5.0,10,2022,2022-09
54,Dylan Becker,Path and Meaning,Philosophy,Robert Johnson,2022-09-20,2022-10-04,2022-10-18,Returned,Good,7.0,14,2022,2022-09
540,Julie Hernandez,Principles of Ocean,Science,Joshua Walker,2022-09-19,2022-10-03,2022-10-09,Returned,Good,3.0,6,2022,2022-09
1512,Alexander Benson,Thinking About Ocean,Philosophy,Danielle Johnson,2022-09-18,2022-10-02,2022-09-23,Returned,Good,0.0,0,2022,2022-09
1224,Samuel Roberson,Principles of Star,Science,Patricia Miller,2022-09-18,2022-10-02,2022-09-30,Returned,Good,0.0,0,2022,2022-09
653,Stacy Holloway,The Art of Shadow,Business,Danielle Johnson,2022-09-18,2022-10-02,2022-10-03,Returned,Damaged,0.5,1,2022,2022-09
903,Morgan Alexander,The Adventures of Mountain,Children,Danielle Johnson,2022-09-16,2022-09-30,2022-10-19,Returned,Good,9.5,19,2022,2022-09
1079,Samuel Roberson,In the Words of Ariana Wallace,Biography,Danielle Johnson,2022-09-12,2022-09-26,2022-10-03,Returned,Good,3.5,7,2022,2022-09
1039,Daniel James,Leading with Ocean,Business,Patricia Miller,2022-09-12,2022-09-26,2022-10-12,Returned,Good,8.0,16,2022,2022-09
424,Brandon Flynn,Mountain: A Chronicle,History,Jill Rhodes,2022-09-11,2022-09-25,2022-10-15,Returned,Good,10.0,20,2022,2022-09
1872,Kristin Walter,Master Your Ocean,Self-Help,Joshua Walker,2022-09-09,2022-09-23,2022-09-13,Returned,Good,0.0,0,2022,2022-09
1127,Jennifer Garcia,Leading with River,Business,Robert Johnson,2022-09-09,2022-09-23,2022-10-09,Returned,Good,8.0,16,2022,2022-09
805,Cody Simmons,In the Words of Christine Crawford,Biography,Robert Johnson,2022-09-09,2022-09-23,,Active,,663.0,1327,2022,2022-09
361,James White,The Light Handbook,Technology,Robert Johnson,2022-09-09,2022-09-23,2022-09-28,Returned,Good,2.5,5,2022,2022-09
1074,Andrew Willis,The River Strategy,Business,Jill Rhodes,2022-09-08,2022-09-22,2022-09-09,Returned,Good,0.0,0,2022,2022-09
1393,Brandi Bender,Murder at Stonehaven,Mystery,Danielle Johnson,2022-09-06,2022-09-20,,Active,,664.5,1330,2022,2022-09
1149,Brian Baker,Murder at Stonehaven,Mystery,Danielle Johnson,2022-09-06,2022-09-20,2022-10-09,Returned,Good,9.5,19,2022,2022-09
376,Riley Morgan,On Light,Philosophy,Jill Rhodes,2022-09-06,2022-09-20,,Active,,664.5,1330,2022,2022-09
304,Jeffery Wagner,When Ocean Falls,Fiction,Patricia Miller,2022-09-06,2022-09-20,2022-09-29,Returned,Good,4.5,9,2022,2022-09
753,Luis Acosta,The Science of Shadow,Science,Patricia Miller,2022-09-05,2022-09-19,2022-09-12,Returned,Good,0.0,0,2022,2022-09
628,Rebecca Martin,Principles of Star,Science,Patricia Miller,2022-09-05,2022-09-19,2022-09-21,Returned,Good,1.0,2,2022,2022-09
1792,Sabrina Weaver,Mastering Dream,Technology,Joshua Walker,2022-09-04,2022-09-18,,Active,,665.5,1332,2022,2022-09
1626,Lisa Evans,Understanding Ocean,Science,Robert Johnson,2022-09-04,2022-09-18,,Active,,665.5,1332,2022,2022-09
1549,Dale Sandoval,Master Your Mountain,Self-Help,Danielle Johnson,2022-09-04,2022-09-18,2022-09-23,Returned,Good,2.5,5,2022,2022-09
620,Nicole James,Murder at Clearwater,Mystery,Danielle Johnson,2022-09-04,2022-09-18,2022-09-16,Returned,Damaged,0.0,0,2022,2022-09
1693,Omar Padilla,Murder at Millbrook,Mystery,Patricia Miller,2022-08-31,2022-09-14,2022-09-27,Returned,Good,6.5,13,2022,2022-08
1059,Kayla Griffin,Principles of River,Science,Danielle Johnson,2022-08-29,2022-09-12,,Active,,668.5,1338,2022,2022-08
974,Erica Dillon,My First Shadow,Children,Joshua Walker,2022-08-29,2022-09-12,,Active,,668.5,1338,2022,2022-08
560,Kevin Hardy,The Dream Strategy,Business,Patricia Miller,2022-08-28,2022-09-11,2022-09-20,Returned,Good,4.5,9,2022,2022-08
1280,Kiara Mullins,Path Goes to School,Children,Patricia Miller,2022-08-26,2022-09-09,2022-09-16,Returned,Good,3.5,7,2022,2022-08
1362,Alexander King,Fire in Business,Business,Danielle Johnson,2022-08-25,2022-09-08,2022-09-06,Returned,Good,0.0,0,2022,2022-08
1152,Zachary Mccoy,Murder at Millbrook,Mystery,Joshua Walker,2022-08-23,2022-09-06,2022-09-02,Returned,Good,0.0,0,2022,2022-08
450,Tina Ferguson,Mountain: A Chronicle,History,Jill Rhodes,2022-08-23,2022-09-06,2022-08-25,Returned,Good,0.0,0,2022,2022-08
1932,Matthew Miranda,Leading with Path,Business,Patricia Miller,2022-08-22,2022-09-05,2022-09-21,Returned,Good,8.0,16,2022,2022-08
318,Tina Ferguson,Murder at Westgate,Mystery,Danielle Johnson,2022-08-22,2022-09-05,2022-09-06,Returned,Good,0.5,1,2022,2022-08
213,Steven Frye,My First Fire,Children,Danielle Johnson,2022-08-22,2022-09-05,2022-09-13,Returned,Good,4.0,8,2022,2022-08
1695,Brian Baker,The History of Light,History,Joshua Walker,2022-08-21,2022-09-04,2022-08-31,Returned,Damaged,0.0,0,2022,2022-08
1568,Ann Rodriguez,Darren Huynh: A Memoir,Biography,Jill Rhodes,2022-08-20,2022-09-03,2022-09-17,Returned,Good,7.0,14,2022,2022-08
965,Julie Hernandez,The Power of Mountain,Self-Help,Danielle Johnson,2022-08-20,2022-09-03,2022-09-07,Returned,Good,2.0,4,2022,2022-08
102,Catherine Morris,The Last Ocean,Fiction,Joshua Walker,2022-08-20,2022-09-03,2022-09-17,Returned,Good,7.0,14,2022,2022-08
1842,Rachel Greene,The Case of the Dark Mountain,Mystery,Danielle Johnson,2022-08-19,2022-09-02,2022-09-06,Returned,Good,2.0,4,2022,2022-08
1533,Jesus Baker,The Case of the Hidden Shadow,Mystery,Danielle Johnson,2022-08-19,2022-09-02,,Active,,673.5,1348,2022,2022-08
1278,Edward Cuevas,The Science of Mountain,Science,Joshua Walker,2022-08-19,2022-09-02,,Active,,673.5,1348,2022,2022-08
1470,Adam Macias,Nicolas Brown: A Memoir,Biography,Patricia Miller,2022-08-17,2022-08-31,,Active,,674.5,1350,2022,2022-08
917,Paul White,Star and Meaning,Philosophy,Jill Rhodes,2022-08-17,2022-08-31,2022-08-18,Returned,Good,0.0,0,2022,2022-08
1490,Linda Wolfe,The Life of Dawn Martinez,Biography,Jill Rhodes,2022-08-16,2022-08-30,2022-08-21,Returned,Good,0.0,0,2022,2022-08
116,Rebecca Martin,Star Every Day,Self-Help,Jill Rhodes,2022-08-15,2022-08-29,2022-08-20,Returned,Good,0.0,0,2022,2022-08
957,Brandon Flynn,In the Words of Angela Robinson,Biography,Joshua Walker,2022-08-14,2022-08-28,2022-09-02,Returned,Good,2.5,5,2022,2022-08
948,Peter Gamble,When Ocean Falls,Fiction,Danielle Johnson,2022-08-14,2022-08-28,,Active,,676.0,1353,2022,2022-08
257,Amy Lopez,Principles of Dream,Science,Jill Rhodes,2022-08-13,2022-08-27,,Active,,676.5,1354,2022,2022-08
1214,Sarah Gibson,The Last Ocean,Fiction,Danielle Johnson,2022-08-12,2022-08-26,2022-08-31,Returned,Good,2.5,5,2022,2022-08
1012,Kathryn Weaver,In the Words of David Cooper,Biography,Patricia Miller,2022-08-12,2022-08-26,2022-08-19,Returned,Damaged,0.0,0,2022,2022-08
791,Sarah Gibson,The Life of Matthew Evans,Biography,Danielle Johnson,2022-08-12,2022-08-26,2022-09-04,Returned,Good,4.5,9,2022,2022-08
364,Cynthia Faulkner,The Last Light,Fiction,Danielle Johnson,2022-08-12,2022-08-26,2022-08-20,Returned,Good,0.0,0,2022,2022-08
205,John Davis,The History of Storm,History,Danielle Johnson,2022-08-12,2022-08-26,2022-09-15,Returned,Lost,10.0,20,2022,2022-08
897,Kimberly Bryant,Thinking About Light,Philosophy,Jill Rhodes,2022-08-11,2022-08-25,,Active,,677.5,1356,2022,2022-08
1627,Karen Evans,Understanding Ocean,Science,Jill Rhodes,2022-08-09,2022-08-23,2022-08-21,Returned,Good,0.0,0,2022,2022-08
1369,Wendy Sanders,My First Mountain,Children,Robert Johnson,2022-08-09,2022-08-23,2022-08-27,Returned,Damaged,2.0,4,2022,2022-08
159,Anthony Alvarez,The Adventures of Ocean,Children,Jill Rhodes,2022-08-09,2022-08-23,2022-09-03,Returned,Good,5.5,11,2022,2022-08
1939,Susan Hall,A Story of Mountain,Fiction,Jill Rhodes,2022-08-07,2022-08-21,,Active,,679.5,1360,2022,2022-08
50,Frank Perez,The Shadow Strategy,Business,Joshua Walker,2022-08-07,2022-08-21,2022-08-13,Returned,Good,0.0,0,2022,2022-08
939,Hannah Bowers,The Science of Shadow,Science,Robert Johnson,2022-08-06,2022-08-20,2022-08-31,Returned,Damaged,5.5,11,2022,2022-08
815,Brian Simmons,Ocean and Meaning,Philosophy,Danielle Johnson,2022-08-05,2022-08-19,2022-08-07,Returned,Good,0.0,0,2022,2022-08
1538,Joshua Evans,Murder at Riverdale,Mystery,Robert Johnson,2022-08-04,2022-08-18,2022-08-21,Returned,Good,1.5,3,2022,2022-08
1310,Daniel Diaz,My First Ocean,Children,Danielle Johnson,2022-08-04,2022-08-18,2022-08-09,Returned,Good,0.0,0,2022,2022-08
1171,Wendy Sanders,The Rise of Star,History,Joshua Walker,2022-08-04,2022-08-18,,Active,,681.0,1363,2022,2022-08
1097,Catherine Hamilton,The Last Fire,Fiction,Patricia Miller,2022-08-03,2022-08-17,2022-09-06,Returned,Good,10.0,20,2022,2022-08
682,Nathan Richards,The Life of Cynthia Gregory,Biography,Joshua Walker,2022-08-03,2022-08-17,2022-08-06,Returned,Good,0.0,0,2022,2022-08
126,Jennifer Garcia,Fire in Business,Business,Patricia Miller,2022-08-02,2022-08-16,2022-08-14,Returned,Good,0.0,0,2022,2022-08
1667,Linda Wolfe,In the Words of Amanda Sharp,Biography,Joshua Walker,2022-08-01,2022-08-15,2022-08-02,Returned,Good,0.0,0,2022,2022-08
1054,Deborah Dawson,The Philosophy of Dream,Philosophy,Robert Johnson,2022-07-31,2022-08-14,2022-08-08,Returned,Good,0.0,0,2022,2022-07
1067,Angela Gonzales,The Storm Handbook,Technology,Patricia Miller,2022-07-30,2022-08-13,2022-08-19,Returned,Good,3.0,6,2022,2022-07
954,Sandra Romero,The Power of Storm,Self-Help,Jill Rhodes,2022-07-30,2022-08-13,2022-08-26,Returned,Good,6.5,13,2022,2022-07
92,Kathryn Weaver,The Philosophy of Dream,Philosophy,Joshua Walker,2022-07-29,2022-08-12,2022-08-07,Returned,Good,0.0,0,2022,2022-07
430,Luis Acosta,The Philosophy of Light,Philosophy,Robert Johnson,2022-07-28,2022-08-11,2022-08-08,Returned,Good,0.0,0,2022,2022-07
1921,Dylan Jackson,Finding Leslie Sims,Biography,Danielle Johnson,2022-07-27,2022-08-10,2022-08-14,Returned,Good,2.0,4,2022,2022-07
1489,Ryan Swanson,Shadow and Meaning,Philosophy,Danielle Johnson,2022-07-27,2022-08-10,2022-08-18,Returned,Good,4.0,8,2022,2022-07
1109,Timothy Gibson,Dream Explained,Science,Robert Johnson,2022-07-26,2022-08-09,2022-08-21,Returned,Good,6.0,12,2022,2022-07
916,Andrea Jones,The Storm Handbook,Technology,Robert Johnson,2022-07-26,2022-08-09,2022-08-12,Returned,Damaged,1.5,3,2022,2022-07
57,John Davis,The River Strategy,Business,Robert Johnson,2022-07-26,2022-08-09,2022-08-12,Returned,Good,1.5,3,2022,2022-07
804,Steven Lara,The Science of Dream,Science,Jill Rhodes,2022-07-25,2022-08-08,2022-08-20,Returned,Good,6.0,12,2022,2022-07
488,Jose Williams,Leading with Ocean,Business,Patricia Miller,2022-07-25,2022-08-08,,Active,,686.0,1373,2022,2022-07
28,Erica Cruz,The Power of Storm,Self-Help,Joshua Walker,2022-07-25,2022-08-08,2022-08-20,Returned,Good,6.0,12,2022,2022-07
1632,Brian Simmons,The Last Dream,Fiction,Robert Johnson,2022-07-22,2022-08-05,,Active,,687.5,1376,2022,2022-07
870,Erica Dillon,Modern Storm,Technology,Danielle Johnson,2022-07-20,2022-08-03,2022-08-04,Returned,Good,0.5,1,2022,2022-07
1000,John Wise,My First Mountain,Children,Patricia Miller,2022-07-19,2022-08-02,,Active,,689.0,1379,2022,2022-07
317,Tracey Wilson,Murder at Ashford,Mystery,Jill Rhodes,2022-07-19,2022-08-02,2022-07-30,Returned,Good,0.0,0,2022,2022-07
123,Jennifer Brock,In the Words of Mark Garner,Biography,Robert Johnson,2022-07-18,2022-08-01,2022-08-02,Returned,Good,0.5,1,2022,2022-07
1956,Laura Hansen,Ocean and Meaning,Philosophy,Robert Johnson,2022-07-16,2022-07-30,2022-07-31,Returned,Good,0.5,1,2022,2022-07
1620,Edward Reyes,Shadow Explained,Science,Jill Rhodes,2022-07-15,2022-07-29,2022-08-18,Returned,Good,10.0,20,2022,2022-07
734,Tina King,Dream in Business,Business,Robert Johnson,2022-07-15,2022-07-29,2022-07-18,Returned,Good,0.0,0,2022,2022-07
757,John Wise,The Life of Gina Pace,Biography,Jill Rhodes,2022-07-14,2022-07-28,2022-08-08,Returned,Good,5.5,11,2022,2022-07
1593,Paula Dominguez,Mastering Fire,Technology,Joshua Walker,2022-07-11,2022-07-25,2022-08-06,Returned,Good,6.0,12,2022,2022-07
1517,Brandon Kim,Little Shadow,Children,Danielle Johnson,2022-07-10,2022-07-24,,Active,,693.5,1388,2022,2022-07
1055,Joshua Evans,Ocean Explained,Science,Joshua Walker,2022-07-10,2022-07-24,2022-08-03,Returned,Damaged,5.0,10,2022,2022-07
1502,Yolanda Smith,Mastering Fire,Technology,Robert Johnson,2022-07-08,2022-07-22,,Active,,694.5,1390,2022,2022-07
1094,Brittany Hood,Principles of Storm,Science,Joshua Walker,2022-07-08,2022-07-22,2022-07-27,Returned,Good,2.5,5,2022,2022-07
105,Jennifer Coleman,Principles of Storm,Science,Patricia Miller,2022-07-07,2022-07-21,2022-07-29,Returned,Damaged,4.0,8,2022,2022-07
1361,Shannon Richardson,When Dream Falls,Fiction,Jill Rhodes,2022-07-05,2022-07-19,2022-07-19,Returned,Good,0.0,0,2022,2022-07
1288,Jeffrey Morgan,A Story of Mountain,Fiction,Patricia Miller,2022-07-04,2022-07-18,2022-07-26,Returned,Damaged,4.0,8,2022,2022-07
880,Tracy Griffin,Finding John Lucero,Biography,Jill Rhodes,2022-07-04,2022-07-18,2022-07-09,Returned,Good,0.0,0,2022,2022-07
93,Sarah Gibson,The Last Fire,Fiction,Joshua Walker,2022-07-04,2022-07-18,2022-08-05,Returned,Good,9.0,18,2022,2022-07
37,Timothy Hinton,A Story of Path,Fiction,Danielle Johnson,2022-07-04,2022-07-18,2022-07-27,Returned,Good,4.5,9,2022,2022-07
1587,Randy Brooks,Finding Angel Harris,Biography,Patricia Miller,2022-07-02,2022-07-16,2022-07-17,Returned,Good,0.5,1,2022,2022-07
496,Kevin Hardy,The History of Storm,History,Joshua Walker,2022-07-02,2022-07-16,,Active,,697.5,1396,2022,2022-07
255,Jennifer Wilson,Leading with Ocean,Business,Jill Rhodes,2022-07-02,2022-07-16,2022-08-04,Returned,Good,9.5,19,2022,2022-07
268,Diana Mitchell,My First Mountain,Children,Robert Johnson,2022-07-01,2022-07-15,2022-07-06,Returned,Good,0.0,0,2022,2022-07
1265,Gary Richardson,The Science of Dream,Science,Jill Rhodes,2022-06-27,2022-07-11,,Active,,700.0,1401,2022,2022-06
1217,Christopher Jordan,Finding Autumn Gallagher,Biography,Jill Rhodes,2022-06-25,2022-07-09,,Active,,701.0,1403,2022,2022-06
798,Matthew Miranda,Thinking About Shadow,Philosophy,Jill Rhodes,2022-06-25,2022-07-09,2022-07-13,Returned,Good,2.0,4,2022,2022-06
504,Linda Wolfe,Modern Fire,Technology,Patricia Miller,2022-06-25,2022-07-09,2022-07-04,Returned,Good,0.0,0,2022,2022-06
12,Ashley Krause,Dream Every Day,Self-Help,Jill Rhodes,2022-06-25,2022-07-09,2022-07-26,Returned,Good,8.5,17,2022,2022-06
190,Robert Hawkins,The Secret Secret,Mystery,Jill Rhodes,2022-06-24,2022-07-08,2022-07-19,Returned,Good,5.5,11,2022,2022-06
894,Gary Richardson,In the Words of Angela Robinson,Biography,Joshua Walker,2022-06-23,2022-07-07,2022-07-03,Returned,Good,0.0,0,2022,2022-06
702,Andrew Willis,Star Explained,Science,Robert Johnson,2022-06-23,2022-07-07,2022-06-29,Returned,Good,0.0,0,2022,2022-06
585,Timothy Hinton,Thinking About Ocean,Philosophy,Danielle Johnson,2022-06-23,2022-07-07,2022-07-19,Returned,Lost,6.0,12,2022,2022-06
449,Kevin Hardy,Murder at Millbrook,Mystery,Robert Johnson,2022-06-23,2022-07-07,,Active,,702.0,1405,2022,2022-06
539,Jessica Hansen,The Light Handbook,Technology,Robert Johnson,2022-06-21,2022-07-05,2022-07-19,Returned,Good,7.0,14,2022,2022-06
21,Paul Scott,The Shadow Handbook,Technology,Joshua Walker,2022-06-21,2022-07-05,2022-07-18,Returned,Good,6.5,13,2022,2022-06
863,Riley Morgan,The Case of the Silent Fire,Mystery,Patricia Miller,2022-06-20,2022-07-04,,Active,,703.5,1408,2022,2022-06
1947,Michael Turner,The Case of the Forgotten Dream,Mystery,Danielle Johnson,2022-06-18,2022-07-02,2022-06-19,Returned,Good,0.0,0,2022,2022-06
1019,John Wells,Modern Storm,Technology,Patricia Miller,2022-06-17,2022-07-01,2022-07-16,Returned,Good,7.5,15,2022,2022-06
788,Catherine Hamilton,The Ocean Strategy,Business,Robert Johnson,2022-06-14,2022-06-28,2022-06-27,Returned,Good,0.0,0,2022,2022-06
1984,Danielle White,A Story of Path,Fiction,Patricia Miller,2022-06-13,2022-06-27,2022-06-29,Returned,Damaged,1.0,2,2022,2022-06
774,Danielle White,Becoming Secret,Self-Help,Patricia Miller,2022-06-13,2022-06-27,,Active,,707.0,1415,2022,2022-06
120,John Davis,The Power of Shadow,Self-Help,Patricia Miller,2022-06-13,2022-06-27,2022-06-17,Returned,Good,0.0,0,2022,2022-06
1960,Cynthia Benjamin,Alejandro Campbell: A Memoir,Biography,Danielle Johnson,2022-06-12,2022-06-26,2022-06-20,Returned,Good,0.0,0,2022,2022-06
1759,Matthew Castro,My First Mountain,Children,Patricia Miller,2022-06-11,2022-06-25,2022-06-21,Returned,Good,0.0,0,2022,2022-06
995,Omar Padilla,Shadow Explained,Science,Patricia Miller,2022-06-11,2022-06-25,,Active,,708.0,1417,2022,2022-06
547,Michelle Rivera,In the Words of William Griffin,Biography,Joshua Walker,2022-06-10,2022-06-24,2022-06-27,Returned,Good,1.5,3,2022,2022-06
239,Daisy Smith,The Philosophy of River,Philosophy,Robert Johnson,2022-06-10,2022-06-24,,Active,,708.5,1418,2022,2022-06
1787,Ashley Peterson,Fire Goes to School,Children,Joshua Walker,2022-06-09,2022-06-23,2022-06-10,Returned,Good,0.0,0,2022,2022-06
413,Brian Hayes,The Adventures of Star,Children,Danielle Johnson,2022-06-09,2022-06-23,2022-07-10,Returned,Good,8.5,17,2022,2022-06
1382,Jeremiah Peterson,The Power of Dream,Self-Help,Patricia Miller,2022-06-08,2022-06-22,2022-06-17,Returned,Good,0.0,0,2022,2022-06
1323,Matthew Castro,The Life of Eric Carlson,Biography,Joshua Walker,2022-06-08,2022-06-22,2022-06-15,Returned,Good,0.0,0,2022,2022-06
744,Daniel Diaz,The Fire Strategy,Business,Joshua Walker,2022-06-08,2022-06-22,2022-06-09,Returned,Good,0.0,0,2022,2022-06
1296,Paige Alvarez,Missing Shadow,Mystery,Danielle Johnson,2022-06-06,2022-06-20,2022-07-03,Returned,Good,6.5,13,2022,2022-06
1198,Jennifer Coleman,The Science of Storm,Science,Danielle Johnson,2022-06-06,2022-06-20,2022-07-05,Returned,Good,7.5,15,2022,2022-06
1714,Margaret Robertson,In the Words of Daniel Howell,Biography,Danielle Johnson,2022-06-04,2022-06-18,2022-06-05,Returned,Good,0.0,0,2022,2022-06
1853,Diana Mitchell,Murder at Ashford,Mystery,Patricia Miller,2022-06-03,2022-06-17,2022-06-05,Returned,Good,0.0,0,2022,2022-06
1184,Benjamin Wood,The Rise of Light,History,Jill Rhodes,2022-06-03,2022-06-17,2022-06-19,Returned,Good,1.0,2,2022,2022-06
1713,Valerie Jones,When River Falls,Fiction,Joshua Walker,2022-06-02,2022-06-16,2022-06-07,Returned,Good,0.0,0,2022,2022-06
862,Sarah Gibson,Mountain Explained,Science,Patricia Miller,2022-06-02,2022-06-16,2022-06-19,Returned,Good,1.5,3,2022,2022-06
660,Yolanda Smith,The Last Dream,Fiction,Patricia Miller,2022-06-02,2022-06-16,,Active,,712.5,1426,2022,2022-06
1669,Lisa Evans,Yolanda Mccoy: A Memoir,Biography,Robert Johnson,2022-06-01,2022-06-15,2022-07-02,Returned,Damaged,8.5,17,2022,2022-06
976,Jennifer Garcia,When River Falls,Fiction,Robert Johnson,2022-06-01,2022-06-15,2022-06-12,Returned,Good,0.0,0,2022,2022-06
685,Janet Williams,Little Star,Children,Danielle Johnson,2022-06-01,2022-06-15,2022-06-09,Returned,Good,0.0,0,2022,2022-06
1847,John Wells,The Shadow Handbook,Technology,Robert Johnson,2022-05-29,2022-06-12,2022-06-14,Returned,Good,1.0,2,2022,2022-05
835,Tara Webster,The Fire Strategy,Business,Patricia Miller,2022-05-28,2022-06-11,2022-06-16,Returned,Good,2.5,5,2022,2022-05
707,Heather Taylor,Principles of Star,Science,Danielle Johnson,2022-05-27,2022-06-10,2022-06-09,Returned,Good,0.0,0,2022,2022-05
1181,Stephen Madden,Understanding Path,Science,Patricia Miller,2022-05-26,2022-06-09,2022-06-04,Returned,Good,0.0,0,2022,2022-05
1715,Tyler Dixon,The Life of Matthew Evans,Biography,Robert Johnson,2022-05-25,2022-06-08,2022-06-24,Returned,Good,8.0,16,2022,2022-05
1566,Jeremiah Peterson,Becoming Ancient,Self-Help,Joshua Walker,2022-05-25,2022-06-08,,Active,,716.5,1434,2022,2022-05
300,Sandra Romero,Broken Storm,Fiction,Danielle Johnson,2022-05-25,2022-06-08,2022-06-11,Returned,Good,1.5,3,2022,2022-05
724,Wendy Sanders,Mastering Mountain,Technology,Robert Johnson,2022-05-24,2022-06-07,2022-06-17,Returned,Good,5.0,10,2022,2022-05
1622,John Wise,Yolanda Mccoy: A Memoir,Biography,Jill Rhodes,2022-05-23,2022-06-06,,Active,,717.5,1436,2022,2022-05
1700,Michael Turner,Mastering Shadow,Technology,Jill Rhodes,2022-05-22,2022-06-05,2022-06-11,Returned,Good,3.0,6,2022,2022-05
1920,Ann Rodriguez,Understanding Ocean,Science,Patricia Miller,2022-05-19,2022-06-02,2022-06-01,Returned,Good,0.0,0,2022,2022-05
1818,John Davis,River Every Day,Self-Help,Danielle Johnson,2022-05-18,2022-06-01,2022-05-26,Returned,Good,0.0,0,2022,2022-05
1751,Alexander Benson,Hidden Storm,Fiction,Jill Rhodes,2022-05-18,2022-06-01,2022-05-31,Returned,Good,0.0,0,2022,2022-05
1559,Brittany Hood,The History of Storm,History,Robert Johnson,2022-05-17,2022-05-31,2022-06-13,Returned,Good,6.5,13,2022,2022-05
1320,Alexander King,Leading with Mountain,Business,Joshua Walker,2022-05-17,2022-05-31,2022-06-01,Returned,Good,0.5,1,2022,2022-05
397,Valerie Jones,The Science of Star,Science,Patricia Miller,2022-05-17,2022-05-31,2022-06-10,Returned,Good,5.0,10,2022,2022-05
1989,Jeffery Wagner,Mastering Path,Technology,Joshua Walker,2022-05-16,2022-05-30,2022-06-03,Returned,Damaged,2.0,4,2022,2022-05
489,Paula Dominguez,Fire in Business,Business,Robert Johnson,2022-05-16,2022-05-30,2022-06-06,Returned,Good,3.5,7,2022,2022-05
1630,Daniel James,Storm Goes to School,Children,Robert Johnson,2022-05-15,2022-05-29,2022-06-08,Returned,Good,5.0,10,2022,2022-05
1955,Jeremiah Peterson,My First Storm,Children,Joshua Walker,2022-05-14,2022-05-28,2022-05-31,Returned,Good,1.5,3,2022,2022-05
1688,Lisa Evans,In the Words of Allison Adams,Biography,Danielle Johnson,2022-05-14,2022-05-28,2022-05-15,Returned,Damaged,0.0,0,2022,2022-05
1223,Jeremiah Peterson,The Star Handbook,Technology,Jill Rhodes,2022-05-12,2022-05-26,2022-05-29,Returned,Good,1.5,3,2022,2022-05
729,Janet Williams,Missing Mountain,Mystery,Patricia Miller,2022-05-12,2022-05-26,,Active,,723.0,1447,2022,2022-05
720,Christopher Fry,Stacy Mcbride: A Memoir,Biography,Patricia Miller,2022-05-11,2022-05-25,2022-05-24,Returned,Good,0.0,0,2022,2022-05
1993,Frank Perez,Dream and Meaning,Philosophy,Danielle Johnson,2022-05-10,2022-05-24,2022-06-01,Returned,Good,4.0,8,2022,2022-05
1289,Travis Watts,A Story of Dream,Fiction,Robert Johnson,2022-05-10,2022-05-24,2022-06-13,Returned,Good,10.0,20,2022,2022-05
321,John Scott,Lost Ocean,History,Jill Rhodes,2022-05-10,2022-05-24,2022-05-20,Returned,Good,0.0,0,2022,2022-05
1727,Riley Morgan,Dream Explained,Science,Danielle Johnson,2022-05-09,2022-05-23,2022-05-13,Returned,Good,0.0,0,2022,2022-05
1016,Robert Silva,Lost Dream,History,Patricia Miller,2022-05-08,2022-05-22,,Active,,725.0,1451,2022,2022-05
602,Charlene Hahn,Little Fire,Children,Danielle Johnson,2022-05-08,2022-05-22,2022-05-17,Returned,Good,0.0,0,2022,2022-05
256,Stacy Holloway,The Adventures of Shadow,Children,Jill Rhodes,2022-05-08,2022-05-22,2022-05-12,Returned,Good,0.0,0,2022,2022-05
1619,Jeffrey Morgan,The Life of John Wang,Biography,Robert Johnson,2022-05-05,2022-05-19,,Active,,726.5,1454,2022,2022-05
1283,Jennifer Brock,My First Mountain,Children,Patricia Miller,2022-05-05,2022-05-19,2022-05-26,Returned,Good,3.5,7,2022,2022-05
1499,Tracey Wilson,Modern Storm,Technology,Robert Johnson,2022-05-04,2022-05-18,,Active,,727.0,1455,2022,2022-05
1096,Melissa Rivas,Murder at Millbrook,Mystery,Patricia Miller,2022-05-04,2022-05-18,2022-05-18,Returned,Good,0.0,0,2022,2022-05
106,James Stewart,River: A Chronicle,History,Danielle Johnson,2022-05-03,2022-05-17,2022-05-13,Returned,Good,0.0,0,2022,2022-05
830,Andrea Stephens,Mastering Mountain,Technology,Patricia Miller,2022-05-01,2022-05-15,,Active,,728.5,1458,2022,2022-05
626,Tracy Griffin,Mastering River,Technology,Joshua Walker,2022-05-01,2022-05-15,2022-05-22,Returned,Good,3.5,7,2022,2022-05
881,Jesus Baker,Finding Leslie Sims,Biography,Robert Johnson,2022-04-28,2022-05-12,2022-05-17,Returned,Good,2.5,5,2022,2022-04
32,Diana Mitchell,The Secret Secret,Mystery,Robert Johnson,2022-04-28,2022-05-12,,Active,,730.0,1461,2022,2022-04
1943,Anthony Alvarez,Dream Explained,Science,Jill Rhodes,2022-04-27,2022-05-11,2022-05-25,Returned,Good,7.0,14,2022,2022-04
841,Andrew Smith,Mastering River,Technology,Joshua Walker,2022-04-26,2022-05-10,2022-05-27,Returned,Good,8.5,17,2022,2022-04
312,Natasha Decker,The Power of Mountain,Self-Help,Jill Rhodes,2022-04-25,2022-05-09,2022-04-28,Returned,Good,0.0,0,2022,2022-04
95,Laura Martin,Understanding Fire,Science,Joshua Walker,2022-04-25,2022-05-09,2022-05-21,Returned,Good,6.0,12,2022,2022-04
1481,Janet Williams,My First Mountain,Children,Patricia Miller,2022-04-24,2022-05-08,,Active,,732.0,1465,2022,2022-04
1154,Dylan Jackson,When Dream Falls,Fiction,Patricia Miller,2022-04-24,2022-05-08,,Active,,732.0,1465,2022,2022-04
667,Edward Reyes,James Lee: A Memoir,Biography,Patricia Miller,2022-04-23,2022-05-07,2022-05-21,Returned,Good,7.0,14,2022,2022-04
1783,Michael Bruce,Fire and Meaning,Philosophy,Patricia Miller,2022-04-22,2022-05-06,2022-05-07,Returned,Good,0.5,1,2022,2022-04
281,Brittany Hood,Principles of Star,Science,Jill Rhodes,2022-04-22,2022-05-06,2022-04-30,Returned,Good,0.0,0,2022,2022-04
236,Tracey Wilson,When River Falls,Fiction,Patricia Miller,2022-04-21,2022-05-05,2022-05-17,Returned,Good,6.0,12,2022,2022-04
1918,Cindy Jimenez,The Philosophy of Star,Philosophy,Jill Rhodes,2022-04-19,2022-05-03,2022-05-14,Returned,Damaged,5.5,11,2022,2022-04
516,Brian Simmons,Leading with River,Business,Patricia Miller,2022-04-19,2022-05-03,2022-04-23,Returned,Good,0.0,0,2022,2022-04
770,John Wells,Mastering Path,Technology,Joshua Walker,2022-04-17,2022-05-01,2022-04-27,Returned,Damaged,0.0,0,2022,2022-04
668,Melanie Young,My First Shadow,Children,Robert Johnson,2022-04-17,2022-05-01,2022-05-12,Returned,Good,5.5,11,2022,2022-04
1938,Susan Hall,A Story of River,Fiction,Patricia Miller,2022-04-16,2022-04-30,,Active,,736.0,1473,2022,2022-04
1917,Brandi Bender,The Shadow Handbook,Technology,Patricia Miller,2022-04-16,2022-04-30,2022-04-26,Returned,Damaged,0.0,0,2022,2022-04
1237,Regina Turner,The Hidden Secret,Mystery,Robert Johnson,2022-04-16,2022-04-30,2022-05-20,Returned,Good,10.0,20,2022,2022-04
356,Kristine Lane,A Story of Ocean,Fiction,Jill Rhodes,2022-04-16,2022-04-30,2022-05-10,Returned,Good,5.0,10,2022,2022-04
1718,Johnathan Gilbert,Becoming Lost,Self-Help,Joshua Walker,2022-04-13,2022-04-27,2022-05-08,Returned,Good,5.5,11,2022,2022-04
497,Sara Little,Ocean Explained,Science,Joshua Walker,2022-04-12,2022-04-26,2022-05-10,Returned,Good,7.0,14,2022,2022-04
198,Sean Montes,When Mountain Falls,Fiction,Joshua Walker,2022-04-11,2022-04-25,2022-04-15,Returned,Good,0.0,0,2022,2022-04
401,Melissa Estrada,Mountain in Practice,Technology,Jill Rhodes,2022-04-10,2022-04-24,2022-05-14,Returned,Good,10.0,20,2022,2022-04
1086,Sandra Romero,Thinking About Storm,Philosophy,Joshua Walker,2022-04-08,2022-04-22,,Active,,740.0,1481,2022,2022-04
64,Amy Lopez,The Last Dream,Fiction,Robert Johnson,2022-04-08,2022-04-22,2022-04-19,Returned,Good,0.0,0,2022,2022-04
808,Rebecca Martin,Little Shadow,Children,Jill Rhodes,2022-04-04,2022-04-18,,Active,,742.0,1485,2022,2022-04
616,Luis Acosta,Mountain Explained,Science,Robert Johnson,2022-04-04,2022-04-18,,Active,,742.0,1485,2022,2022-04
512,Deborah Parker,Mastering Star,Technology,Jill Rhodes,2022-04-01,2022-04-15,,Active,,743.5,1488,2022,2022-04
228,Daniel James,The Rise of Mountain,History,Jill Rhodes,2022-04-01,2022-04-15,2022-04-07,Returned,Good,0.0,0,2022,2022-04
415,Andrea Jones,Murder at Clearwater,Mystery,Jill Rhodes,2022-03-30,2022-04-13,2022-03-31,Returned,Good,0.0,0,2022,2022-03
9,Charlene Hahn,The Philosophy of Dream,Philosophy,Joshua Walker,2022-03-30,2022-04-13,2022-04-10,Returned,Good,0.0,0,2022,2022-03
1849,Tracy Griffin,Master Your River,Self-Help,Patricia Miller,2022-03-29,2022-04-12,,Active,,745.0,1491,2022,2022-03
1781,Christopher Fry,Murder at Stonehaven,Mystery,Danielle Johnson,2022-03-27,2022-04-10,2022-04-03,Returned,Good,0.0,0,2022,2022-03
1631,Lawrence Floyd,The Last Fire,Fiction,Patricia Miller,2022-03-27,2022-04-10,2022-04-27,Returned,Good,8.5,17,2022,2022-03
180,Jennifer Coleman,Understanding Path,Science,Patricia Miller,2022-03-27,2022-04-10,2022-04-21,Returned,Good,5.5,11,2022,2022-03
380,Brandon Flynn,The Science of Shadow,Science,Patricia Miller,2022-03-24,2022-04-07,2022-04-01,Returned,Good,0.0,0,2022,2022-03
346,Janet Williams,The Dream Strategy,Business,Danielle Johnson,2022-03-24,2022-04-07,,Active,,747.5,1496,2022,2022-03
1830,Robert Hawkins,Murder at Riverdale,Mystery,Joshua Walker,2022-03-23,2022-04-06,2022-04-14,Returned,Good,4.0,8,2022,2022-03
1765,Rebecca Martin,Becoming Ancient,Self-Help,Robert Johnson,2022-03-22,2022-04-05,,Active,,748.5,1498,2022,2022-03
1951,Karen Evans,Murder at Stonehaven,Mystery,Danielle Johnson,2022-03-21,2022-04-04,,Active,,749.0,1499,2022,2022-03
1274,John Davis,Shadow in Business,Business,Joshua Walker,2022-03-21,2022-04-04,2022-04-07,Returned,Good,1.5,3,2022,2022-03
1970,Margaret Turner,The Storm Handbook,Technology,Patricia Miller,2022-03-20,2022-04-03,2022-04-13,Returned,Good,5.0,10,2022,2022-03
1796,Melanie Young,The Dream Handbook,Technology,Danielle Johnson,2022-03-18,2022-04-01,2022-04-17,Returned,Good,8.0,16,2022,2022-03
1580,Thomas Carlson,The Last Ocean,Fiction,Robert Johnson,2022-03-18,2022-04-01,,Active,,750.5,1502,2022,2022-03
1358,Johnathan Gilbert,Modern Storm,Technology,Joshua Walker,2022-03-17,2022-03-31,,Active,,751.0,1503,2022,2022-03
1081,Joshua Evans,The Science of Fire,Science,Patricia Miller,2022-03-17,2022-03-31,,Active,,751.0,1503,2022,2022-03
1775,Ann Rodriguez,A Story of River,Fiction,Robert Johnson,2022-03-15,2022-03-29,2022-04-16,Returned,Good,9.0,18,2022,2022-03
1656,Danielle White,Thinking About Fire,Philosophy,Robert Johnson,2022-03-15,2022-03-29,2022-03-22,Returned,Good,0.0,0,2022,2022-03
202,Bryan Wiggins,My First Mountain,Children,Jill Rhodes,2022-03-15,2022-03-29,2022-04-04,Returned,Good,3.0,6,2022,2022-03
215,Julie Hernandez,Star in Business,Business,Patricia Miller,2022-03-14,2022-03-28,2022-04-14,Returned,Good,8.5,17,2022,2022-03
1294,Heather Taylor,The Storm Handbook,Technology,Joshua Walker,2022-03-11,2022-03-25,2022-03-19,Returned,Good,0.0,0,2022,2022-03
1836,Morgan Alexander,The Case of the Hidden Shadow,Mystery,Patricia Miller,2022-03-10,2022-03-24,2022-04-07,Returned,Good,7.0,14,2022,2022-03
347,Brittany Hood,The Star Strategy,Business,Robert Johnson,2022-03-10,2022-03-24,2022-04-05,Returned,Good,6.0,12,2022,2022-03
442,Timothy Carroll,The Last Storm,Fiction,Danielle Johnson,2022-03-09,2022-03-23,2022-03-29,Returned,Damaged,3.0,6,2022,2022-03
414,Ann Rodriguez,Leading with Ocean,Business,Danielle Johnson,2022-03-09,2022-03-23,2022-04-11,Returned,Good,9.5,19,2022,2022-03
1186,Sabrina Weaver,Leading with River,Business,Danielle Johnson,2022-03-08,2022-03-22,2022-03-25,Returned,Good,1.5,3,2022,2022-03
340,Danielle White,Star and Meaning,Philosophy,Joshua Walker,2022-03-07,2022-03-21,2022-03-11,Returned,Good,0.0,0,2022,2022-03
1964,Linda Jarvis,Dream Explained,Science,Danielle Johnson,2022-03-06,2022-03-20,,Active,,756.5,1514,2022,2022-03
1821,John Scott,Mastering Storm,Technology,Patricia Miller,2022-03-06,2022-03-20,2022-03-29,Returned,Good,4.5,9,2022,2022-03
1211,Kathryn Weaver,On Path,Philosophy,Jill Rhodes,2022-03-06,2022-03-20,2022-03-29,Returned,Damaged,4.5,9,2022,2022-03
1995,Tara Webster,The Storm Handbook,Technology,Jill Rhodes,2022-03-03,2022-03-17,2022-03-28,Returned,Good,5.5,11,2022,2022-03
1529,Brandon Flynn,Understanding Fire,Science,Joshua Walker,2022-03-03,2022-03-17,2022-03-23,Returned,Good,3.0,6,2022,2022-03
243,Kiara Mullins,Becoming Ancient,Self-Help,Patricia Miller,2022-03-03,2022-03-17,2022-03-11,Returned,Good,0.0,0,2022,2022-03
1169,Joyce Malone,The River Handbook,Technology,Danielle Johnson,2022-03-02,2022-03-16,,Active,,758.5,1518,2022,2022-03
584,Timothy Hinton,When Dream Falls,Fiction,Jill Rhodes,2022-03-02,2022-03-16,2022-03-03,Returned,Good,0.0,0,2022,2022-03
1780,Kristen Strickland,The Secret Secret,Mystery,Patricia Miller,2022-03-01,2022-03-15,2022-04-03,Returned,Good,9.5,19,2022,2022-03
987,Alexander Benson,In the Words of Daniel Howell,Biography,Jill Rhodes,2022-02-27,2022-03-13,2022-03-10,Returned,Good,0.0,0,2022,2022-02
594,Melissa Estrada,Missing Shadow,Mystery,Danielle Johnson,2022-02-27,2022-03-13,,Active,,760.0,1521,2022,2022-02
1621,Kiara Mullins,When Ocean Falls,Fiction,Jill Rhodes,2022-02-26,2022-03-12,,Active,,760.5,1522,2022,2022-02
468,Daniel James,Dream Goes to School,Children,Joshua Walker,2022-02-26,2022-03-12,2022-03-18,Returned,Good,3.0,6,2022,2022-02
1380,Daisy Smith,Shadow: A Chronicle,History,Robert Johnson,2022-02-25,2022-03-11,2022-03-09,Returned,Good,0.0,0,2022,2022-02
447,Paul White,The History of Ocean,History,Robert Johnson,2022-02-25,2022-03-11,2022-03-19,Returned,Good,4.0,8,2022,2022-02
1143,Brandi Bender,Thinking About Storm,Philosophy,Robert Johnson,2022-02-24,2022-03-10,,Active,,761.5,1524,2022,2022-02
76,Nicole James,My First Dream,Children,Danielle Johnson,2022-02-23,2022-03-09,2022-03-29,Returned,Good,10.0,20,2022,2022-02
1663,Jose Williams,The History of Dream,History,Patricia Miller,2022-02-21,2022-03-07,,Active,,763.0,1527,2022,2022-02
310,Cody Simmons,The Power of Mountain,Self-Help,Joshua Walker,2022-02-21,2022-03-07,2022-03-09,Returned,Good,1.0,2,2022,2022-02
1771,Jeffery Brock,The Golden Secret,Mystery,Robert Johnson,2022-02-19,2022-03-05,2022-03-06,Returned,Good,0.5,1,2022,2022-02
1582,Jennifer Brock,Little Star,Children,Joshua Walker,2022-02-19,2022-03-05,2022-03-13,Returned,Good,4.0,8,2022,2022-02
1177,April Mcintyre,Ocean Explained,Science,Robert Johnson,2022-02-19,2022-03-05,2022-02-26,Returned,Good,0.0,0,2022,2022-02
1784,Barbara Ray,In the Words of Erika Hayes,Biography,Robert Johnson,2022-02-18,2022-03-04,2022-03-04,Returned,Good,0.0,0,2022,2022-02
1774,Valerie Jones,A Story of Path,Fiction,Patricia Miller,2022-02-18,2022-03-04,2022-03-17,Returned,Good,6.5,13,2022,2022-02
1712,Rachel Greene,Master Your Storm,Self-Help,Danielle Johnson,2022-02-17,2022-03-03,,Active,,765.0,1531,2022,2022-02
74,Charlene Hahn,A Story of Storm,Fiction,Joshua Walker,2022-02-17,2022-03-03,2022-03-05,Returned,Good,1.0,2,2022,2022-02
1427,Ann Shea,The Ocean Handbook,Technology,Patricia Miller,2022-02-16,2022-03-02,2022-03-04,Returned,Good,1.0,2,2022,2022-02
154,James Cruz,Understanding River,Science,Patricia Miller,2022-02-16,2022-03-02,2022-03-02,Returned,Good,0.0,0,2022,2022-02
452,Paula Dominguez,Mountain Every Day,Self-Help,Robert Johnson,2022-02-15,2022-03-01,,Active,,766.0,1533,2022,2022-02
688,Randy Velasquez,Master Your Star,Self-Help,Joshua Walker,2022-02-14,2022-02-28,2022-03-03,Returned,Damaged,1.5,3,2022,2022-02
108,Stephen Madden,My First Ocean,Children,Joshua Walker,2022-02-13,2022-02-27,2022-03-08,Returned,Good,4.5,9,2022,2022-02
1903,Travis Watts,Becoming Secret,Self-Help,Robert Johnson,2022-02-12,2022-02-26,2022-02-16,Returned,Good,0.0,0,2022,2022-02
1891,Linda Jarvis,Fire and Meaning,Philosophy,Patricia Miller,2022-02-11,2022-02-25,2022-03-12,Returned,Damaged,7.5,15,2022,2022-02
1707,Zachary Mccoy,A Story of Light,Fiction,Robert Johnson,2022-02-09,2022-02-23,2022-02-22,Returned,Damaged,0.0,0,2022,2022-02
631,Tracy Griffin,The Secret Secret,Mystery,Joshua Walker,2022-02-08,2022-02-22,2022-02-15,Returned,Good,0.0,0,2022,2022-02
113,Dylan Jackson,The River Strategy,Business,Joshua Walker,2022-02-08,2022-02-22,2022-03-04,Returned,Good,5.0,10,2022,2022-02
548,Morgan Alexander,Path: A Chronicle,History,Robert Johnson,2022-02-06,2022-02-20,2022-02-14,Returned,Good,0.0,0,2022,2022-02
1221,Danielle Dean,When Dream Falls,Fiction,Patricia Miller,2022-02-05,2022-02-19,2022-03-07,Returned,Good,8.0,16,2022,2022-02
1762,Ryan Swanson,Thinking About Fire,Philosophy,Jill Rhodes,2022-02-04,2022-02-18,2022-02-25,Returned,Good,3.5,7,2022,2022-02
1227,Lori Davis,Principles of Star,Science,Jill Rhodes,2022-02-03,2022-02-17,2022-02-26,Returned,Good,4.5,9,2022,2022-02
749,Timothy Gibson,A Story of River,Fiction,Danielle Johnson,2022-02-02,2022-02-16,2022-02-03,Returned,Good,0.0,0,2022,2022-02
1130,Cynthia Faulkner,Dream Explained,Science,Jill Rhodes,2022-02-01,2022-02-15,2022-02-15,Returned,Good,0.0,0,2022,2022-02
1197,Kimberly Bryant,Little Star,Children,Danielle Johnson,2022-01-31,2022-02-14,,Active,,773.5,1548,2022,2022-01
1031,Dana Cox,Murder at Millbrook,Mystery,Robert Johnson,2022-01-30,2022-02-13,2022-02-23,Returned,Good,5.0,10,2022,2022-01
1573,Barbara Ray,The Shadow Strategy,Business,Danielle Johnson,2022-01-27,2022-02-10,2022-02-28,Returned,Good,9.0,18,2022,2022-01
405,James Washington,Master Your Ocean,Self-Help,Joshua Walker,2022-01-27,2022-02-10,2022-02-15,Returned,Good,2.5,5,2022,2022-01
119,Dylan Becker,Principles of River,Science,Danielle Johnson,2022-01-27,2022-02-10,,Active,,775.5,1552,2022,2022-01
1411,Nicole James,The Power of Storm,Self-Help,Robert Johnson,2022-01-26,2022-02-09,2022-02-16,Returned,Good,3.5,7,2022,2022-01
787,Alexander Benson,My First Mountain,Children,Joshua Walker,2022-01-26,2022-02-09,2022-02-01,Returned,Good,0.0,0,2022,2022-01
1728,Gary Richardson,Thinking About Shadow,Philosophy,Patricia Miller,2022-01-25,2022-02-08,,Active,,776.5,1554,2022,2022-01
988,Tina Ferguson,In the Words of William Griffin,Biography,Robert Johnson,2022-01-23,2022-02-06,2022-02-12,Returned,Good,3.0,6,2022,2022-01
1819,Steven Lara,Broken River,Fiction,Patricia Miller,2022-01-22,2022-02-05,2022-02-11,Returned,Good,3.0,6,2022,2022-01
1024,Kaitlyn Navarro,The Ocean Handbook,Technology,Patricia Miller,2022-01-21,2022-02-04,2022-02-03,Returned,Good,0.0,0,2022,2022-01
950,Deborah Dawson,Lost Dream,History,Danielle Johnson,2022-01-20,2022-02-03,,Active,,779.0,1559,2022,2022-01
643,Michael Rodriguez,The Adventures of Storm,Children,Danielle Johnson,2022-01-20,2022-02-03,2022-02-16,Returned,Good,6.5,13,2022,2022-01
1128,Linda Jarvis,Murder at Ashford,Mystery,Danielle Johnson,2022-01-18,2022-02-01,2022-01-28,Returned,Good,0.0,0,2022,2022-01
1364,Sandra Romero,The Light Handbook,Technology,Jill Rhodes,2022-01-17,2022-01-31,2022-02-17,Returned,Good,8.5,17,2022,2022-01
588,John Dawson,Path and Meaning,Philosophy,Jill Rhodes,2022-01-17,2022-01-31,,Active,,780.5,1562,2022,2022-01
1967,Laura Martin,Little Star,Children,Joshua Walker,2022-01-16,2022-01-30,,Active,,781.0,1563,2022,2022-01
1040,Kevin Hardy,The Rise of Light,History,Patricia Miller,2022-01-16,2022-01-30,,Active,,781.0,1563,2022,2022-01
324,James White,Little Fire,Children,Danielle Johnson,2022-01-15,2022-01-29,2022-01-21,Returned,Good,0.0,0,2022,2022-01
1507,Christine Becker,On Path,Philosophy,Jill Rhodes,2022-01-14,2022-01-28,2022-02-08,Returned,Good,5.5,11,2022,2022-01
1262,Joshua White,In the Words of Karen Martinez,Biography,Joshua Walker,2022-01-14,2022-01-28,2022-01-16,Returned,Good,0.0,0,2022,2022-01
51,Anthony Alvarez,The Science of Dream,Science,Robert Johnson,2022-01-14,2022-01-28,2022-01-17,Returned,Good,0.0,0,2022,2022-01
892,James White,Missing Dream,Mystery,Jill Rhodes,2022-01-13,2022-01-27,2022-02-04,Returned,Good,4.0,8,2022,2022-01
1407,Melanie Young,My First Storm,Children,Jill Rhodes,2022-01-11,2022-01-25,2022-01-13,Returned,Good,0.0,0,2022,2022-01
508,Ann Shea,Shadow in Business,Business,Danielle Johnson,2022-01-11,2022-01-25,2022-02-05,Returned,Good,5.5,11,2022,2022-01
1979,Paul Scott,The Mountain Handbook,Technology,Jill Rhodes,2022-01-09,2022-01-23,2022-01-12,Returned,Good,0.0,0,2022,2022-01
522,Craig Hall,In the Words of William Griffin,Biography,Robert Johnson,2022-01-09,2022-01-23,2022-01-21,Returned,Good,0.0,0,2022,2022-01
930,Paige Alvarez,Missing River,Mystery,Joshua Walker,2022-01-08,2022-01-22,2022-01-22,Returned,Good,0.0,0,2022,2022-01
1273,Shawn Garcia,Light and Meaning,Philosophy,Joshua Walker,2022-01-07,2022-01-21,2022-02-08,Returned,Good,9.0,18,2022,2022-01
1971,Kathy Beard,Star Every Day,Self-Help,Jill Rhodes,2022-01-06,2022-01-20,2022-02-08,Returned,Good,9.5,19,2022,2022-01
1980,Robert Hawkins,The Rise of Ocean,History,Patricia Miller,2022-01-05,2022-01-19,2022-01-10,Returned,Good,0.0,0,2022,2022-01
963,Lori Davis,Finding Karla Willis,Biography,Danielle Johnson,2022-01-05,2022-01-19,,Active,,786.5,1574,2022,2022-01
611,Jennifer Brock,The Case of the Broken River,Mystery,Patricia Miller,2022-01-05,2022-01-19,2022-01-28,Returned,Good,4.5,9,2022,2022-01
1799,Dana Cox,Shadow and Meaning,Philosophy,Patricia Miller,2022-01-04,2022-01-18,,Active,,787.0,1575,2022,2022-01
793,Rebecca Lee,The Power of Mountain,Self-Help,Patricia Miller,2022-01-04,2022-01-18,2022-01-31,Returned,Good,6.5,13,2022,2022-01
935,John Davis,On Light,Philosophy,Danielle Johnson,2022-01-03,2022-01-17,2022-01-27,Returned,Good,5.0,10,2022,2022-01
1930,John Wise,Star Explained,Science,Joshua Walker,2022-01-02,2022-01-16,,Active,,788.0,1577,2022,2022-01
1467,Kathy Beard,Dream Explained,Science,Patricia Miller,2022-01-02,2022-01-16,2022-01-29,Returned,Good,6.5,13,2022,2022-01
915,Tracey Wilson,The Case of the Broken River,Mystery,Danielle Johnson,2022-01-02,2022-01-16,2022-01-23,Returned,Good,3.5,7,2022,2022-01
635,Frank Perez,A Story of Path,Fiction,Joshua Walker,2022-01-02,2022-01-16,2022-02-02,Returned,Good,8.5,17,2022,2022-01
1952,Michael Turner,Light: A Chronicle,History,Robert Johnson,2022-01-01,2022-01-15,,Active,,788.5,1578,2022,2022-01
